# Blender 5.1.1
# www.blender.org
mtllib Başlıksızz0139.mtl
o grass_bush2
v -0.208410 -0.017750 -0.118866
v -0.180348 0.069878 -0.122247
v -0.186680 -0.024294 -0.080418
v -0.158641 0.063348 -0.083784
v -0.119792 0.161537 -0.081254
v -0.145551 0.166564 -0.125374
v -0.074961 0.267887 -0.081996
v -0.029935 0.359523 -0.079161
v -0.096372 0.281834 -0.125963
v -0.059984 0.368482 -0.133967
v -0.114600 0.286455 -0.156601
v -0.090015 0.421118 -0.193711
v -0.089187 0.565499 -0.251325
v -0.054851 0.446884 -0.152215
v -0.055922 0.606890 -0.219074
v -0.101323 0.706305 -0.341478
v -0.009748 0.479861 -0.148175
v 0.038139 0.575128 -0.163049
v 0.009308 0.474641 -0.116813
v 0.021346 0.469337 -0.084215
v 0.058921 0.571940 -0.126676
v 0.043707 0.578096 -0.113707
v 0.057433 0.566070 -0.082644
v 0.090437 0.659395 -0.104738
v 0.102674 0.644356 -0.139573
v 0.079339 0.647757 -0.181820
v 0.221763 0.819754 -0.220881
v 0.177997 0.816332 -0.289273
v 0.103443 0.627133 -0.168515
v 0.077898 0.665076 -0.152744
v 0.226617 0.769988 -0.299733
v 0.176325 0.826735 -0.270491
v 0.194387 0.745848 -0.248390
v 0.164214 0.712317 -0.213975
v 0.133391 0.671389 -0.188458
v 0.101660 0.714033 -0.169319
v 0.126296 0.759662 -0.191469
v 0.150281 0.797894 -0.222516
v -0.409050 0.250669 -0.001002
v -0.224014 -0.046591 0.095600
v -0.399814 0.236342 -0.045077
v -0.218313 -0.055867 0.050910
v -0.298182 0.119222 0.055977
v -0.292855 0.109565 0.011308
v -0.257911 0.039557 0.075610
v -0.252279 0.030210 0.030924
v -0.862784 0.159301 -0.113490
v -0.408257 0.261580 0.039095
v -0.918271 0.364866 -0.020598
v -0.349677 0.192812 0.026401
v -0.351966 0.198494 0.046766
v -0.465937 0.276197 -0.069203
v -0.543042 0.295955 -0.091254
v -0.630262 0.290306 -0.110269
v -0.732981 0.244357 -0.121357
v -0.741735 0.255499 -0.083941
v -0.640451 0.303530 -0.066119
v -0.552935 0.309531 -0.047129
v -0.475467 0.290257 -0.025117
v -0.770701 0.370170 0.008228
v -0.655205 0.358174 0.018020
v -0.559020 0.335996 0.024934
v -0.477632 0.307563 0.031242
v -0.473196 0.302955 -0.010345
v -0.554562 0.331792 -0.017753
v -0.650749 0.353984 -0.025705
v -0.766759 0.366185 -0.031788
v -0.343543 0.181453 -0.018401
v -0.533629 0.022272 0.149990
v -0.203876 -0.042928 0.092110
v -0.537110 0.020787 0.105776
v -0.212777 -0.043605 0.049849
v -0.365056 0.013011 0.129132
v -0.373935 0.011834 0.086865
v -0.284659 -0.010691 0.110675
v -0.293556 -0.011461 0.068413
v -0.788762 -0.344994 0.141005
v -0.523767 0.028597 0.187218
v -0.910199 -0.254743 0.298147
v -0.452298 0.025404 0.140100
v -0.448953 0.026854 0.159734
v -0.610033 0.001425 0.114528
v -0.676227 -0.038383 0.121542
v -0.731537 -0.101456 0.125752
v -0.768016 -0.201146 0.128019
v -0.764970 -0.201165 0.165465
v -0.727908 -0.101332 0.169927
v -0.672651 -0.037831 0.165730
v -0.606556 0.002536 0.158743
v -0.815349 -0.150644 0.286854
v -0.736329 -0.079100 0.262134
v -0.663537 -0.027258 0.236685
v -0.595827 0.010426 0.212517
v -0.607090 0.011766 0.174669
v -0.675477 -0.025612 0.198025
v -0.748696 -0.077416 0.222599
v -0.826654 -0.149293 0.250660
v -0.459712 0.023700 0.096984
v -0.127249 -0.052915 0.070106
v -0.114394 0.031166 0.050069
v -0.150610 -0.042268 0.103993
v -0.137954 0.041969 0.083757
v -0.117932 0.110963 0.061078
v -0.090327 0.181401 0.039740
v -0.095961 0.096277 0.030315
v -0.070388 0.163181 0.011462
v -0.034460 0.221518 -0.007196
v 0.014924 0.269315 -0.015809
v -0.053639 0.239226 0.019417
v -0.003511 0.286615 0.009087
v 0.056842 0.318449 0.011849
v 0.074426 0.301718 -0.011465
v 0.124328 0.335535 0.030249
v 0.215398 0.326138 0.072659
v 0.141268 0.318729 0.008908
v 0.232060 0.308085 0.053999
v 0.327413 0.263066 0.131682
v -0.133321 -0.045039 0.067891
v -0.094989 0.033918 0.064517
v -0.110208 -0.055872 0.102161
v -0.072002 0.023340 0.098941
v -0.041849 0.091455 0.085344
v -0.007195 0.159568 0.065284
v -0.065471 0.097227 0.052627
v -0.031734 0.161097 0.034616
v 0.000826 0.217497 0.005411
v 0.039472 0.258753 -0.035227
v 0.024099 0.216527 0.034761
v 0.061495 0.258457 -0.007177
v 0.103199 0.279528 -0.057459
v 0.082381 0.279365 -0.084122
v 0.150483 0.278996 -0.112252
v 0.208548 0.241628 -0.186531
v 0.130860 0.277612 -0.137716
v 0.190096 0.237637 -0.211130
v 0.255231 0.150195 -0.284898
v -0.093530 -0.056542 0.064298
v -0.049759 0.020606 0.073955
v -0.125596 -0.042712 0.090080
v -0.081872 0.034686 0.099527
v -0.034927 0.095365 0.105079
v 0.018552 0.154393 0.114941
v -0.006567 0.077806 0.080541
v 0.043054 0.133909 0.090976
v 0.099304 0.178084 0.102852
v 0.160158 0.205909 0.125741
v 0.076039 0.198042 0.125416
v 0.138167 0.225453 0.146881
v 0.199323 0.232564 0.179608
v 0.220050 0.213644 0.159777
v 0.255920 0.220918 0.225068
v 0.315579 0.172168 0.293460
v 0.275213 0.201884 0.206796
v 0.333130 0.151681 0.277199
v 0.371410 0.062791 0.369483
v -0.203580 -0.048829 0.078485
v -0.212140 0.039405 0.102694
v -0.233993 -0.043944 0.046083
v -0.242355 0.044529 0.070156
v -0.245660 0.117276 0.101349
v -0.252606 0.190050 0.139933
v -0.216754 0.107680 0.131202
v -0.224571 0.176511 0.166800
v -0.232637 0.235208 0.212247
v -0.250771 0.278696 0.267792
v -0.259083 0.248572 0.186581
v -0.275605 0.292007 0.243332
v -0.302876 0.314817 0.305726
v -0.279543 0.301774 0.328921
v -0.342849 0.317568 0.369978
v -0.404352 0.283873 0.449603
v -0.321260 0.304008 0.391963
v -0.384945 0.268376 0.470475
v -0.471438 0.188721 0.542191
v -0.076268 -0.045036 0.075901
v -0.130508 -0.000151 0.128896
v -0.101380 -0.037295 0.042029
v -0.155577 0.007909 0.095078
v -0.197925 0.040607 0.149008
v -0.243633 0.067972 0.207702
v -0.171422 0.030314 0.178405
v -0.215605 0.056151 0.232795
v -0.255270 0.069742 0.290839
v -0.295670 0.063407 0.347461
v -0.282000 0.081472 0.267154
v -0.321147 0.075134 0.325245
v -0.358500 0.047165 0.375887
v -0.334295 0.035664 0.396710
v -0.395704 -0.000877 0.415638
v -0.432082 -0.091004 0.445737
v -0.372561 -0.012824 0.434711
v -0.409617 -0.104608 0.462411
v -0.441657 -0.232691 0.459125
v -0.050220 -0.044900 0.062161
v -0.087811 0.024146 0.109457
v -0.089513 -0.054825 0.043460
v -0.127112 0.014534 0.090631
v -0.150624 0.072789 0.138685
v -0.174053 0.128746 0.194638
v -0.111380 0.078072 0.154336
v -0.134885 0.130397 0.206834
v -0.149967 0.173435 0.265809
v -0.161948 0.197732 0.333294
v -0.187317 0.172399 0.254162
v -0.197515 0.197426 0.322224
v -0.204452 0.199012 0.393566
v -0.170702 0.198831 0.404024
v -0.211451 0.176828 0.465496
v -0.212517 0.111591 0.548951
v -0.179327 0.175366 0.475271
v -0.181673 0.107407 0.557904
v -0.184526 -0.009455 0.630312
v -0.246668 -0.043563 0.075418
v -0.305278 0.017718 0.050310
v -0.233852 -0.049370 0.034760
v -0.292382 0.012227 0.009642
v -0.348271 0.062632 -0.002536
v -0.411332 0.109848 -0.013591
v -0.357663 0.064389 0.037379
v -0.417043 0.108572 0.025549
v -0.480147 0.142788 0.022195
v -0.548588 0.157931 0.022052
v -0.474749 0.144521 -0.015103
v -0.543547 0.160228 -0.013426
v -0.612163 0.153025 -0.009405
v -0.616846 0.150401 0.024229
v -0.678524 0.123047 -0.006617
v -0.749750 0.050302 0.001233
v -0.682659 0.119340 0.025301
v -0.752982 0.044141 0.031669
v -0.807926 -0.076467 0.033451
v -0.129985 -0.049014 0.059358
v -0.074355 0.018955 0.076507
v -0.158858 -0.033974 0.088265
v -0.103243 0.034276 0.105240
v -0.047149 0.086119 0.116092
v 0.015283 0.134790 0.130707
v -0.022491 0.067809 0.088134
v 0.035681 0.114111 0.103138
v 0.098603 0.147500 0.117760
v 0.163858 0.162682 0.141058
v 0.079309 0.167661 0.143811
v 0.145720 0.182431 0.165579
v 0.208330 0.175917 0.196047
v 0.225350 0.156800 0.172965
v 0.263870 0.149982 0.237040
v 0.317325 0.084108 0.296032
v 0.279497 0.130765 0.215563
v 0.331058 0.063462 0.276456
v 0.357774 -0.041780 0.355198
v -0.226257 -0.038770 0.038064
v -0.256786 0.046305 0.065563
v -0.260672 -0.059494 0.060396
v -0.291425 0.025764 0.087699
v -0.306556 0.102749 0.109562
v -0.315939 0.182662 0.136915
v -0.271846 0.117762 0.087374
v -0.281652 0.192553 0.114243
v -0.277416 0.263841 0.142413
v -0.257409 0.324896 0.180879
v -0.310368 0.254846 0.163804
v -0.289086 0.316906 0.200985
v -0.252845 0.361647 0.247199
v -0.222598 0.368811 0.228285
v -0.205439 0.387060 0.303477
v -0.127367 0.384024 0.379604
v -0.176166 0.392701 0.285895
v -0.098243 0.386873 0.363601
v -0.004338 0.334280 0.455613
v -0.178798 -0.031629 0.044565
v -0.102770 0.023899 0.060479
v -0.182405 -0.041469 0.089819
v -0.106414 0.014404 0.105795
v -0.038095 0.060267 0.107976
v 0.036932 0.102055 0.106739
v -0.038423 0.066084 0.064048
v 0.032553 0.104959 0.064335
v 0.103795 0.133847 0.053858
v 0.177055 0.142194 0.036803
v 0.108087 0.131626 0.094302
v 0.181327 0.140763 0.075309
v 0.250536 0.125785 0.051784
v 0.246323 0.126677 0.015264
v 0.314504 0.086623 0.028024
v 0.376175 0.001941 -0.006325
v 0.310014 0.086207 -0.006662
v 0.370785 -0.001174 -0.039452
v 0.410356 -0.135803 -0.067534
v -0.084032 -0.044772 0.079430
v -0.071790 0.041490 0.090191
v -0.096594 -0.038949 0.039140
v -0.084318 0.047322 0.049893
v -0.073574 0.132918 0.064991
v -0.066016 0.217740 0.080909
v -0.061111 0.127071 0.105307
v -0.053602 0.211880 0.121237
v -0.048899 0.285608 0.138149
v -0.051419 0.393398 0.151732
v -0.061641 0.301785 0.097646
v -0.032662 0.383984 0.187758
v 0.006490 0.514881 0.222210
v -0.062335 0.398136 0.115391
v -0.069227 0.466439 0.132945
v -0.056665 0.460615 0.173235
v -0.093858 0.569927 0.165388
v -0.081296 0.564103 0.205678
v -0.083120 0.455349 0.159830
v -0.044393 0.470266 0.150205
v -0.105789 0.560023 0.189802
v -0.067062 0.574940 0.180177
v -0.264284 -0.039856 0.068170
v -0.274253 0.041248 0.028212
v -0.249931 -0.057774 0.030508
v -0.259873 0.023343 -0.009445
v -0.270981 0.111879 -0.063544
v -0.287223 0.130168 -0.019117
v -0.287364 0.208311 -0.122137
v -0.302915 0.289856 -0.179498
v -0.305189 0.234571 -0.083194
v -0.324003 0.314943 -0.126422
v -0.316120 0.248384 -0.052356
v -0.343675 0.382781 -0.080828
v -0.370464 0.534000 -0.081557
v -0.331725 0.393390 -0.138099
v -0.362416 0.561921 -0.135620
v -0.413899 0.691113 -0.052318
v -0.353314 0.418821 -0.182258
v -0.383534 0.507788 -0.232090
v -0.342433 0.404171 -0.214006
v -0.326201 0.389916 -0.241196
v -0.369745 0.493670 -0.268603
v -0.349679 0.498068 -0.266360
v -0.336455 0.477602 -0.292303
v -0.362918 0.568107 -0.326190
v -0.398555 0.560872 -0.311062
v -0.415114 0.576893 -0.269184
v -0.514193 0.734300 -0.393944
v -0.538263 0.752403 -0.319521
v -0.422782 0.551396 -0.290303
v -0.390351 0.586501 -0.289539
v -0.582274 0.705477 -0.338785
v -0.521891 0.757944 -0.331926
v -0.526223 0.673646 -0.339380
v -0.485277 0.636745 -0.329206
v -0.451466 0.595028 -0.311482
v -0.412048 0.634473 -0.309194
v -0.438871 0.680531 -0.325394
v -0.472828 0.721772 -0.334045
v -0.173788 0.035011 0.009420
v -0.184770 -0.047743 0.049858
v -0.159207 0.052339 0.049554
v -0.152338 0.099767 -0.037163
v -0.116256 0.148434 -0.082177
v -0.138727 0.120530 0.001623
v -0.103401 0.172395 -0.044715
v -0.034669 0.228788 -0.109968
v -0.044487 0.198125 -0.145337
v 0.060516 0.220195 -0.175699
v 0.166068 0.186174 -0.253510
v 0.047457 0.187457 -0.206581
v 0.153455 0.151424 -0.283202
v 0.254930 0.117131 -0.326188
v -0.043016 0.215752 -0.181870
v 0.002780 0.220690 -0.275702
v -0.071033 0.172852 -0.204461
v -0.017718 0.180005 -0.286906
v 0.028905 0.172184 -0.380769
v 0.115340 0.112101 -0.476525
v 0.048603 0.214602 -0.380632
v 0.128914 0.160840 -0.475825
v 0.225051 0.000665 -0.582969
v -0.169394 -0.031288 0.090077
v -0.188595 0.016829 0.117872
v -0.134978 -0.040984 0.082133
v -0.200454 0.029686 0.078580
v -0.243588 0.054633 0.156475
v -0.302677 0.073147 0.190057
v -0.256475 0.070549 0.118688
v -0.316653 0.091838 0.153701
v -0.408999 0.099991 0.198416
v -0.394027 0.074769 0.232066
v -0.493204 0.043521 0.236368
v -0.576472 -0.039729 0.282438
v -0.473875 0.018569 0.266643
v -0.556367 -0.066370 0.311497
v -0.629721 -0.143726 0.326943
v -0.410006 0.083973 0.265157
v -0.466303 0.056446 0.339925
v -0.372642 0.058233 0.291094
v -0.433776 0.030681 0.353901
v -0.484989 -0.007634 0.428265
v -0.544683 -0.106140 0.494387
v -0.519740 0.018511 0.424525
v -0.577305 -0.072106 0.491635
v -0.601769 -0.258029 0.563967
v -0.147059 -0.029175 0.042569
v -0.168204 0.046195 0.052538
v -0.159443 -0.034682 0.083032
v -0.132036 0.041127 0.029535
v -0.190665 0.112315 0.019229
v -0.220675 0.161221 -0.022062
v -0.154246 0.110811 -0.003831
v -0.184116 0.163028 -0.045296
v -0.236261 0.218479 -0.115118
v -0.274033 0.209658 -0.092708
v -0.316931 0.214795 -0.187794
v -0.418774 0.192641 -0.260165
v -0.350860 0.203283 -0.162443
v -0.452485 0.178912 -0.234720
v -0.524150 0.143814 -0.307645
v -0.299190 0.238064 -0.095071
v -0.387298 0.268147 -0.125349
v -0.326034 0.218530 -0.054468
v -0.405588 0.244170 -0.093390
v -0.498213 0.263651 -0.120416
v -0.619421 0.231785 -0.165774
v -0.488465 0.293581 -0.150877
v -0.605626 0.268103 -0.192914
v -0.772406 0.156680 -0.214220
v -0.123686 -0.040685 0.059596
v -0.169309 0.001809 0.096687
v -0.088427 -0.033940 0.080812
v -0.176429 0.004475 0.052704
v -0.244285 0.018469 0.119104
v -0.314373 0.014679 0.139544
v -0.253909 0.023747 0.075871
v -0.326428 0.022269 0.097031
v -0.426038 -0.004083 0.125197
v -0.409874 -0.017703 0.166421
v -0.491166 -0.088567 0.160461
v -0.546778 -0.196943 0.209250
v -0.470269 -0.100470 0.198956
v -0.524216 -0.210244 0.246977
v -0.565881 -0.312324 0.265447
v -0.435965 -0.012079 0.195287
v -0.494817 -0.053385 0.266568
v -0.396936 -0.017585 0.232545
v -0.457556 -0.062305 0.291000
v -0.507342 -0.111658 0.364810
v -0.539558 -0.222167 0.440625
v -0.549170 -0.102171 0.350234
v -0.582718 -0.204245 0.425861
v -0.549202 -0.381421 0.530721
v -0.095281 -0.032385 0.036722
v -0.142985 0.012135 0.027408
v -0.088986 -0.029046 0.079672
v -0.120511 -0.001496 -0.006082
v -0.202507 0.038707 -0.012275
v -0.263501 0.046367 -0.045185
v -0.181419 0.027769 -0.047568
v -0.243821 0.037842 -0.082182
v -0.336108 0.030006 -0.124630
v -0.353985 0.032563 -0.084303
v -0.426282 -0.027875 -0.125933
v -0.525146 -0.102162 -0.106659
v -0.438800 -0.025053 -0.084586
v -0.536480 -0.100933 -0.064363
v -0.605753 -0.181621 -0.056609
v -0.387454 0.049472 -0.084610
v -0.482460 0.042530 -0.068769
v -0.385051 0.056567 -0.033423
v -0.474520 0.041958 -0.026165
v -0.567254 0.028454 -0.000769
v -0.667165 -0.038817 0.051915
v -0.584071 0.033401 -0.040260
v -0.682305 -0.026473 0.009446
v -0.774633 -0.144652 0.140183
v -0.066592 -0.043704 0.046550
v -0.127650 0.031534 0.047718
v -0.094120 -0.042020 0.078385
v -0.100073 0.030049 0.014821
v -0.171774 0.088046 0.019657
v -0.221861 0.125563 -0.012481
v -0.144695 0.090066 -0.013585
v -0.195368 0.130807 -0.046128
v -0.275905 0.167496 -0.098412
v -0.302368 0.155121 -0.064737
v -0.371902 0.141420 -0.140763
v -0.483731 0.093784 -0.174966
v -0.393375 0.127436 -0.105391
v -0.504529 0.077691 -0.139446
v -0.585968 0.022561 -0.183050
v -0.332082 0.178170 -0.060599
v -0.428913 0.188740 -0.062693
v -0.340772 0.159416 -0.012673
v -0.431399 0.166094 -0.025369
v -0.529310 0.165962 -0.022332
v -0.648973 0.108784 -0.024363
v -0.535479 0.193116 -0.055869
v -0.651665 0.143245 -0.056449
v -0.790362 0.003725 -0.016582
v -0.066867 -0.044536 0.045266
v -0.183955 0.055765 0.073055
v -0.189651 -0.029981 0.034533
v -0.174558 0.036179 0.114491
v -0.165287 0.134467 0.095210
v -0.130321 0.201431 0.108059
v -0.157117 0.118178 0.138266
v -0.123138 0.188267 0.152598
v -0.054417 0.276092 0.162621
v -0.058010 0.283241 0.114726
v 0.047873 0.321649 0.126156
v 0.164332 0.359866 0.063748
v 0.040857 0.323951 0.079155
v 0.157876 0.359925 0.016043
v 0.267287 0.371013 -0.024419
v -0.055286 0.323096 0.104605
v -0.001722 0.399094 0.053443
v -0.076977 0.312244 0.053187
v -0.017057 0.380920 0.012173
v 0.038698 0.448554 -0.048671
v 0.140230 0.483433 -0.145355
v 0.053990 0.476423 -0.013400
v 0.148640 0.515000 -0.105709
v 0.271557 0.492895 -0.285174
v -0.179368 -0.050204 0.075465
v -0.210784 0.039372 0.026322
v -0.188321 -0.029059 0.081935
v -0.173610 0.031315 0.001891
v -0.245376 0.090594 -0.026085
v -0.285593 0.121248 -0.080172
v -0.208473 0.086062 -0.051747
v -0.249044 0.119937 -0.107089
v -0.314453 0.144752 -0.189615
v -0.351254 0.138726 -0.161138
v -0.400758 0.106747 -0.253298
v -0.506240 0.047967 -0.308808
v -0.433046 0.099535 -0.221378
v -0.537968 0.038630 -0.276099
v -0.610294 -0.029264 -0.330683
v -0.381637 0.162738 -0.170407
v -0.478740 0.171150 -0.202270
v -0.404703 0.153590 -0.121398
v -0.492678 0.155834 -0.161168
v -0.592739 0.154310 -0.185971
v -0.715614 0.092487 -0.209802
v -0.588465 0.174906 -0.226745
v -0.707946 0.120993 -0.249709
v -0.865125 -0.016984 -0.219870
v -0.151452 -0.038232 0.057413
v -0.087412 0.031989 0.005985
v -0.127482 -0.031801 0.054436
v -0.049182 0.023646 0.027172
v -0.056394 0.078758 -0.050696
v -0.027278 0.105097 -0.112096
v -0.017100 0.073807 -0.030477
v 0.013052 0.103237 -0.092915
v 0.054809 0.121756 -0.189108
v 0.012753 0.116483 -0.207449
v 0.068269 0.079058 -0.291776
v 0.064962 0.015931 -0.406303
v 0.025299 0.072905 -0.304551
v 0.021495 0.007744 -0.418130
v 0.032551 -0.063521 -0.503098
v 0.007432 0.138885 -0.239167
v -0.010053 0.143222 -0.338479
v -0.046092 0.131944 -0.235913
v -0.052686 0.130016 -0.330720
v -0.078016 0.124894 -0.428856
v -0.116981 0.060043 -0.543561
v -0.039995 0.143082 -0.445071
v -0.077844 0.086128 -0.556791
v -0.181991 -0.051518 -0.672763
v -0.089355 -0.041253 0.075366
v -0.155637 -0.006977 0.035960
v -0.081594 -0.048023 0.069918
v -0.129288 0.016069 0.007181
v -0.226511 0.012961 0.001639
v -0.288484 0.014507 -0.039178
v -0.202944 0.038512 -0.027388
v -0.267567 0.042292 -0.068549
v -0.350775 0.026123 -0.136198
v -0.366730 -0.007304 -0.107210
v -0.403773 -0.051976 -0.200253
v -0.455202 -0.159249 -0.260219
v -0.414865 -0.083610 -0.168632
v -0.464319 -0.192128 -0.228437
v -0.485577 -0.283262 -0.292662
v -0.406572 -0.009741 -0.107355
v -0.489996 -0.066228 -0.127746
v -0.405649 -0.038703 -0.060530
v -0.480333 -0.092280 -0.090917
v -0.557754 -0.158867 -0.106833
v -0.612254 -0.284512 -0.135576
v -0.577775 -0.135718 -0.141161
v -0.634753 -0.253471 -0.167296
v -0.651780 -0.464475 -0.161198
v -0.054760 -0.025976 0.040786
v -0.233800 0.045479 0.019303
v -0.252196 -0.049025 0.014318
v -0.245795 0.043476 0.069667
v -0.208808 0.154877 0.021689
v -0.179922 0.263411 0.024781
v -0.221497 0.153015 0.073941
v -0.196645 0.248952 0.077226
v -0.157458 0.371350 0.077412
v -0.117291 0.470250 0.076102
v -0.145921 0.365889 0.023457
v -0.106983 0.462063 0.023467
v -0.124585 0.443432 -0.054380
v -0.129598 0.387537 -0.082418
v -0.101610 0.493904 -0.138596
v -0.051992 0.572003 0.020879
v -0.062780 0.580538 0.074757
v 0.102536 0.779671 -0.030806
v 0.089519 0.789993 0.035310
v -0.262895 -0.050427 0.059787
v -0.075009 0.592965 0.038870
v -0.035969 0.556270 0.053751
v 0.077316 0.801050 -0.012619
v 0.125190 0.755979 0.005379
v -0.043168 0.649794 0.031337
v -0.006633 0.703650 0.019848
v 0.036924 0.752005 0.003054
v 0.082590 0.709028 0.020273
v 0.036824 0.662767 0.036287
v -0.001920 0.611004 0.046997
v -0.570224 0.004300 0.069965
v -0.204939 -0.028370 0.074046
v -0.565762 -0.005006 0.023377
v -0.206633 -0.037251 0.028489
v -0.387710 0.014394 0.076763
v -0.389324 0.004987 0.031296
v -0.297007 -0.002509 0.074644
v -0.298686 -0.011488 0.029104
v -0.797173 -0.419384 0.087414
v -0.567231 0.018438 0.109366
v -0.963466 -0.315255 0.215965
v -0.483034 0.017206 0.072027
v -0.483206 0.022420 0.092857
v -0.642094 -0.034039 0.024457
v -0.708768 -0.083973 0.028555
v -0.760899 -0.157377 0.035740
v -0.788794 -0.267083 0.050642
v -0.792329 -0.260534 0.090349
v -0.765048 -0.149492 0.082561
v -0.713021 -0.075642 0.075303
v -0.646519 -0.025128 0.071113
v -0.872886 -0.194326 0.200126
v -0.792992 -0.112090 0.173690
v -0.717365 -0.051592 0.149122
v -0.645766 -0.006505 0.127692
v -0.650968 -0.012862 0.086008
v -0.723167 -0.057854 0.106423
v -0.799091 -0.118514 0.129998
v -0.878431 -0.200407 0.160164
v -0.482893 0.007308 0.026001
v -0.347562 0.103575 0.331789
v -0.150348 -0.039785 0.061537
v -0.368584 0.128037 0.297118
v -0.174377 -0.013740 0.032061
v -0.228761 0.045591 0.207381
v -0.253078 0.071212 0.177750
v -0.187105 0.006512 0.135784
v -0.211188 0.032478 0.106280
v -0.773785 -0.105097 0.382862
v -0.321341 0.084681 0.358060
v -0.752959 -0.071957 0.612334
v -0.285582 0.081859 0.273978
v -0.274354 0.070998 0.288472
v -0.434207 0.133728 0.344351
v -0.507581 0.120818 0.380406
v -0.587558 0.086014 0.401057
v -0.675621 0.014764 0.398440
v -0.658511 -0.007057 0.427396
v -0.567257 0.060381 0.435233
v -0.487057 0.095554 0.414743
v -0.413414 0.108955 0.378924
v -0.619867 -0.013420 0.572459
v -0.524183 0.031112 0.522489
v -0.445596 0.061854 0.470423
v -0.379059 0.081910 0.418714
v -0.401992 0.108069 0.394891
v -0.469195 0.088965 0.446434
v -0.548439 0.058895 0.498054
v -0.642176 0.011849 0.550026
v -0.309398 0.106972 0.242594
v 0.129209 0.229611 0.140767
v -0.113509 -0.027697 0.027586
v 0.118918 0.212941 0.184936
v -0.119318 -0.039972 0.072614
v -0.007849 0.122182 0.077662
v -0.013351 0.109462 0.122618
v -0.063300 0.051037 0.053230
v -0.069052 0.038679 0.098244
v 0.573369 0.048487 0.225035
v 0.128939 0.244256 0.100875
v 0.662641 0.253284 0.144379
v 0.058161 0.184383 0.111158
v 0.060757 0.191491 0.090773
v 0.193422 0.239213 0.209407
v 0.275311 0.243579 0.229582
v 0.362728 0.220949 0.244094
v 0.458254 0.155870 0.246481
v 0.467726 0.168836 0.208857
v 0.373777 0.236352 0.199711
v 0.286127 0.259385 0.185268
v 0.203961 0.255564 0.165191
v 0.514096 0.287008 0.122888
v 0.395405 0.296065 0.117755
v 0.294424 0.291268 0.113753
v 0.207234 0.277550 0.109115
v 0.203422 0.270014 0.151299
v 0.290700 0.284044 0.157090
v 0.391723 0.288762 0.162150
v 0.510837 0.280149 0.163498
v 0.051548 0.170084 0.156151
v -0.294466 0.118866 -0.171502
v -0.074642 -0.037107 0.069994
v -0.260567 0.108029 -0.202328
v -0.045266 -0.045416 0.035813
v -0.181515 0.065430 -0.041256
v -0.152283 0.056608 -0.075449
v -0.126859 0.018526 0.014470
v -0.097510 0.010121 -0.019713
v -0.555040 -0.194402 -0.414780
v -0.317312 0.131497 -0.139356
v -0.726498 -0.038925 -0.414794
v -0.237661 0.100795 -0.108141
v -0.251406 0.105986 -0.092874
v -0.316746 0.107497 -0.260108
v -0.374148 0.084361 -0.314347
v -0.430371 0.034562 -0.362321
v -0.485776 -0.057033 -0.397433
v -0.514840 -0.049166 -0.371310
v -0.464590 0.043982 -0.331467
v -0.408271 0.094228 -0.283506
v -0.350769 0.117958 -0.229305
v -0.628039 0.041438 -0.335304
v -0.538299 0.089552 -0.279522
v -0.457964 0.119063 -0.230582
v -0.386230 0.135764 -0.185940
v -0.361221 0.131055 -0.219255
v -0.432585 0.114634 -0.264967
v -0.512436 0.085059 -0.314820
v -0.604414 0.037129 -0.367615
v -0.207041 0.090906 -0.141646
v 0.090400 0.078022 0.306426
v -0.113316 -0.021426 0.028659
v 0.052440 0.068323 0.331739
v -0.146970 -0.029572 0.058028
v -0.010595 0.053677 0.160888
v -0.044166 0.045012 0.190222
v -0.062653 0.020551 0.095072
v -0.096291 0.012309 0.124434
v 0.281816 -0.286266 0.533805
v 0.117909 0.090979 0.278886
v 0.466608 -0.155516 0.570343
v 0.040330 0.074152 0.236385
v 0.056135 0.079158 0.223510
v 0.100497 0.054690 0.394023
v 0.147663 0.019196 0.450257
v 0.191464 -0.041534 0.497038
v 0.231354 -0.141630 0.526135
v 0.263706 -0.134739 0.504562
v 0.229583 -0.033257 0.471560
v 0.185736 0.027921 0.424835
v 0.138533 0.064004 0.368700
v 0.388612 -0.056335 0.492019
v 0.312782 0.007722 0.433911
v 0.243282 0.051710 0.381238
v 0.180264 0.081659 0.332125
v 0.151381 0.076584 0.361533
v 0.213940 0.046840 0.411689
v 0.282853 0.002752 0.465196
v 0.361243 -0.061083 0.520638
v 0.005365 0.064688 0.264772
v -0.200171 0.206630 -0.211527
v -0.217498 -0.029924 0.055434
v -0.154225 0.202544 -0.205973
v -0.172284 -0.030255 0.056247
v -0.218400 0.108321 -0.064138
v -0.173175 0.107525 -0.063569
v -0.218041 0.043155 -0.002268
v -0.172825 0.042738 -0.001500
v -0.123844 0.007185 -0.628290
v -0.240588 0.211038 -0.207431
v -0.257286 0.168075 -0.720320
v -0.209289 0.166075 -0.136420
v -0.230132 0.167665 -0.136890
v -0.145612 0.223957 -0.282074
v -0.136413 0.223237 -0.362751
v -0.126468 0.195565 -0.445630
v -0.118264 0.124842 -0.531007
v -0.157175 0.127099 -0.536302
v -0.172382 0.198341 -0.451768
v -0.182338 0.226427 -0.368711
v -0.191550 0.227708 -0.287830
v -0.270109 0.211442 -0.579484
v -0.264881 0.232294 -0.466953
v -0.257060 0.238537 -0.370185
v -0.249078 0.234782 -0.285659
v -0.207848 0.237956 -0.286785
v -0.214849 0.242255 -0.371570
v -0.221676 0.236179 -0.468506
v -0.230556 0.214818 -0.580992
v -0.163534 0.163953 -0.134665
v -0.516824 0.207856 0.068549
v -0.247084 -0.048028 0.052415
v -0.509502 0.211567 0.020833
v -0.244604 -0.040414 0.005973
v -0.367186 0.098197 0.074272
v -0.364975 0.105345 0.027729
v -0.304843 0.029051 0.064204
v -0.302413 0.036578 0.017743
v -0.954257 0.032293 -0.057906
v -0.513889 0.205090 0.110942
v -1.049784 0.177321 0.104853
v -0.440261 0.161799 0.072986
v -0.441457 0.159769 0.094647
v -0.587728 0.237926 0.013484
v -0.671402 0.241843 0.001461
v -0.758199 0.218312 -0.016184
v -0.849032 0.150382 -0.039768
v -0.855887 0.146026 0.000411
v -0.766170 0.213284 0.031250
v -0.679174 0.237232 0.048984
v -0.595271 0.233880 0.061127
v -0.902258 0.214275 0.130003
v -0.784258 0.232371 0.131763
v -0.683039 0.236522 0.127788
v -0.594877 0.230901 0.121497
v -0.594449 0.241482 0.079708
v -0.682828 0.247844 0.085080
v -0.784180 0.244045 0.088060
v -0.902283 0.224780 0.089959
v -0.436839 0.167635 0.025698
v -0.073703 0.049512 -0.241711
v -0.251287 -0.025829 0.039200
v -0.038751 0.036481 -0.217752
v -0.214220 -0.037613 0.057890
v -0.166003 0.036489 -0.099601
v -0.129049 0.024220 -0.080968
v -0.207675 0.009457 -0.029706
v -0.170629 -0.002417 -0.011026
v 0.016896 -0.309006 -0.492599
v -0.106434 0.065433 -0.255699
v -0.005511 -0.181847 -0.668174
v -0.116781 0.050602 -0.172047
v -0.133269 0.057165 -0.181165
v -0.003489 0.019513 -0.282770
v 0.024585 -0.017568 -0.344747
v 0.043066 -0.077726 -0.400259
v 0.043534 -0.173545 -0.445775
v 0.013604 -0.163739 -0.466193
v 0.007766 -0.066016 -0.424296
v -0.010604 -0.005442 -0.368765
v -0.038517 0.032184 -0.306792
v -0.035004 -0.083668 -0.571146
v -0.051284 -0.020518 -0.483403
v -0.067206 0.023395 -0.403178
v -0.083844 0.053951 -0.329923
v -0.048172 0.045247 -0.315431
v -0.030439 0.014768 -0.388669
v -0.013584 -0.029341 -0.468686
v -0.000541 -0.091929 -0.557690
v -0.080223 0.037615 -0.151844
v -0.167719 0.249401 0.238512
v -0.194439 -0.029982 0.024831
v -0.209514 0.236796 0.252670
v -0.234733 -0.037879 0.042423
v -0.182414 0.127251 0.112761
v -0.222518 0.118963 0.130637
v -0.190043 0.051959 0.066377
v -0.230301 0.043989 0.084021
v -0.035465 0.137189 0.667331
v -0.134440 0.259328 0.217942
v 0.078587 0.331715 0.674141
v -0.177610 0.196191 0.173237
v -0.159341 0.201218 0.165021
v -0.194293 0.272118 0.321162
v -0.172689 0.287303 0.396902
v -0.144580 0.277236 0.478475
v -0.103852 0.227095 0.567273
v -0.067955 0.236754 0.555969
v -0.102290 0.288717 0.465024
v -0.130553 0.299141 0.383232
v -0.152352 0.284447 0.307231
v 0.028070 0.344681 0.537655
v -0.022752 0.339397 0.436682
v -0.066644 0.323204 0.352744
v -0.103830 0.300124 0.281109
v -0.140709 0.296628 0.298356
v -0.104425 0.320120 0.370545
v -0.061392 0.336344 0.455013
v -0.007229 0.341733 0.554538
v -0.218307 0.186302 0.190445
v 0.110663 0.053629 0.177405
v -0.178629 -0.012762 0.020848
v 0.089759 0.039096 0.212871
v -0.194199 -0.026156 0.058050
v -0.035844 0.044839 0.096980
v -0.051366 0.030974 0.134044
v -0.107644 0.020051 0.060098
v -0.123205 0.006569 0.097275
v 0.363418 -0.302679 0.230341
v 0.121947 0.070874 0.145006
v 0.534263 -0.176108 0.201162
v 0.039016 0.056569 0.140461
v 0.046732 0.063828 0.123915
v 0.156237 0.020897 0.241747
v 0.219164 -0.016752 0.262848
v 0.274993 -0.076661 0.273936
v 0.319608 -0.170818 0.266420
v 0.337409 -0.159704 0.235993
v 0.295945 -0.063411 0.238060
v 0.240106 -0.003098 0.227104
v 0.177196 0.035080 0.206185
v 0.436885 -0.078382 0.184209
v 0.349579 -0.015714 0.177852
v 0.269660 0.028033 0.170366
v 0.196515 0.058694 0.161021
v 0.184966 0.048407 0.196684
v 0.258176 0.017769 0.207109
v 0.337962 -0.026215 0.215515
v 0.426263 -0.088174 0.218630
v 0.021921 0.042013 0.177220
v -0.110735 -0.023975 0.023349
v -0.066234 0.040790 0.063382
v -0.138470 -0.026418 0.055992
v -0.094043 0.038660 0.095972
v -0.047078 0.091379 0.124168
v 0.006874 0.141033 0.154444
v -0.022812 0.089772 0.091248
v 0.027432 0.136381 0.121079
v 0.084314 0.172434 0.145572
v 0.147164 0.189414 0.171020
v 0.064770 0.177382 0.177334
v 0.128666 0.194767 0.201209
v 0.193092 0.189192 0.225037
v 0.210537 0.183672 0.196423
v 0.254748 0.161056 0.251259
v 0.322435 0.090144 0.278802
v 0.271007 0.154600 0.224098
v 0.337262 0.081362 0.252873
v 0.387180 -0.036972 0.284109
v -0.069105 -0.034575 0.053138
v -0.101065 0.055581 0.064472
v -0.084350 -0.035544 0.008837
v -0.116100 0.054891 0.020103
v -0.143812 0.130116 0.041755
v -0.178177 0.204881 0.068894
v -0.128162 0.125899 0.083416
v -0.161449 0.196377 0.107700
v -0.197729 0.256544 0.142193
v -0.245583 0.299439 0.183411
v -0.213458 0.265173 0.105226
v -0.260312 0.308320 0.148286
v -0.316622 0.328389 0.194029
v -0.302794 0.319494 0.227284
v -0.382661 0.325539 0.237965
v -0.470148 0.281572 0.290711
v -0.369870 0.315779 0.269371
v -0.458632 0.269404 0.320302
v -0.559239 0.173398 0.359063
v -0.087909 -0.030085 0.043901
v -0.079166 0.024982 -0.024211
v -0.046847 -0.041864 0.040902
v -0.038022 0.013515 -0.027166
v -0.041469 0.059968 -0.087071
v -0.049115 0.103309 -0.152892
v -0.081098 0.067723 -0.080884
v -0.087044 0.108040 -0.143373
v -0.103472 0.139806 -0.205317
v -0.127453 0.153216 -0.269448
v -0.067274 0.135806 -0.214470
v -0.092970 0.150046 -0.278293
v -0.123842 0.142138 -0.339253
v -0.156557 0.144707 -0.330745
v -0.155830 0.111703 -0.396797
v -0.200095 0.039923 -0.453522
v -0.186923 0.112951 -0.388343
v -0.229829 0.038547 -0.444600
v -0.268864 -0.080874 -0.484845
v -0.244117 -0.044223 0.021567
v -0.246166 0.031859 -0.024385
v -0.218535 -0.026527 0.051620
v -0.220818 0.049780 0.005721
v -0.225136 0.108994 -0.042751
v -0.225359 0.166880 -0.097931
v -0.248842 0.087870 -0.069100
v -0.247939 0.143049 -0.120407
v -0.244556 0.186396 -0.178102
v -0.228602 0.214725 -0.240622
v -0.223365 0.209504 -0.156762
v -0.208839 0.237216 -0.220456
v -0.180718 0.246204 -0.283348
v -0.199193 0.224523 -0.302348
v -0.137537 0.238278 -0.341995
v -0.067456 0.196255 -0.404127
v -0.154379 0.216711 -0.359658
v -0.082043 0.173542 -0.420139
v 0.017590 0.095287 -0.461432
v -0.190620 -0.026334 0.027954
v -0.205266 0.030858 0.098654
v -0.233507 -0.023331 0.015318
v -0.248110 0.034198 0.085984
v -0.251377 0.078591 0.151740
v -0.253970 0.118421 0.224346
v -0.209985 0.072142 0.160253
v -0.213934 0.109605 0.228629
v -0.210860 0.134926 0.298994
v -0.207725 0.139492 0.371790
v -0.248923 0.143845 0.295038
v -0.243817 0.148619 0.368226
v -0.240259 0.129762 0.437600
v -0.206120 0.120671 0.440812
v -0.241916 0.088342 0.501178
v -0.245703 0.001869 0.562972
v -0.209732 0.078528 0.503720
v -0.215474 -0.010042 0.564259
v -0.233907 -0.141514 0.602115
v -0.222503 -0.034179 0.010136
v -0.171083 0.036160 -0.005162
v -0.232090 -0.019822 0.049558
v -0.180790 0.050787 0.034122
v -0.131380 0.105033 0.013341
v -0.074514 0.156580 -0.007666
v -0.124607 0.087274 -0.023049
v -0.070943 0.136287 -0.041468
v -0.012772 0.172778 -0.062719
v 0.053002 0.191695 -0.077960
v -0.016199 0.192564 -0.030768
v 0.049751 0.211082 -0.047898
v 0.118393 0.208689 -0.055740
v 0.121440 0.189918 -0.084009
v 0.187864 0.187125 -0.051038
v 0.267476 0.126625 -0.030191
v 0.190609 0.168237 -0.077228
v 0.269735 0.106295 -0.053789
v 0.339861 0.006274 -0.002245
v -0.200935 -0.025621 0.044376
v -0.251686 0.048973 0.057421
v -0.205422 -0.022209 0.000387
v -0.256033 0.052690 0.013450
v -0.301793 0.112769 0.035191
v -0.354540 0.170304 0.060323
v -0.295269 0.105120 0.076286
v -0.345530 0.159398 0.098586
v -0.398291 0.202052 0.128317
v -0.459028 0.225682 0.159517
v -0.406805 0.212961 0.091974
v -0.467073 0.236711 0.125113
v -0.531322 0.237176 0.155883
v -0.523704 0.226268 0.188373
v -0.598921 0.215177 0.180150
v -0.678562 0.150189 0.202788
v -0.591670 0.203583 0.210617
v -0.671560 0.136449 0.231035
v -0.748746 0.023717 0.232007
v -0.134691 -0.020923 0.023184
v -0.115526 0.061512 -0.002555
v -0.095698 -0.025533 0.040802
v -0.076600 0.057158 0.015254
v -0.068067 0.126818 -0.014586
v -0.059038 0.196279 -0.052340
v -0.105939 0.126498 -0.030433
v -0.096001 0.191855 -0.065802
v -0.091733 0.248454 -0.109905
v -0.085930 0.289426 -0.166507
v -0.056612 0.253157 -0.096927
v -0.052645 0.294525 -0.154010
v -0.046213 0.314713 -0.219812
v -0.077687 0.309437 -0.231737
v -0.034143 0.313525 -0.291687
v -0.017468 0.274773 -0.384706
v -0.063799 0.307291 -0.303170
v -0.045292 0.266165 -0.395975
v -0.014881 0.178393 -0.490575
v -0.247793 -0.040474 0.033067
v -0.301008 0.011768 -0.019982
v -0.211037 -0.021374 0.016744
v -0.264370 0.031165 -0.036196
v -0.318189 0.067933 -0.080649
v -0.375342 0.099683 -0.130672
v -0.350178 0.046523 -0.062699
v -0.402943 0.076917 -0.110745
v -0.457903 0.093427 -0.158040
v -0.507728 0.090543 -0.210679
v -0.431911 0.115558 -0.176981
v -0.483416 0.112131 -0.228667
v -0.523781 0.087739 -0.282430
v -0.546527 0.066909 -0.265372
v -0.549550 0.044840 -0.338841
v -0.558125 -0.038773 -0.402879
v -0.570283 0.024094 -0.322602
v -0.576028 -0.060658 -0.387248
v -0.544701 -0.178652 -0.449774
v -0.217617 -0.018958 -0.002375
v -0.200729 0.040270 0.071994
v -0.253088 -0.039449 0.020618
v -0.236357 0.020098 0.095008
v -0.210544 0.072176 0.154598
v -0.177136 0.121818 0.217559
v -0.177361 0.087982 0.128960
v -0.146746 0.133963 0.189343
v -0.104905 0.172696 0.243246
v -0.051474 0.193089 0.294109
v -0.133963 0.161662 0.270276
v -0.079207 0.183272 0.320025
v -0.017048 0.181889 0.362784
v 0.009281 0.190726 0.338052
v 0.048431 0.156317 0.400058
v 0.132546 0.088412 0.427333
v 0.073477 0.163419 0.376110
v 0.156525 0.092412 0.403437
v 0.235669 -0.028288 0.414014
v -0.257139 -0.027636 0.031100
v -0.252900 0.054610 -0.018717
v -0.213100 -0.038119 0.019592
v -0.208848 0.044156 -0.030201
v -0.209481 0.125528 -0.081174
v -0.211276 0.204184 -0.134386
v -0.253556 0.135926 -0.069737
v -0.255369 0.214541 -0.122983
v -0.260337 0.282128 -0.171065
v -0.255965 0.372603 -0.248466
v -0.214234 0.280128 -0.189835
v -0.295762 0.383668 -0.228886
v -0.308018 0.525691 -0.288425
v -0.216315 0.363006 -0.258138
v -0.223449 0.418154 -0.312390
v -0.267488 0.428637 -0.300882
v -0.241196 0.492868 -0.407106
v -0.285235 0.503351 -0.395598
v -0.255090 0.403735 -0.318682
v -0.240340 0.441372 -0.295280
v -0.269870 0.480387 -0.412353
v -0.255120 0.518024 -0.388951
v -0.192425 -0.017877 0.046569
v -0.206197 0.071853 0.029250
v -0.168122 -0.022412 0.009192
v -0.181870 0.067330 -0.008113
v -0.195031 0.168486 -0.037002
v -0.222602 0.171145 0.006447
v -0.213656 0.278211 -0.069157
v -0.229514 0.373261 -0.104151
v -0.242864 0.290119 -0.029027
v -0.264588 0.379424 -0.051724
v -0.261827 0.293072 0.001529
v -0.303063 0.429255 0.006005
v -0.351564 0.573203 0.041694
v -0.281407 0.458079 -0.042469
v -0.336941 0.617424 0.000229
v -0.423321 0.712262 0.103540
v -0.297596 0.494430 -0.082195
v -0.330504 0.593127 -0.111398
v -0.278376 0.490945 -0.113860
v -0.254853 0.486877 -0.139841
v -0.307545 0.591858 -0.146747
v -0.288870 0.597053 -0.138679
v -0.267646 0.586363 -0.165935
v -0.300265 0.681948 -0.178715
v -0.337334 0.667402 -0.174772
v -0.364375 0.668631 -0.134451
v -0.460224 0.850775 -0.231479
v -0.501475 0.843392 -0.161494
v -0.363958 0.649895 -0.163451
v -0.337324 0.686185 -0.145226
v -0.534081 0.800438 -0.203296
v -0.483681 0.853892 -0.167849
v -0.474055 0.774489 -0.199706
v -0.430316 0.739101 -0.190881
v -0.394407 0.696163 -0.177932
v -0.361832 0.736744 -0.155401
v -0.391799 0.783974 -0.164044
v -0.429596 0.823652 -0.168564
v -0.122148 -0.006125 0.067668
v -0.047437 -0.034945 0.036164
v -0.134460 0.004360 0.028094
v -0.190465 0.003684 0.100972
v -0.254432 -0.005243 0.128013
v -0.205053 0.016428 0.062895
v -0.271233 0.009485 0.091340
v -0.362300 -0.022735 0.125040
v -0.341773 -0.042796 0.158877
v -0.419853 -0.110103 0.150222
v -0.466712 -0.222204 0.182361
v -0.395174 -0.127939 0.181251
v -0.440552 -0.241174 0.212207
v -0.477988 -0.341434 0.215553
v -0.362886 -0.043445 0.190051
v -0.409840 -0.096773 0.256042
v -0.321135 -0.054632 0.218866
v -0.371396 -0.108834 0.272497
v -0.409439 -0.169985 0.338217
v -0.430675 -0.288565 0.392216
v -0.450973 -0.159319 0.331614
v -0.473480 -0.269970 0.387176
v -0.428777 -0.455072 0.447618
v -0.059513 -0.025477 -0.003751
v -0.074934 0.002893 -0.046801
v -0.065473 -0.045553 0.030104
v -0.029820 0.007404 -0.049146
v -0.090986 0.031122 -0.121422
v -0.104864 0.038065 -0.194143
v -0.046473 0.038641 -0.125938
v -0.060921 0.048280 -0.200802
v -0.079097 0.037098 -0.307334
v -0.121939 0.020197 -0.297376
v -0.105933 -0.038050 -0.389136
v -0.146623 -0.138923 -0.466483
v -0.146520 -0.053931 -0.373906
v -0.186548 -0.156459 -0.449730
v -0.198078 -0.252725 -0.509139
v -0.148842 0.029508 -0.325460
v -0.214080 -0.003833 -0.397828
v -0.190107 0.017208 -0.290973
v -0.242089 -0.019077 -0.364371
v -0.310503 -0.061976 -0.429176
v -0.380714 -0.169125 -0.486134
v -0.292052 -0.045599 -0.468090
v -0.362209 -0.144060 -0.525047
v -0.466014 -0.329043 -0.529525
v -0.020241 -0.042198 0.027862
v -0.306739 0.029764 -0.006063
v -0.277687 -0.045128 0.029773
v -0.269598 0.032911 -0.028872
v -0.345294 0.086503 -0.043880
v -0.386596 0.123993 -0.088727
v -0.308835 0.093193 -0.066966
v -0.350858 0.133942 -0.112193
v -0.414969 0.170366 -0.186354
v -0.450050 0.153204 -0.163291
v -0.491522 0.141431 -0.259848
v -0.583981 0.088950 -0.331967
v -0.522200 0.122817 -0.233634
v -0.613868 0.068234 -0.305522
v -0.673426 0.010963 -0.377298
v -0.482012 0.174230 -0.167518
v -0.575453 0.178813 -0.200275
v -0.503962 0.150530 -0.125373
v -0.587712 0.152501 -0.166562
v -0.682872 0.145743 -0.195393
v -0.792263 0.080306 -0.239682
v -0.680548 0.175725 -0.227990
v -0.787707 0.117778 -0.269302
v -0.921413 -0.035831 -0.284531
v -0.240695 -0.043026 0.006582
v -0.143792 0.026717 0.007170
v -0.205181 -0.034194 0.006540
v -0.170494 0.053000 0.028199
v -0.080360 0.069414 0.016385
v -0.020172 0.097623 0.039486
v -0.105077 0.098390 0.036207
v -0.042952 0.129080 0.058305
v 0.043326 0.156650 0.106970
v 0.062918 0.119725 0.091439
v 0.116037 0.125310 0.180637
v 0.193706 0.067462 0.261724
v 0.130516 0.088012 0.163082
v 0.206652 0.028707 0.244845
v 0.253393 -0.019062 0.329185
v 0.099922 0.124627 0.085201
v 0.191263 0.099493 0.108071
v 0.101346 0.081478 0.055843
v 0.184973 0.061247 0.087800
v 0.272747 0.024778 0.111614
v 0.354516 -0.060409 0.172112
v 0.288942 0.061379 0.128918
v 0.370894 -0.017754 0.183855
v 0.434923 -0.195259 0.252468
v -0.232059 -0.008699 0.028323
v -0.082519 0.048410 0.041491
v -0.048730 -0.033204 0.033225
v -0.105500 0.042332 0.004377
v -0.118834 0.114936 0.063796
v -0.162817 0.163672 0.093822
v -0.141986 0.112492 0.026406
v -0.186252 0.164601 0.056271
v -0.259767 0.219208 0.108608
v -0.236960 0.211099 0.147425
v -0.334568 0.213501 0.190341
v -0.408664 0.189051 0.293789
v -0.308639 0.202721 0.225274
v -0.382566 0.176011 0.328511
v -0.456534 0.138190 0.401204
v -0.240512 0.240134 0.172951
v -0.273189 0.270283 0.262496
v -0.198695 0.221622 0.200827
v -0.239973 0.246919 0.281581
v -0.269033 0.266373 0.375820
v -0.315427 0.232965 0.499336
v -0.300989 0.295901 0.365441
v -0.344160 0.269101 0.484822
v -0.363882 0.155475 0.655486
v -0.072128 -0.040248 -0.003471
v -0.180156 0.025372 0.080797
v -0.190172 -0.018706 0.001173
v -0.225362 0.025929 0.085822
v -0.162081 0.050009 0.156393
v -0.144577 0.053379 0.228731
v -0.206802 0.053473 0.163762
v -0.188822 0.059438 0.238397
v -0.163616 0.042921 0.343000
v -0.120124 0.030322 0.329636
v -0.126082 -0.034998 0.418029
v -0.072932 -0.137096 0.486100
v -0.085227 -0.046428 0.399592
v -0.032693 -0.150133 0.466062
v -0.010028 -0.248924 0.518081
v -0.092417 0.040035 0.356899
v -0.020495 0.007603 0.423392
v -0.052291 0.033477 0.319454
v 0.006709 -0.003068 0.387467
v 0.082123 -0.044267 0.445581
v 0.164025 -0.148820 0.491312
v 0.064675 -0.032019 0.486528
v 0.145826 -0.127921 0.532864
v 0.264415 -0.303802 0.519050
v -0.235409 -0.019304 0.006021
v -0.221884 0.057503 -0.013224
v -0.205949 -0.020843 0.030326
v -0.177802 0.060790 -0.022803
v -0.246492 0.117181 -0.062278
v -0.271451 0.157079 -0.119490
v -0.202970 0.124145 -0.072295
v -0.228494 0.167428 -0.130064
v -0.265759 0.206902 -0.223709
v -0.307960 0.189089 -0.213437
v -0.315627 0.178842 -0.322134
v -0.381586 0.126536 -0.425062
v -0.354603 0.159435 -0.307308
v -0.419875 0.104943 -0.409780
v -0.453811 0.047376 -0.501253
v -0.337688 0.211207 -0.228072
v -0.417833 0.217330 -0.291831
v -0.373580 0.186201 -0.194798
v -0.441388 0.189668 -0.263542
v -0.524588 0.184006 -0.324257
v -0.616621 0.117998 -0.405994
v -0.511110 0.215538 -0.354771
v -0.601952 0.157214 -0.432703
v -0.727941 -0.000289 -0.495935
v -0.161886 -0.018630 0.020305
v -0.277431 -0.006277 -0.067684
v -0.279114 -0.044917 0.015080
v -0.237510 0.012825 -0.057616
v -0.276345 0.011251 -0.147121
v -0.267542 0.009552 -0.220914
v -0.237169 0.032878 -0.139735
v -0.228997 0.033421 -0.216126
v -0.207771 0.011540 -0.320374
v -0.244385 -0.018096 -0.320715
v -0.183106 -0.072217 -0.394045
v -0.164610 -0.184574 -0.463590
v -0.219692 -0.099880 -0.388908
v -0.200594 -0.213500 -0.456572
v -0.163047 -0.310944 -0.501475
v -0.262319 -0.019659 -0.356409
v -0.287693 -0.076319 -0.438531
v -0.306768 -0.043214 -0.333804
v -0.319024 -0.098298 -0.412643
v -0.346815 -0.164635 -0.487079
v -0.359499 -0.291680 -0.544883
v -0.322656 -0.145034 -0.521046
v -0.337893 -0.263879 -0.580150
v -0.374286 -0.472746 -0.586207
v -0.238775 -0.026859 0.025455
v -0.148858 0.048459 0.073648
v -0.149760 -0.016187 0.005514
v -0.195423 0.050731 0.071676
v -0.140112 0.092700 0.144094
v -0.132478 0.115007 0.216793
v -0.186384 0.098469 0.143737
v -0.178472 0.123950 0.218085
v -0.168541 0.135005 0.328762
v -0.123091 0.118609 0.325432
v -0.144765 0.077278 0.428250
v -0.105283 -0.006389 0.529540
v -0.101216 0.060723 0.419246
v -0.062207 -0.024954 0.519291
v -0.051225 -0.109322 0.599417
v -0.098396 0.135202 0.353788
v -0.036380 0.120006 0.438205
v -0.052655 0.118459 0.324761
v -0.004161 0.099700 0.409808
v 0.062181 0.073570 0.488809
v 0.133904 -0.018683 0.573121
v 0.039222 0.096683 0.523181
v 0.110503 0.013171 0.605723
v 0.224589 -0.165835 0.655670
v -0.196386 -0.015106 0.003665
v -0.107984 0.067617 0.027277
v -0.107460 -0.020046 0.015359
v -0.151902 0.067291 0.025549
v -0.100534 0.141803 0.052740
v -0.093498 0.201193 0.092811
v -0.144263 0.145002 0.050130
v -0.137044 0.207699 0.089535
v -0.127280 0.281267 0.164076
v -0.084050 0.268075 0.170260
v -0.102618 0.297981 0.270623
v -0.062428 0.296992 0.393424
v -0.061211 0.281293 0.272777
v -0.021417 0.278086 0.395859
v -0.008177 0.263593 0.504178
v -0.061081 0.297423 0.180745
v -0.001713 0.337159 0.250288
v -0.017736 0.268827 0.168255
v 0.029005 0.306077 0.240668
v 0.092719 0.334668 0.312578
v 0.163394 0.317938 0.427238
v 0.070678 0.371499 0.324722
v 0.140680 0.360135 0.432939
v 0.253456 0.260198 0.572527
v -0.151400 -0.021176 0.014424
v -0.149550 0.070755 0.018730
v -0.178531 -0.009033 -0.015297
v -0.162630 0.054705 0.063306
v -0.112424 0.163707 0.055045
v -0.071767 0.255172 0.091670
v -0.126196 0.147277 0.101363
v -0.090916 0.228040 0.134239
v -0.038750 0.331375 0.172506
v 0.011437 0.414239 0.202013
v -0.026926 0.342001 0.122370
v 0.021724 0.422192 0.152213
v 0.005250 0.432400 0.076918
v -0.005602 0.392334 0.034274
v 0.035769 0.500609 0.017204
v 0.087265 0.513333 0.183869
v 0.076532 0.505358 0.234897
v 0.260120 0.693678 0.201160
v 0.247138 0.683730 0.263727
v -0.190166 -0.023181 0.025073
v 0.067705 0.529209 0.206866
v 0.099336 0.487012 0.208113
v 0.238536 0.710146 0.224492
v 0.277323 0.658415 0.225774
v 0.104986 0.577827 0.217643
v 0.146428 0.624451 0.223886
v 0.193943 0.666966 0.223558
v 0.230941 0.617619 0.224832
v 0.181637 0.577488 0.225151
v 0.138406 0.533246 0.218899
v -0.055008 0.282625 0.174132
v -0.161744 -0.018127 -0.006161
v -0.098176 0.280102 0.194237
v -0.202068 -0.015819 0.016712
v -0.108529 0.148200 0.062403
v -0.148703 0.150105 0.085601
v -0.136411 0.068471 0.025354
v -0.176707 0.070704 0.048288
v 0.107581 0.188770 0.616610
v -0.021750 0.283501 0.148594
v 0.261976 0.362738 0.587447
v -0.083094 0.223638 0.115014
v -0.064557 0.224029 0.104208
v -0.067800 0.320231 0.258498
v -0.034031 0.339449 0.332235
v 0.002091 0.332399 0.414654
v 0.044034 0.282961 0.508549
v 0.080983 0.284041 0.492313
v 0.045625 0.333760 0.395375
v 0.009391 0.341179 0.312700
v -0.024510 0.322469 0.238649
v 0.197247 0.371333 0.450381
v 0.132822 0.365426 0.352186
v 0.075297 0.348912 0.272257
v 0.024670 0.325389 0.205229
v -0.011373 0.331405 0.226852
v 0.038483 0.355593 0.294480
v 0.095207 0.372375 0.375029
v 0.162869 0.377535 0.471410
v -0.124260 0.223972 0.137792
v 0.130420 0.144657 0.109392
v -0.165051 -0.012549 -0.012237
v 0.108716 0.143340 0.150303
v -0.181268 -0.011529 0.029830
v -0.021467 0.088687 0.036316
v -0.037586 0.089196 0.078443
v -0.094090 0.042421 0.011525
v -0.110289 0.043346 0.053602
v 0.428870 -0.155353 0.306843
v 0.141625 0.148974 0.070454
v 0.598582 -0.028360 0.223537
v 0.055413 0.125311 0.072961
v 0.063343 0.126198 0.053699
v 0.179877 0.144012 0.185294
v 0.249279 0.122214 0.220863
v 0.313491 0.073949 0.256039
v 0.369493 -0.016401 0.287498
v 0.388097 -0.016598 0.252967
v 0.335374 0.073853 0.215264
v 0.271111 0.122565 0.180047
v 0.201674 0.144954 0.144435
v 0.487140 0.050247 0.167335
v 0.389282 0.100176 0.135989
v 0.300998 0.131958 0.111355
v 0.221125 0.150899 0.090291
v 0.208914 0.154676 0.129512
v 0.288825 0.136214 0.151618
v 0.376965 0.104572 0.177250
v 0.475896 0.054075 0.205126
v 0.037703 0.124872 0.115099
v -0.074577 0.166106 -0.288283
v -0.215820 -0.001190 0.012935
v -0.035781 0.138453 -0.279482
v -0.175684 -0.025707 0.016377
v -0.142813 0.106976 -0.125987
v -0.102921 0.082012 -0.122748
v -0.177242 0.056699 -0.054804
v -0.137152 0.032098 -0.051400
v -0.117770 -0.102483 -0.693812
v -0.108190 0.192251 -0.286813
v -0.150452 0.100397 -0.814192
v -0.104036 0.144325 -0.206609
v -0.121760 0.156887 -0.208450
v -0.017135 0.143446 -0.360130
v -0.009974 0.127978 -0.443073
v -0.016744 0.087991 -0.525320
v -0.048372 0.010541 -0.605565
v -0.081883 0.032822 -0.613500
v -0.056224 0.114396 -0.534582
v -0.049238 0.154777 -0.452196
v -0.056106 0.170773 -0.369103
v -0.137291 0.162920 -0.673801
v -0.120443 0.192341 -0.559246
v -0.109315 0.205510 -0.459277
v -0.103547 0.208247 -0.370886
v -0.065083 0.188737 -0.370061
v -0.069683 0.185923 -0.458723
v -0.079838 0.172346 -0.558828
v -0.100216 0.144444 -0.673489
v -0.064378 0.118048 -0.201967
v -0.014794 0.307386 -0.002933
v -0.106310 -0.023740 -0.007789
v -0.044832 0.310583 0.030014
v -0.133951 -0.015214 0.024712
v -0.070768 0.147335 -0.027679
v -0.098097 0.155646 0.005156
v -0.091195 0.063630 -0.020581
v -0.118778 0.072116 0.011982
v 0.286165 0.402321 0.318626
v 0.005304 0.300216 -0.035952
v 0.375398 0.548288 0.180733
v -0.046569 0.233110 -0.020090
v -0.034239 0.230324 -0.035737
v -0.005764 0.370765 0.056577
v 0.043345 0.416787 0.096251
v 0.102385 0.443707 0.150547
v 0.178368 0.438950 0.225668
v 0.204603 0.435655 0.198594
v 0.133230 0.439844 0.118500
v 0.073939 0.413139 0.063921
v 0.024517 0.367426 0.023881
v 0.273824 0.500599 0.093203
v 0.187911 0.455169 0.041199
v 0.115890 0.407903 0.004603
v 0.055327 0.359856 -0.022025
v 0.030234 0.371307 0.006667
v 0.090202 0.420110 0.033842
v 0.161683 0.467800 0.071143
v 0.249932 0.512072 0.120739
v -0.074580 0.239866 0.013297
v -0.223531 0.204738 -0.192798
v -0.091647 -0.028570 0.022441
v -0.183056 0.203541 -0.211778
v -0.054343 -0.026116 0.000144
v -0.159149 0.106408 -0.067996
v -0.121941 0.108421 -0.090521
v -0.124579 0.042673 -0.020837
v -0.087293 0.045045 -0.043176
v -0.365168 0.025792 -0.581509
v -0.254593 0.206402 -0.168728
v -0.527694 0.173825 -0.581094
v -0.190987 0.163804 -0.128823
v -0.208292 0.164056 -0.118552
v -0.215708 0.226079 -0.277240
v -0.249277 0.227482 -0.347813
v -0.282219 0.203089 -0.421873
v -0.316033 0.137290 -0.499185
v -0.350561 0.137159 -0.483652
v -0.322910 0.203040 -0.403449
v -0.289903 0.227828 -0.329217
v -0.256265 0.226958 -0.258444
v -0.468235 0.212017 -0.457490
v -0.407523 0.230234 -0.367252
v -0.352109 0.234879 -0.291911
v -0.302376 0.230164 -0.227133
v -0.269458 0.235776 -0.248821
v -0.318545 0.241078 -0.314282
v -0.373241 0.236658 -0.390257
v -0.436888 0.217726 -0.478630
v -0.152686 0.164555 -0.150714
v -0.171733 0.261924 0.189190
v -0.225869 -0.025000 -0.021793
v -0.206893 0.244070 0.214518
v -0.259141 -0.037891 0.006629
v -0.207562 0.136049 0.066102
v -0.240523 0.122786 0.094736
v -0.219371 0.058694 0.020349
v -0.252585 0.045734 0.048810
v 0.092622 0.165071 0.568518
v -0.146377 0.276012 0.159903
v 0.182702 0.376234 0.549142
v -0.193734 0.206647 0.126269
v -0.178886 0.213958 0.113195
v -0.176681 0.281866 0.278502
v -0.135817 0.300037 0.347132
v -0.083984 0.293409 0.418818
v -0.013089 0.247701 0.492713
v 0.017491 0.261854 0.471761
v -0.048007 0.310185 0.394006
v -0.100095 0.317156 0.322161
v -0.141280 0.299458 0.253346
v 0.093040 0.382967 0.430062
v 0.015365 0.371223 0.345298
v -0.049416 0.349296 0.274919
v -0.103349 0.321226 0.214479
v -0.133914 0.313213 0.241736
v -0.080750 0.341591 0.302990
v -0.016657 0.363447 0.374132
v 0.063844 0.375702 0.456532
v -0.227274 0.191686 0.154365
v -0.149817 0.293554 0.140550
v -0.175899 -0.009324 -0.017668
v -0.173051 0.273600 0.172954
v -0.197924 -0.023927 0.016758
v -0.177942 0.154301 0.045516
v -0.199563 0.139444 0.080104
v -0.180359 0.074655 0.012543
v -0.202308 0.060005 0.046999
v 0.182209 0.305755 0.443164
v -0.135396 0.307606 0.106900
v 0.214183 0.515377 0.387701
v -0.169515 0.230013 0.091958
v -0.160100 0.237914 0.076099
v -0.141894 0.322765 0.222314
v -0.095925 0.356521 0.275420
v -0.034026 0.369955 0.331190
v 0.054099 0.351362 0.388374
v 0.074808 0.367590 0.361305
v -0.009720 0.389142 0.299184
v -0.071955 0.375954 0.243291
v -0.118353 0.342546 0.190041
v 0.109064 0.488427 0.296189
v 0.025286 0.451305 0.235433
v -0.041879 0.409203 0.186114
v -0.096002 0.364859 0.144207
v -0.116853 0.355126 0.176556
v -0.063343 0.399711 0.219351
v 0.003357 0.441715 0.269527
v 0.089143 0.479545 0.327457
v -0.191391 0.213407 0.126321
v -0.538071 0.134653 0.010194
v -0.247348 -0.044410 0.008634
v -0.520118 0.155663 -0.024587
v -0.234719 -0.021117 -0.025536
v -0.387871 0.057103 0.030816
v -0.375340 0.080013 -0.003663
v -0.316774 0.009610 0.022360
v -0.304163 0.032832 -0.011868
v -0.837401 -0.014828 -0.287363
v -0.546114 0.117462 0.044344
v -0.993848 0.037864 -0.144413
v -0.463863 0.102851 0.024978
v -0.470126 0.093256 0.041360
v -0.590571 0.171829 -0.048178
v -0.659410 0.170281 -0.084054
v -0.723291 0.147420 -0.133720
v -0.779117 0.089061 -0.202827
v -0.794545 0.070264 -0.174137
v -0.741426 0.125337 -0.099776
v -0.677493 0.148538 -0.049847
v -0.608617 0.150541 -0.013630
v -0.883319 0.075910 -0.064797
v -0.787520 0.103321 -0.019294
v -0.701359 0.119276 0.011916
v -0.623504 0.126451 0.034052
v -0.614507 0.150337 0.003837
v -0.692470 0.144089 -0.018884
v -0.778561 0.128771 -0.050830
v -0.875149 0.099058 -0.093782
v -0.449813 0.125061 -0.010096
v -0.313195 0.162268 -0.265569
v -0.153892 -0.002537 0.025350
v -0.277646 0.141560 -0.290654
v -0.121952 -0.020334 -0.004025
v -0.226965 0.105066 -0.112559
v -0.195265 0.086782 -0.141915
v -0.188384 0.055425 -0.043764
v -0.156489 0.037539 -0.073136
v -0.603240 -0.135216 -0.517089
v -0.337538 0.182973 -0.237734
v -0.744336 0.050702 -0.557514
v -0.267868 0.142037 -0.191661
v -0.282472 0.151576 -0.178779
v -0.326621 0.143773 -0.356980
v -0.381605 0.124038 -0.417643
v -0.441322 0.078212 -0.469145
v -0.509862 -0.007952 -0.503366
v -0.540578 0.008339 -0.482026
v -0.477467 0.097562 -0.443935
v -0.417567 0.143817 -0.392478
v -0.362363 0.164124 -0.331898
v -0.640515 0.123541 -0.471197
v -0.548659 0.162711 -0.406805
v -0.468915 0.184090 -0.348805
v -0.399684 0.193645 -0.295097
v -0.371515 0.180333 -0.324593
v -0.440190 0.170857 -0.379354
v -0.519350 0.149215 -0.438198
v -0.613774 0.110999 -0.499920
v -0.235075 0.122524 -0.220016
v -0.334945 0.167565 0.107930
v -0.067432 -0.029148 0.014408
v -0.339444 0.174572 0.063827
v -0.076433 -0.019297 -0.027190
v -0.187130 0.087192 0.071983
v -0.196338 0.096586 0.030312
v -0.125518 0.032916 0.043821
v -0.134556 0.042683 0.002210
v -0.732347 -0.045587 0.072139
v -0.322590 0.163108 0.145154
v -0.798710 0.065269 0.250978
v -0.260176 0.135558 0.091749
v -0.256194 0.132350 0.111289
v -0.413998 0.188482 0.076064
v -0.491778 0.181366 0.083345
v -0.570325 0.149011 0.083896
v -0.648506 0.075794 0.076184
v -0.645186 0.068673 0.113361
v -0.566311 0.140727 0.127770
v -0.487616 0.173485 0.127292
v -0.409672 0.181142 0.120119
v -0.665918 0.117744 0.245432
v -0.562414 0.150231 0.223529
v -0.473492 0.167990 0.198843
v -0.395569 0.175159 0.174014
v -0.405720 0.187193 0.137284
v -0.484129 0.180724 0.161398
v -0.573432 0.163324 0.185248
v -0.676077 0.129552 0.210360
v -0.268312 0.143958 0.049041
v -0.262091 -0.032313 0.006708
v -0.310041 0.038822 -0.018271
v -0.274132 -0.054166 -0.028887
v -0.321949 0.017211 -0.054047
v -0.363323 0.081310 -0.064665
v -0.410803 0.145929 -0.070122
v -0.349750 0.097975 -0.029203
v -0.395269 0.158181 -0.035376
v -0.441708 0.213590 -0.028703
v -0.495258 0.255426 -0.008760
v -0.456429 0.202387 -0.062028
v -0.509192 0.245377 -0.040713
v -0.565808 0.268879 -0.007282
v -0.552621 0.277975 0.023174
v -0.626403 0.271143 0.034477
v -0.698161 0.239397 0.101457
v -0.613910 0.278579 0.063803
v -0.686257 0.243892 0.130320
v -0.758602 0.161713 0.207431
v -0.219492 -0.009223 -0.031639
v -0.178574 0.071118 -0.007522
v -0.212345 -0.026480 0.009746
v -0.171610 0.054122 0.033993
v -0.134481 0.124898 0.043265
v -0.090178 0.196036 0.048245
v -0.142945 0.136690 0.002455
v -0.100546 0.203202 0.008426
v -0.054630 0.263227 0.002085
v 0.001718 0.308105 -0.014748
v -0.044897 0.256906 0.040171
v 0.010826 0.302747 0.021644
v 0.073745 0.327219 -0.005956
v 0.065187 0.331834 -0.040561
v 0.143402 0.328991 -0.038501
v 0.230912 0.293304 -0.090281
v 0.135443 0.332083 -0.071608
v 0.223635 0.293455 -0.122415
v 0.316303 0.204388 -0.177610
v -0.146099 -0.006374 0.017801
v -0.191521 0.075960 -0.001797
v -0.148351 -0.019512 -0.026987
v -0.193592 0.063116 -0.046670
v -0.235816 0.134160 -0.051852
v -0.285796 0.204623 -0.053338
v -0.231770 0.141869 -0.008133
v -0.279377 0.207847 -0.010958
v -0.331246 0.265527 -0.002328
v -0.393652 0.305865 0.014244
v -0.337235 0.263000 -0.042784
v -0.399228 0.304158 -0.024318
v -0.467871 0.321990 0.000267
v -0.462639 0.323118 0.036871
v -0.542219 0.315659 0.026663
v -0.633886 0.267723 0.066654
v -0.537352 0.315374 0.061511
v -0.629414 0.264510 0.100113
v -0.722814 0.161380 0.137066
v -0.166534 -0.007523 -0.000215
v -0.143157 0.070820 -0.047194
v -0.122380 -0.018800 0.005035
v -0.098956 0.059846 -0.041778
v -0.089717 0.126793 -0.086949
v -0.082903 0.192519 -0.140127
v -0.132945 0.132917 -0.089922
v -0.125054 0.194461 -0.140289
v -0.127414 0.247161 -0.195857
v -0.135433 0.281887 -0.261550
v -0.087212 0.245855 -0.195607
v -0.097152 0.281337 -0.261233
v -0.111388 0.293317 -0.332532
v -0.147701 0.293353 -0.332857
v -0.125854 0.281202 -0.407903
v -0.149777 0.226702 -0.499067
v -0.160371 0.279898 -0.408226
v -0.182805 0.222561 -0.499363
v -0.201961 0.114046 -0.587849
v -0.145617 -0.019519 0.012656
v -0.209738 0.027970 -0.026943
v -0.114862 0.002753 -0.008228
v -0.179102 0.050515 -0.047689
v -0.241065 0.082699 -0.079655
v -0.306745 0.109892 -0.116629
v -0.266802 0.058563 -0.058110
v -0.327843 0.084774 -0.093981
v -0.389710 0.097316 -0.129398
v -0.445982 0.091689 -0.171668
v -0.369928 0.121646 -0.150862
v -0.427598 0.115315 -0.191964
v -0.473254 0.089727 -0.237860
v -0.490364 0.067004 -0.218680
v -0.503898 0.047589 -0.289559
v -0.516063 -0.032230 -0.353271
v -0.519231 0.025151 -0.271495
v -0.528703 -0.055500 -0.336312
v -0.499677 -0.165121 -0.406772
v -0.128531 -0.011126 -0.019799
v -0.110262 0.073808 0.004394
v -0.094460 -0.026123 0.003420
v -0.076328 0.058946 0.027884
v -0.066296 0.135178 0.039387
v -0.053691 0.215169 0.044210
v -0.099295 0.144859 0.015533
v -0.086060 0.219968 0.020591
v -0.075334 0.291990 0.012361
v -0.058459 0.356332 -0.013808
v -0.044671 0.287779 0.035209
v -0.029507 0.352811 0.008332
v -0.007777 0.403298 -0.035777
v -0.035086 0.406278 -0.057029
v 0.022956 0.437572 -0.094109
v 0.067047 0.448881 -0.187761
v -0.002599 0.439384 -0.114968
v 0.043443 0.448383 -0.209119
v 0.105748 0.416289 -0.324692
v -0.267790 -0.044878 -0.035796
v -0.227571 0.036583 -0.009205
v -0.295931 -0.044092 0.000649
v -0.255834 0.037676 0.027127
v -0.211801 0.104394 0.043536
v -0.159858 0.169190 0.062349
v -0.186833 0.098890 0.007810
v -0.138455 0.159954 0.026979
v -0.081802 0.209685 0.042270
v -0.016264 0.240388 0.062057
v -0.102218 0.219023 0.075835
v -0.035670 0.249954 0.093824
v 0.034447 0.256917 0.116347
v 0.052806 0.247372 0.086330
v 0.104648 0.240431 0.146080
v 0.186917 0.180202 0.185453
v 0.121915 0.230063 0.117850
v 0.203004 0.167479 0.159070
v 0.272685 0.056223 0.212876
v -0.255564 -0.015990 -0.006493
v -0.221153 0.071979 -0.010949
v -0.214691 -0.033683 -0.018022
v -0.180144 0.054443 -0.022196
v -0.161779 0.133679 -0.027720
v -0.147066 0.216560 -0.039974
v -0.202634 0.145724 -0.017141
v -0.187467 0.223458 -0.029438
v -0.184900 0.297924 -0.048225
v -0.193189 0.363637 -0.083316
v -0.146230 0.291747 -0.057916
v -0.156201 0.358290 -0.092122
v -0.176391 0.408881 -0.142064
v -0.211592 0.413562 -0.133977
v -0.202795 0.441654 -0.207643
v -0.250000 0.448900 -0.305833
v -0.236560 0.444996 -0.200652
v -0.282963 0.449682 -0.300610
v -0.337470 0.409897 -0.425247
v -0.230820 -0.016965 0.012281
v -0.252727 0.067937 -0.017295
v -0.214196 -0.027858 -0.028114
v -0.235884 0.057304 -0.057658
v -0.262553 0.130586 -0.074467
v -0.297509 0.204174 -0.091542
v -0.277708 0.136104 -0.034665
v -0.310492 0.205153 -0.052232
v -0.352778 0.266465 -0.062559
v -0.409230 0.312301 -0.072150
v -0.340213 0.266038 -0.099979
v -0.397072 0.312547 -0.107700
v -0.464568 0.337435 -0.115057
v -0.476208 0.336739 -0.081380
v -0.540074 0.339915 -0.125392
v -0.640381 0.304433 -0.135162
v -0.551385 0.337969 -0.093495
v -0.651699 0.299784 -0.104872
v -0.757522 0.211919 -0.122661
v -0.102665 -0.018433 -0.029267
v -0.099808 0.072850 -0.009713
v -0.081223 -0.028465 0.009517
v -0.078624 0.062973 0.029241
v -0.077268 0.143307 0.034493
v -0.070584 0.227054 0.034257
v -0.097237 0.147910 -0.003703
v -0.089908 0.226724 -0.002802
v -0.078688 0.300802 -0.014893
v -0.053248 0.365727 -0.039751
v -0.060612 0.301507 0.020606
v -0.036458 0.366917 -0.005770
v 0.002214 0.416232 -0.043181
v -0.013441 0.414721 -0.075530
v 0.056343 0.448260 -0.087534
v 0.139898 0.454320 -0.155439
v 0.042174 0.445745 -0.118575
v 0.127848 0.449556 -0.185758
v 0.239887 0.410448 -0.260006
v -0.072132 -0.016115 0.011862
v -0.119061 0.064850 0.012063
v -0.089298 -0.027158 -0.028707
v -0.136205 0.053835 -0.028523
v -0.183614 0.134102 -0.023453
v -0.233076 0.211813 -0.016889
v -0.166512 0.145065 0.017163
v -0.216006 0.222737 0.023750
v -0.260320 0.289653 0.033001
v -0.333666 0.379253 0.036507
v -0.284589 0.286970 -0.008832
v -0.309283 0.390565 0.071903
v -0.362203 0.530261 0.087575
v -0.348462 0.369140 -0.000107
v -0.398670 0.424168 0.012404
v -0.381505 0.435211 0.052973
v -0.486042 0.499420 0.039956
v -0.468876 0.510462 0.080525
v -0.400785 0.411111 0.044114
v -0.379487 0.446762 0.025730
v -0.487509 0.488146 0.068614
v -0.466211 0.523796 0.050231
v -0.099620 -0.013956 -0.023368
v -0.063853 0.063286 0.007114
v -0.064727 -0.036690 -0.009665
v -0.028972 0.040552 0.020845
v 0.020305 0.124745 0.056081
v -0.020814 0.148691 0.039437
v 0.074501 0.218118 0.090561
v 0.128262 0.297576 0.119815
v 0.038530 0.249858 0.076696
v 0.079269 0.329799 0.099671
v 0.009850 0.267369 0.065880
v 0.034608 0.400422 0.098754
v 0.031197 0.549131 0.133053
v 0.087263 0.404315 0.125309
v 0.080426 0.570439 0.162111
v 0.001575 0.710310 0.148568
v 0.132875 0.435062 0.124895
v 0.181753 0.527163 0.142343
v 0.162501 0.416787 0.135533
v 0.186614 0.396887 0.150163
v 0.215404 0.508147 0.156765
v 0.208984 0.504418 0.175917
v 0.232866 0.480031 0.185217
v 0.265404 0.572403 0.203325
v 0.258190 0.579941 0.165593
v 0.219752 0.601884 0.148321
v 0.350817 0.781810 0.145989
v 0.282095 0.809240 0.116098
v 0.243385 0.581112 0.136032
v 0.234050 0.600635 0.178328
v 0.312440 0.783026 0.062732
v 0.290575 0.807693 0.135409
v 0.303925 0.732120 0.100699
v 0.288240 0.682666 0.121005
v 0.266926 0.631733 0.131532
v 0.254458 0.652543 0.181423
v 0.272640 0.704761 0.178492
v 0.285192 0.755501 0.165781
v -0.060419 0.040624 -0.065462
v -0.080628 -0.035307 -0.018680
v -0.019070 0.040846 -0.046642
v -0.045497 0.097930 -0.121366
v -0.027703 0.134855 -0.183468
v -0.004012 0.101826 -0.103339
v 0.013960 0.142125 -0.166326
v 0.043696 0.176539 -0.265078
v 0.002164 0.161740 -0.281796
v 0.060274 0.143714 -0.373358
v 0.064533 0.087157 -0.494276
v 0.018458 0.127493 -0.384431
v 0.022801 0.068747 -0.504506
v 0.045389 0.006086 -0.596758
v -0.010942 0.184342 -0.312105
v -0.036401 0.189928 -0.411805
v -0.061836 0.163744 -0.306354
v -0.074656 0.165642 -0.402535
v -0.105422 0.159833 -0.501302
v -0.135957 0.092553 -0.620560
v -0.073567 0.188358 -0.518549
v -0.104755 0.128985 -0.634252
v -0.181614 -0.026609 -0.756560
v -0.039123 -0.036191 -0.000196
v -0.268679 -0.002382 0.051539
v -0.236262 -0.032784 -0.023790
v -0.308220 -0.000898 0.033584
v -0.291761 0.009910 0.124905
v -0.312887 0.002577 0.192467
v -0.332163 0.013803 0.109479
v -0.354122 0.008590 0.179485
v -0.383922 -0.022218 0.274224
v -0.341242 -0.033877 0.282957
v -0.386765 -0.107443 0.342713
v -0.372460 -0.215127 0.409920
v -0.343814 -0.117208 0.346210
v -0.329168 -0.226169 0.411602
v -0.332142 -0.327429 0.451364
v -0.332226 -0.029432 0.319886
v -0.304482 -0.071769 0.404455
v -0.280776 -0.031973 0.308304
v -0.264208 -0.077932 0.387228
v -0.229163 -0.127534 0.465531
v -0.180273 -0.235533 0.528379
v -0.263955 -0.120922 0.491806
v -0.216314 -0.220802 0.555952
v -0.105463 -0.389387 0.578850
v -0.275696 -0.032366 -0.042060
v -0.154715 0.056730 -0.056007
v -0.132760 -0.006843 0.007583
v -0.119604 0.042395 -0.082010
v -0.189967 0.104421 -0.113254
v -0.232563 0.131684 -0.169062
v -0.154963 0.093495 -0.140949
v -0.197777 0.123865 -0.198428
v -0.268493 0.143719 -0.280374
v -0.303957 0.144380 -0.248443
v -0.363545 0.104559 -0.333560
v -0.478901 0.047155 -0.374457
v -0.394266 0.104090 -0.298309
v -0.509152 0.044603 -0.338166
v -0.591576 -0.024618 -0.379141
v -0.333627 0.169878 -0.258934
v -0.433693 0.182372 -0.285584
v -0.353840 0.168880 -0.206851
v -0.445742 0.173396 -0.241246
v -0.548989 0.177049 -0.259265
v -0.679711 0.122093 -0.266712
v -0.546298 0.192183 -0.303329
v -0.672932 0.145010 -0.311189
v -0.839841 0.023209 -0.252150
v -0.098047 -0.022287 -0.018343
v -0.024311 0.051094 -0.013833
v -0.048169 -0.033604 -0.040038
v -0.055945 0.049516 0.018990
v 0.012948 0.118994 0.012367
v 0.058401 0.168169 0.045490
v -0.018611 0.121192 0.045184
v 0.027038 0.173867 0.078402
v 0.102896 0.228210 0.135040
v 0.135080 0.215026 0.102922
v 0.203362 0.217642 0.189601
v 0.323751 0.185617 0.239221
v 0.230636 0.201952 0.155521
v 0.350580 0.167613 0.205180
v 0.439100 0.124845 0.263372
v 0.163932 0.242558 0.098043
v 0.264331 0.266243 0.106026
v 0.179402 0.218893 0.050370
v 0.272837 0.238833 0.069520
v 0.376089 0.250886 0.073416
v 0.508603 0.206428 0.090826
v 0.376469 0.283727 0.106038
v 0.504578 0.246333 0.120822
v 0.670527 0.113482 0.105016
v -0.079358 -0.036198 -0.006839
v -0.103845 0.015982 0.028688
v -0.039247 -0.030693 -0.004373
v -0.121637 0.018395 -0.010236
v -0.163983 0.043841 0.067564
v -0.223037 0.051519 0.104749
v -0.183495 0.049134 0.029799
v -0.244253 0.059394 0.068118
v -0.331341 0.050411 0.121580
v -0.307558 0.036159 0.156373
v -0.393193 -0.018740 0.176662
v -0.446107 -0.111618 0.243399
v -0.365576 -0.032163 0.207601
v -0.417370 -0.126642 0.273296
v -0.464724 -0.216513 0.308035
v -0.322922 0.046264 0.189348
v -0.363471 0.018059 0.273098
v -0.278196 0.036099 0.214035
v -0.324238 0.004578 0.286641
v -0.356966 -0.032570 0.370936
v -0.381663 -0.130308 0.456719
v -0.397672 -0.017585 0.367625
v -0.422458 -0.107130 0.453004
v -0.388776 -0.277301 0.553182
v -0.056980 -0.029375 -0.043389
v -0.189027 0.059544 -0.016666
v -0.205102 -0.025763 -0.016771
v -0.230144 0.067010 -0.027323
v -0.170694 0.132846 -0.000327
v -0.158469 0.194608 0.031693
v -0.210728 0.143477 -0.012231
v -0.197508 0.208235 0.018774
v -0.185754 0.288694 0.082335
v -0.148946 0.269263 0.098801
v -0.177702 0.317770 0.186612
v -0.161654 0.329893 0.311792
v -0.142645 0.294683 0.199314
v -0.127492 0.304820 0.324961
v -0.137149 0.306659 0.432527
v -0.122914 0.294654 0.109784
v -0.070778 0.333055 0.183110
v -0.085994 0.257468 0.110472
v -0.046781 0.296305 0.184239
v 0.006657 0.323722 0.262126
v 0.049489 0.313948 0.387847
v -0.008389 0.364756 0.264457
v 0.036083 0.359129 0.383232
v 0.096460 0.266779 0.551890
v -0.246551 -0.018923 -0.026576
v -0.284619 0.038903 0.016100
v -0.234821 -0.035457 -0.014247
v -0.308994 0.038552 -0.024023
v -0.333851 0.093713 0.056772
v -0.387656 0.126999 0.100474
v -0.359066 0.097092 0.017352
v -0.413779 0.133789 0.061802
v -0.498815 0.161612 0.129758
v -0.472016 0.147085 0.167773
v -0.573309 0.120104 0.211566
v -0.642910 0.053860 0.310645
v -0.542896 0.104487 0.244888
v -0.611922 0.036038 0.343137
v -0.680109 -0.035446 0.406909
v -0.480024 0.168994 0.201918
v -0.516466 0.169439 0.301980
v -0.431809 0.150342 0.226042
v -0.476725 0.146667 0.315638
v -0.507281 0.135660 0.417663
v -0.545477 0.059980 0.535271
v -0.546490 0.162565 0.414661
v -0.582639 0.095290 0.529843
v -0.576740 -0.069585 0.674474
v -0.259444 -0.036977 -0.054205
v -0.219530 0.054578 -0.080628
v -0.242499 -0.029372 -0.043766
v -0.200156 0.066907 -0.039669
v -0.189331 0.119164 -0.125370
v -0.147049 0.165106 -0.170278
v -0.170421 0.135188 -0.085525
v -0.128425 0.184551 -0.131549
v -0.052997 0.234256 -0.198396
v -0.069591 0.207448 -0.235562
v 0.038140 0.214447 -0.271008
v 0.134894 0.168230 -0.357955
v 0.018150 0.185789 -0.303555
v 0.115071 0.137399 -0.389436
v 0.209284 0.089253 -0.440796
v -0.066853 0.227334 -0.271726
v -0.024347 0.231058 -0.369320
v -0.103177 0.190371 -0.295604
v -0.052229 0.194328 -0.381925
v -0.011021 0.185114 -0.480341
v 0.061366 0.117065 -0.585965
v 0.015839 0.224451 -0.478832
v 0.083156 0.163711 -0.583171
v 0.148076 -0.005614 -0.706749
v -0.222468 -0.018055 -0.002815
v -0.219646 0.041656 0.030866
v -0.225152 -0.034724 -0.016289
v -0.235307 0.064195 -0.004389
v -0.226026 0.101588 0.083605
v -0.248800 0.148225 0.135192
v -0.240133 0.127145 0.049822
v -0.261594 0.176602 0.102863
v -0.312274 0.232833 0.178374
v -0.303545 0.198662 0.208482
v -0.397333 0.230395 0.251902
v -0.494610 0.203796 0.336054
v -0.386279 0.194275 0.277148
v -0.484391 0.165932 0.360039
v -0.581478 0.142079 0.410307
v -0.298612 0.211981 0.245184
v -0.331717 0.213153 0.340960
v -0.275609 0.165039 0.259841
v -0.316764 0.170468 0.345784
v -0.352463 0.159557 0.440594
v -0.433323 0.103736 0.537448
v -0.365245 0.202668 0.446432
v -0.439430 0.152142 0.542563
v -0.542529 0.000818 0.642897
v -0.241703 -0.012906 -0.051606
v -0.104932 0.061592 -0.072470
v -0.149955 -0.013950 -0.037631
v -0.076196 0.061217 -0.035288
v -0.061333 0.117668 -0.117754
v -0.013204 0.152308 -0.166824
v -0.031896 0.121046 -0.081320
v 0.017000 0.159123 -0.131194
v 0.093561 0.189055 -0.207941
v 0.062873 0.174479 -0.242938
v 0.159123 0.149576 -0.298135
v 0.218256 0.085442 -0.405262
v 0.125381 0.133801 -0.328074
v 0.184069 0.067443 -0.434337
v 0.245823 -0.002325 -0.506252
v 0.066691 0.196891 -0.277527
v 0.091739 0.198972 -0.381117
v 0.016318 0.177696 -0.296366
v 0.051026 0.175681 -0.390542
v 0.070171 0.166225 -0.495567
v 0.096138 0.092333 -0.617732
v 0.109101 0.193755 -0.496631
v 0.133179 0.128216 -0.616052
v 0.113599 -0.035374 -0.761259
v -0.120974 -0.015489 -0.000654
v -0.223423 0.075147 -0.021808
v -0.188112 -0.002348 -0.053754
v -0.243259 0.049271 0.014611
v -0.260702 0.167627 0.013849
v -0.294750 0.260700 0.051459
v -0.281577 0.140850 0.051584
v -0.312319 0.222638 0.085012
v -0.344926 0.331482 0.127337
v -0.364477 0.423340 0.163724
v -0.320800 0.352875 0.086148
v -0.340204 0.441652 0.122545
v -0.325923 0.450856 0.047111
v -0.294731 0.417105 0.009814
v -0.314532 0.531278 -0.002412
v -0.353822 0.548264 0.166187
v -0.378927 0.529544 0.208278
v -0.330169 0.787778 0.230159
v -0.360730 0.764778 0.281865
v -0.206129 -0.025347 -0.020734
v -0.386167 0.548230 0.176413
v -0.341314 0.529716 0.196357
v -0.364445 0.787122 0.239758
v -0.309347 0.764461 0.263992
v -0.389168 0.607095 0.195214
v -0.386168 0.667074 0.211974
v -0.373798 0.727675 0.225960
v -0.321262 0.706050 0.249121
v -0.336193 0.646486 0.234062
v -0.341753 0.587544 0.216230
v -0.225278 0.204149 -0.283793
v -0.189694 -0.001980 -0.012286
v -0.187582 0.184859 -0.297770
v -0.153589 -0.017657 -0.030575
v -0.202814 0.122273 -0.135431
v -0.166949 0.106176 -0.153858
v -0.194202 0.063731 -0.072689
v -0.158141 0.047976 -0.091003
v -0.412338 -0.001240 -0.637106
v -0.254146 0.221858 -0.264018
v -0.511316 0.188450 -0.684755
v -0.210834 0.170932 -0.209794
v -0.227088 0.179448 -0.201675
v -0.208616 0.201069 -0.369326
v -0.237884 0.197209 -0.441455
v -0.275636 0.168906 -0.511438
v -0.328805 0.102556 -0.575894
v -0.361356 0.117812 -0.564365
v -0.313962 0.187009 -0.497759
v -0.276014 0.215688 -0.427688
v -0.246496 0.220055 -0.355470
v -0.445029 0.231878 -0.566963
v -0.383937 0.248930 -0.477144
v -0.332274 0.251972 -0.399429
v -0.288995 0.245974 -0.330552
v -0.255870 0.234797 -0.349370
v -0.298324 0.240949 -0.418967
v -0.349226 0.237719 -0.497269
v -0.413345 0.221452 -0.585432
v -0.174412 0.153465 -0.227226
v 0.184648 0.102076 0.124503
v -0.093076 -0.012379 -0.054600
v 0.159463 0.092119 0.161065
v -0.113000 -0.020517 -0.015893
v 0.043028 0.069363 0.028085
v 0.023191 0.060721 0.066742
v -0.025766 0.032788 -0.012829
v -0.045673 0.024556 0.025868
v 0.455705 -0.237447 0.271392
v 0.199396 0.114736 0.089522
v 0.630259 -0.101871 0.237067
v 0.114785 0.093920 0.078459
v 0.124407 0.098926 0.061091
v 0.225616 0.082872 0.201111
v 0.289885 0.052081 0.236404
v 0.348991 -0.003758 0.264787
v 0.400230 -0.098723 0.279247
v 0.421759 -0.091577 0.248113
v 0.374331 0.004813 0.228047
v 0.315181 0.061089 0.199723
v 0.250885 0.092456 0.164521
v 0.527182 -0.010989 0.191235
v 0.434831 0.046487 0.163737
v 0.351097 0.084846 0.139362
v 0.275175 0.109900 0.116228
v 0.259455 0.104933 0.153234
v 0.335316 0.080099 0.177473
v 0.418813 0.041651 0.202815
v 0.512547 -0.015609 0.226984
v 0.093388 0.084415 0.116761
v -0.269950 0.174633 -0.203992
v -0.061647 -0.042082 -0.011436
v -0.230174 0.186978 -0.224546
v -0.026234 -0.026667 -0.034927
v -0.171629 0.082222 -0.087842
v -0.136200 0.097196 -0.111618
v -0.116777 0.023828 -0.047221
v -0.081361 0.039161 -0.070765
v -0.380944 -0.002605 -0.622803
v -0.300199 0.164900 -0.178325
v -0.584819 0.098026 -0.602006
v -0.222672 0.136537 -0.143353
v -0.239494 0.130774 -0.132370
v -0.272464 0.206930 -0.288835
v -0.309988 0.206170 -0.360810
v -0.339810 0.180337 -0.439367
v -0.359026 0.113478 -0.526027
v -0.392667 0.101872 -0.509305
v -0.379480 0.166752 -0.419526
v -0.349695 0.192977 -0.340749
v -0.312242 0.194265 -0.268506
v -0.529866 0.139915 -0.471280
v -0.469752 0.165832 -0.377310
v -0.411875 0.178324 -0.300164
v -0.357578 0.181013 -0.234881
v -0.327401 0.198250 -0.257291
v -0.381253 0.196401 -0.323224
v -0.438509 0.184402 -0.401012
v -0.501256 0.156743 -0.493080
v -0.185763 0.150502 -0.166642
v -0.093157 0.177414 -0.231453
v -0.290001 -0.036468 -0.044394
v -0.061850 0.168495 -0.200424
v -0.256042 -0.041899 -0.017312
v -0.204687 0.091326 -0.132105
v -0.170632 0.085438 -0.105221
v -0.248173 0.031327 -0.086558
v -0.214197 0.025812 -0.059513
v 0.185638 -0.040458 -0.514775
v -0.125856 0.186421 -0.251801
v 0.156418 0.125337 -0.658061
v -0.148752 0.142688 -0.180389
v -0.164184 0.146568 -0.192895
v -0.008282 0.184854 -0.253228
v 0.045837 0.179697 -0.309996
v 0.098682 0.148481 -0.368977
v 0.146659 0.076015 -0.432426
v 0.120351 0.082387 -0.459202
v 0.067588 0.156113 -0.400483
v 0.014679 0.187737 -0.341356
v -0.039505 0.193441 -0.284419
v 0.069303 0.174409 -0.555577
v 0.009891 0.198605 -0.465121
v -0.040023 0.207809 -0.385803
v -0.083813 0.206875 -0.316172
v -0.051351 0.205183 -0.292791
v -0.006597 0.206516 -0.362028
v 0.044191 0.197352 -0.440888
v 0.100734 0.173084 -0.533465
v -0.115139 0.135517 -0.152328
v -0.274838 0.285309 -0.170468
v -0.212392 -0.007392 -0.009757
v -0.267563 0.261647 -0.207081
v -0.206604 -0.025768 -0.048221
v -0.222874 0.150268 -0.082330
v -0.217535 0.131674 -0.120767
v -0.213813 0.073298 -0.046268
v -0.208109 0.054881 -0.084727
v -0.692586 0.315026 -0.322291
v -0.274038 0.302339 -0.135535
v -0.685170 0.527542 -0.277740
v -0.242867 0.223270 -0.128073
v -0.244781 0.232818 -0.110730
v -0.311315 0.310639 -0.244609
v -0.371121 0.345753 -0.278629
v -0.447941 0.362316 -0.307310
v -0.551526 0.349901 -0.324608
v -0.558822 0.369364 -0.293494
v -0.456402 0.385310 -0.270588
v -0.379211 0.368962 -0.241944
v -0.318934 0.334156 -0.207985
v -0.556240 0.495175 -0.231596
v -0.459298 0.453345 -0.204579
v -0.382244 0.407686 -0.181293
v -0.320079 0.360748 -0.159654
v -0.314209 0.347393 -0.196202
v -0.376138 0.394462 -0.218903
v -0.453106 0.439932 -0.243137
v -0.550740 0.482809 -0.266879
v -0.237336 0.202940 -0.166250
v -0.424748 0.191833 -0.068465
v -0.145382 -0.010157 -0.010320
v -0.411648 0.189586 -0.111964
v -0.137359 -0.009276 -0.053851
v -0.275430 0.111516 -0.027779
v -0.267589 0.111918 -0.071363
v -0.208854 0.054749 -0.018598
v -0.200865 0.055541 -0.062139
v -0.790697 -0.044898 -0.210671
v -0.427742 0.195563 -0.028747
v -0.917917 0.098480 -0.095555
v -0.349677 0.160191 -0.047832
v -0.353623 0.161174 -0.027772
v -0.485656 0.202488 -0.132398
v -0.561538 0.193382 -0.154285
v -0.636459 0.157841 -0.177430
v -0.709338 0.080107 -0.199587
v -0.720868 0.080776 -0.162851
v -0.649972 0.158751 -0.134064
v -0.574926 0.194715 -0.110878
v -0.498913 0.204387 -0.088941
v -0.789552 0.155421 -0.060187
v -0.683008 0.187875 -0.046962
v -0.589577 0.204494 -0.038879
v -0.506773 0.210082 -0.032993
v -0.501631 0.214067 -0.072966
v -0.584586 0.209005 -0.079838
v -0.678038 0.192554 -0.088905
v -0.785066 0.159519 -0.098600
v -0.340468 0.159444 -0.091747
v -0.315245 0.194077 0.079041
v -0.032183 -0.017258 -0.026206
v -0.342083 0.159869 0.058812
v -0.063108 -0.047378 -0.043959
v -0.168447 0.108376 0.009040
v -0.199301 0.077920 -0.008294
v -0.100926 0.048423 -0.012152
v -0.131838 0.018241 -0.029827
v -0.518059 0.046386 0.492182
v -0.286738 0.223542 0.088944
v -0.556467 0.273069 0.544256
v -0.245146 0.157762 0.038815
v -0.231638 0.172785 0.046401
v -0.403210 0.181673 0.109068
v -0.456796 0.186410 0.173342
v -0.499241 0.169869 0.251852
v -0.521240 0.121125 0.353372
v -0.498280 0.149236 0.371564
v -0.472138 0.203112 0.273174
v -0.429781 0.219960 0.194322
v -0.376334 0.215642 0.129621
v -0.485430 0.295634 0.411009
v -0.432836 0.292682 0.305138
v -0.384309 0.278807 0.218331
v -0.338298 0.258721 0.146399
v -0.369269 0.234239 0.130135
v -0.416380 0.254141 0.201653
v -0.465779 0.267517 0.288144
v -0.515553 0.272467 0.395609
v -0.275035 0.125752 0.020911
v -0.120680 0.258849 -0.089185
v -0.295567 -0.039701 -0.053475
v -0.093993 0.241831 -0.056841
v -0.266407 -0.051546 -0.022658
v -0.226503 0.124202 -0.061488
v -0.197111 0.112041 -0.030998
v -0.263014 0.044945 -0.054689
v -0.233811 0.033042 -0.023932
v 0.247712 0.219076 -0.355205
v -0.150629 0.271243 -0.112286
v 0.207629 0.425573 -0.427608
v -0.175550 0.198473 -0.070871
v -0.189084 0.205216 -0.084514
v -0.036628 0.286084 -0.084247
v 0.026825 0.312655 -0.123283
v 0.095319 0.316455 -0.174581
v 0.169212 0.284239 -0.246879
v 0.147165 0.297823 -0.275116
v 0.069212 0.332541 -0.207790
v 0.000539 0.329039 -0.156222
v -0.063130 0.302883 -0.116842
v 0.094322 0.414928 -0.339250
v 0.015480 0.390593 -0.264119
v -0.048840 0.358696 -0.202274
v -0.103246 0.322555 -0.151418
v -0.075713 0.315454 -0.122867
v -0.020539 0.351916 -0.172972
v 0.044534 0.383773 -0.234170
v 0.121002 0.408559 -0.311958
v -0.146505 0.184596 -0.039930
v -0.271337 0.167863 -0.320004
v -0.230487 -0.010134 -0.023502
v -0.227770 0.157526 -0.326910
v -0.188649 -0.017567 -0.035293
v -0.253418 0.101593 -0.160473
v -0.211693 0.093679 -0.172395
v -0.240994 0.049834 -0.090867
v -0.199177 0.042312 -0.102683
v -0.348578 -0.101314 -0.680709
v -0.306842 0.179191 -0.305904
v -0.482801 0.057621 -0.760240
v -0.261062 0.143111 -0.240702
v -0.280228 0.147885 -0.235646
v -0.240794 0.164052 -0.403078
v -0.256961 0.148756 -0.479071
v -0.275899 0.107433 -0.551787
v -0.301654 0.025170 -0.617522
v -0.338855 0.032687 -0.611967
v -0.319750 0.116428 -0.545155
v -0.300724 0.158175 -0.472358
v -0.284450 0.174037 -0.396290
v -0.447244 0.123723 -0.637065
v -0.406015 0.160976 -0.540146
v -0.368711 0.181398 -0.455347
v -0.336017 0.190322 -0.379720
v -0.298075 0.186536 -0.392884
v -0.329887 0.177928 -0.469131
v -0.366311 0.157478 -0.554394
v -0.410941 0.120334 -0.650151
v -0.218624 0.134048 -0.251420
v -0.267928 0.323875 -0.089612
v -0.151830 -0.017449 -0.018917
v -0.233033 0.323852 -0.122278
v -0.119838 -0.011958 -0.052248
v -0.201458 0.163537 -0.030895
v -0.169753 0.168723 -0.064566
v -0.174196 0.075649 -0.022008
v -0.142258 0.081083 -0.055402
v -0.562926 0.347609 -0.469775
v -0.292026 0.320449 -0.055336
v -0.679420 0.518211 -0.357816
v -0.231452 0.250847 -0.055908
v -0.245893 0.249664 -0.040009
v -0.275551 0.379913 -0.164028
v -0.326678 0.418111 -0.217939
v -0.385866 0.432992 -0.284728
v -0.459253 0.409751 -0.369314
v -0.489538 0.408955 -0.342485
v -0.421494 0.432103 -0.252961
v -0.362078 0.417514 -0.185890
v -0.310671 0.379727 -0.131622
v -0.576952 0.490165 -0.248856
v -0.487890 0.457351 -0.178972
v -0.412032 0.418986 -0.126143
v -0.347365 0.377281 -0.084629
v -0.318614 0.386311 -0.114681
v -0.382640 0.428765 -0.156852
v -0.457882 0.467495 -0.210450
v -0.549589 0.499328 -0.277798
v -0.198880 0.254350 -0.089830
v -0.130152 -0.007744 -0.056151
v -0.110608 0.065052 -0.009058
v -0.166674 -0.013617 -0.033765
v -0.147228 0.059476 0.013230
v -0.119756 0.120322 0.050827
v -0.085954 0.179308 0.092893
v -0.085836 0.121602 0.027395
v -0.054947 0.176950 0.068096
v -0.014552 0.222702 0.106704
v 0.033857 0.250476 0.149688
v -0.044119 0.225467 0.130275
v 0.005737 0.253763 0.172064
v 0.059365 0.259311 0.215848
v 0.085999 0.255737 0.194647
v 0.112797 0.242054 0.262863
v 0.177546 0.183270 0.316553
v 0.137969 0.237404 0.242742
v 0.201294 0.176114 0.297336
v 0.254821 0.067432 0.352713
v -0.147104 -0.018033 -0.030965
v -0.164533 0.041905 -0.101069
v -0.104694 -0.001775 -0.026223
v -0.122260 0.058475 -0.096267
v -0.145645 0.102464 -0.160035
v -0.169628 0.141803 -0.230792
v -0.184767 0.083334 -0.161136
v -0.205905 0.120804 -0.228057
v -0.230417 0.144304 -0.296355
v -0.249135 0.147636 -0.368286
v -0.196116 0.164789 -0.299040
v -0.216850 0.167711 -0.370978
v -0.228151 0.148183 -0.440776
v -0.258517 0.128750 -0.438097
v -0.226461 0.108386 -0.507077
v -0.208647 0.025525 -0.574628
v -0.254613 0.088860 -0.504137
v -0.234051 0.004572 -0.570923
v -0.183848 -0.117374 -0.619922
v -0.104089 -0.019024 -0.016894
v -0.132683 0.073456 -0.023711
v -0.094368 -0.020544 -0.063066
v -0.122731 0.072206 -0.069833
v -0.153802 0.149758 -0.065527
v -0.193477 0.227308 -0.059927
v -0.162086 0.145969 -0.021422
v -0.199584 0.219075 -0.017729
v -0.245500 0.282234 -0.006761
v -0.305809 0.328735 0.004026
v -0.239476 0.290597 -0.046853
v -0.299863 0.337358 -0.033956
v -0.371034 0.361410 -0.023630
v -0.376792 0.352761 0.012270
v -0.450895 0.362801 -0.019895
v -0.556027 0.324057 -0.019645
v -0.456637 0.353278 0.013870
v -0.562058 0.312119 0.011894
v -0.674068 0.221233 -0.006710
v -0.269489 -0.019695 -0.051287
v -0.213317 0.023920 -0.114350
v -0.234036 -0.025553 -0.022182
v -0.177823 0.018410 -0.085241
v -0.137548 0.052785 -0.147777
v -0.096574 0.081866 -0.216956
v -0.174149 0.055413 -0.172259
v -0.134191 0.082383 -0.236802
v -0.103321 0.098754 -0.305681
v -0.077382 0.094203 -0.376268
v -0.067364 0.098782 -0.286940
v -0.043029 0.094868 -0.358693
v -0.025313 0.067625 -0.425486
v -0.057995 0.066562 -0.441944
v -0.011299 0.017480 -0.483995
v -0.008582 -0.077687 -0.538589
v -0.042641 0.015309 -0.499010
v -0.039188 -0.082252 -0.551565
v -0.044638 -0.222463 -0.576172
v -0.239300 -0.023652 -0.057575
v -0.219562 0.063164 -0.092956
v -0.212002 -0.015950 -0.020590
v -0.192466 0.071146 -0.055894
v -0.178517 0.141344 -0.097113
v -0.159801 0.210253 -0.145361
v -0.205019 0.129057 -0.130634
v -0.186155 0.194281 -0.175168
v -0.166558 0.247618 -0.228379
v -0.136516 0.283148 -0.288391
v -0.141691 0.263343 -0.200013
v -0.113149 0.298750 -0.261490
v -0.074539 0.311373 -0.324380
v -0.096511 0.296129 -0.349801
v -0.024321 0.302210 -0.384598
v 0.047040 0.251831 -0.452465
v -0.044707 0.286493 -0.408455
v 0.028580 0.234134 -0.474600
v 0.120634 0.135882 -0.524503
v -0.127263 -0.017953 -0.027734
v -0.133751 0.068155 -0.000573
v -0.144400 -0.007896 -0.067036
v -0.150637 0.078427 -0.039919
v -0.156145 0.148445 -0.005900
v -0.167408 0.218618 0.033842
v -0.140072 0.134094 0.030165
v -0.151587 0.200663 0.066528
v -0.167578 0.256933 0.111122
v -0.197736 0.299180 0.160658
v -0.182336 0.274463 0.080040
v -0.211399 0.316400 0.131201
v -0.254386 0.339316 0.182496
v -0.241675 0.322602 0.210327
v -0.311822 0.344174 0.229840
v -0.397954 0.315497 0.281641
v -0.300387 0.327232 0.255953
v -0.388379 0.296989 0.305870
v -0.499882 0.226967 0.338605
v -0.131341 -0.005068 -0.025697
v -0.124852 0.065226 -0.091227
v -0.092952 -0.025894 -0.042676
v -0.086282 0.044699 -0.108138
v -0.092579 0.106907 -0.162778
v -0.105532 0.168023 -0.222810
v -0.129761 0.122516 -0.143488
v -0.140929 0.179376 -0.200991
v -0.165047 0.229454 -0.256093
v -0.202419 0.262378 -0.313955
v -0.131146 0.219174 -0.276911
v -0.169983 0.253285 -0.333823
v -0.219358 0.264667 -0.389485
v -0.250218 0.272808 -0.370578
v -0.275050 0.251905 -0.444573
v -0.354255 0.198245 -0.501280
v -0.304606 0.258311 -0.426396
v -0.382995 0.201496 -0.483402
v -0.465393 0.093147 -0.531478
v -0.242032 -0.029182 -0.030912
v -0.312231 0.028545 -0.017476
v -0.254956 -0.036704 -0.073034
v -0.325122 0.021356 -0.059656
v -0.384290 0.068795 -0.036808
v -0.448550 0.112490 -0.008678
v -0.368542 0.072326 0.002659
v -0.429874 0.113099 0.027945
v -0.488364 0.143800 0.062727
v -0.547676 0.154577 0.103579
v -0.506246 0.143751 0.027851
v -0.564825 0.155195 0.070457
v -0.619725 0.143087 0.115112
v -0.603346 0.142046 0.146459
v -0.671345 0.107500 0.157541
v -0.720084 0.027617 0.207503
v -0.655426 0.105275 0.187112
v -0.704062 0.022829 0.235294
v -0.738232 -0.105779 0.270698
v -0.199449 -0.014710 -0.052365
v -0.223838 0.074599 -0.065056
v -0.242904 -0.026868 -0.046835
v -0.267357 0.062565 -0.059842
v -0.277384 0.142134 -0.067444
v -0.284661 0.225870 -0.068318
v -0.234733 0.148920 -0.071389
v -0.243020 0.227684 -0.071690
v -0.240626 0.303076 -0.062986
v -0.231556 0.371253 -0.035498
v -0.280367 0.301701 -0.060187
v -0.269427 0.370421 -0.033333
v -0.253114 0.424884 0.012495
v -0.217169 0.425318 0.010768
v -0.235487 0.463599 0.076676
v -0.206269 0.480142 0.179213
v -0.201269 0.463003 0.075894
v -0.173415 0.477362 0.180288
v -0.146926 0.451079 0.315278
v -0.110358 -0.013754 -0.064638
v -0.068389 0.063585 -0.059256
v -0.095161 -0.025771 -0.026374
v -0.053337 0.051830 -0.020864
v -0.017814 0.118706 -0.027316
v 0.023445 0.185376 -0.039204
v -0.034060 0.125669 -0.064215
v 0.005685 0.188126 -0.074323
v 0.046214 0.243168 -0.095755
v 0.094349 0.282756 -0.127353
v 0.063026 0.241041 -0.062183
v 0.110230 0.281366 -0.095305
v 0.162401 0.300588 -0.135985
v 0.147397 0.301459 -0.166430
v 0.219970 0.297895 -0.180205
v 0.290394 0.257790 -0.241792
v 0.205838 0.297482 -0.209241
v 0.277115 0.254707 -0.269770
v 0.352059 0.164064 -0.329978
v -0.125175 -0.011261 -0.053105
v -0.122415 0.081247 -0.052866
v -0.170087 -0.010942 -0.053165
v -0.167327 0.081578 -0.052962
v -0.160620 0.173612 -0.049879
v -0.153988 0.264474 -0.043433
v -0.115710 0.173257 -0.049715
v -0.109079 0.264101 -0.043217
v -0.100831 0.343120 -0.034746
v -0.102828 0.456229 -0.016642
v -0.147430 0.354163 -0.033625
v -0.059736 0.452624 -0.024525
v -0.031032 0.597675 -0.038741
v -0.143138 0.456039 -0.017163
v -0.137138 0.527852 0.002515
v -0.092226 0.527534 0.002574
v -0.126662 0.635244 0.048385
v -0.081750 0.634926 0.048445
v -0.113159 0.517020 0.024014
v -0.112671 0.537021 -0.016197
v -0.104695 0.625679 0.067243
v -0.104207 0.645679 0.027032
v -0.119889 -0.016222 -0.071302
v -0.076875 0.061812 -0.064895
v -0.134348 -0.012722 -0.030619
v -0.091355 0.065331 -0.024220
v -0.042831 0.154071 -0.007692
v -0.027408 0.147819 -0.054638
v 0.013863 0.248992 0.010070
v 0.064361 0.331334 0.032220
v 0.034263 0.250722 -0.034822
v 0.085461 0.325939 -0.025041
v 0.045053 0.247448 -0.067828
v 0.121417 0.359478 -0.091370
v 0.199439 0.476246 -0.146388
v 0.121811 0.392772 -0.043398
v 0.209092 0.521448 -0.107695
v 0.290737 0.581253 -0.230603
v 0.156155 0.421256 -0.012361
v 0.221603 0.501657 0.000402
v 0.145232 0.424127 0.021783
v 0.129004 0.427765 0.051559
v 0.208852 0.507727 0.038640
v 0.191930 0.518209 0.034681
v 0.176063 0.515077 0.065669
v 0.236572 0.592645 0.063309
v 0.264339 0.567873 0.052748
v 0.279577 0.560487 0.008965
v 0.441484 0.698227 0.065478
v 0.460029 0.678442 -0.008563
v 0.280235 0.543577 0.037733
v 0.263190 0.584956 0.023556
v 0.485788 0.629219 0.026986
v 0.448770 0.693574 0.000427
v 0.423764 0.623936 0.038523
v 0.372232 0.604963 0.042363
v 0.324474 0.576640 0.041227
v 0.302436 0.623763 0.023955
v 0.345200 0.657830 0.021995
v 0.391739 0.682548 0.015059
v -0.004984 0.002098 -0.078400
v -0.087087 -0.027572 -0.068321
v -0.004945 0.015259 -0.036772
v 0.071600 0.012117 -0.091011
v 0.142240 0.003261 -0.097701
v 0.074288 0.027562 -0.050296
v 0.147490 0.020711 -0.057811
v 0.246804 -0.011529 -0.061497
v 0.237117 -0.034361 -0.099420
v 0.311380 -0.100422 -0.063617
v 0.367844 -0.215193 -0.074242
v 0.296776 -0.120945 -0.100177
v 0.351450 -0.236848 -0.110024
v 0.389959 -0.338239 -0.096110
v 0.267087 -0.036148 -0.123449
v 0.333238 -0.092833 -0.170543
v 0.235090 -0.050229 -0.163354
v 0.300767 -0.107047 -0.197360
v 0.358214 -0.171932 -0.246388
v 0.396291 -0.295176 -0.285594
v 0.396670 -0.159591 -0.228165
v 0.436380 -0.274803 -0.268988
v 0.412669 -0.467973 -0.330230
v -0.087371 -0.015435 -0.026372
v -0.020435 0.037361 -0.072882
v -0.062212 -0.037814 -0.067102
v -0.036819 0.049041 -0.035080
v 0.030471 0.094548 -0.078417
v 0.088085 0.134459 -0.075763
v 0.014697 0.109583 -0.041587
v 0.073021 0.152594 -0.039784
v 0.165616 0.194688 -0.027263
v 0.180574 0.169829 -0.060935
v 0.269333 0.172937 -0.007548
v 0.385455 0.126676 0.007431
v 0.279022 0.146571 -0.040825
v 0.394439 0.098349 -0.025102
v 0.484407 0.051164 0.009288
v 0.207812 0.187101 -0.080493
v 0.300617 0.187379 -0.109173
v 0.201540 0.153733 -0.119928
v 0.291584 0.154275 -0.136064
v 0.383775 0.142775 -0.166174
v 0.497620 0.076773 -0.179221
v 0.399947 0.178037 -0.146583
v 0.510122 0.118842 -0.162343
v 0.628722 -0.039681 -0.191570
v -0.078232 -0.027071 -0.028856
v 0.005825 0.021682 -0.033766
v -0.059403 -0.031751 -0.076242
v -0.023310 0.027887 0.002466
v 0.074111 0.053937 0.003192
v 0.139769 0.064214 0.041731
v 0.047021 0.063333 0.040272
v 0.114685 0.076477 0.079682
v 0.209727 0.069574 0.139007
v 0.231609 0.050288 0.100030
v 0.292557 -0.004796 0.178347
v 0.381821 -0.106360 0.205380
v 0.308800 -0.023215 0.137457
v 0.396458 -0.126541 0.164055
v 0.451813 -0.223300 0.201127
v 0.271607 0.060408 0.097883
v 0.372773 0.027478 0.098734
v 0.273360 0.044719 0.043116
v 0.366294 0.009224 0.055087
v 0.463929 -0.034037 0.048856
v 0.557722 -0.144013 0.039491
v 0.481155 -0.014652 0.088775
v 0.574775 -0.115665 0.078963
v 0.652165 -0.309565 0.012164
v -0.088680 -0.026739 -0.039924
v -0.001265 0.023388 -0.090768
v -0.065166 -0.041298 -0.068426
v 0.000415 0.036663 -0.046217
v 0.065439 0.066546 -0.116082
v 0.135693 0.088836 -0.135368
v 0.068501 0.083188 -0.072786
v 0.140190 0.108539 -0.093239
v 0.248564 0.120728 -0.115580
v 0.242504 0.093876 -0.155243
v 0.348564 0.062694 -0.134054
v 0.450533 -0.024122 -0.161734
v 0.337039 0.035944 -0.171326
v 0.437924 -0.052746 -0.197963
v 0.521240 -0.134159 -0.196052
v 0.267712 0.105004 -0.185566
v 0.347293 0.078419 -0.249543
v 0.236156 0.076846 -0.223069
v 0.317655 0.050075 -0.273226
v 0.392125 0.011691 -0.338304
v 0.475128 -0.091741 -0.393496
v 0.426786 0.040742 -0.324760
v 0.507579 -0.054192 -0.381420
v 0.557918 -0.252864 -0.453889
v -0.063294 -0.029157 -0.023548
v -0.120086 0.067761 -0.021827
v -0.110774 -0.004612 -0.073143
v -0.155012 0.048913 -0.002103
v -0.112319 0.128127 0.029228
v -0.093047 0.171410 0.084219
v -0.148303 0.112662 0.049903
v -0.129919 0.159077 0.105902
v -0.089768 0.206180 0.192029
v -0.050090 0.211773 0.169441
v -0.007657 0.201543 0.267398
v 0.099835 0.183760 0.338843
v 0.028762 0.204445 0.241009
v 0.136534 0.184490 0.311786
v 0.216732 0.147372 0.378953
v -0.031300 0.244223 0.180295
v 0.050345 0.284934 0.222512
v -0.000266 0.241747 0.136353
v 0.073874 0.274025 0.185592
v 0.162419 0.306305 0.222109
v 0.291324 0.290386 0.265232
v 0.146090 0.325251 0.259491
v 0.269474 0.315491 0.300733
v 0.461852 0.238784 0.302038
v -0.145076 -0.024386 -0.053206
v -0.080889 0.044743 -0.100545
v -0.095752 -0.030513 -0.059195
v -0.043540 0.048847 -0.079037
v -0.068215 0.102047 -0.151322
v -0.050098 0.140525 -0.208062
v -0.031067 0.109664 -0.130495
v -0.013070 0.151379 -0.188002
v 0.019724 0.189710 -0.278501
v -0.016402 0.171733 -0.298270
v 0.048197 0.163244 -0.380308
v 0.068704 0.113335 -0.495581
v 0.011471 0.143741 -0.394770
v 0.032222 0.091747 -0.509273
v 0.068211 0.037251 -0.595834
v -0.028602 0.192536 -0.327810
v -0.044655 0.197745 -0.424553
v -0.074859 0.167484 -0.327184
v -0.078897 0.170451 -0.419534
v -0.098802 0.164285 -0.516047
v -0.110087 0.100488 -0.632994
v -0.070368 0.195122 -0.529130
v -0.083429 0.138649 -0.642631
v -0.128587 -0.013587 -0.768013
v -0.058108 -0.027432 -0.038011
v -0.144790 0.074774 -0.063249
v -0.125749 -0.009279 -0.071995
v -0.180545 0.064142 -0.041786
v -0.146993 0.150201 -0.047217
v -0.138146 0.214018 -0.018627
v -0.184021 0.142777 -0.026640
v -0.176283 0.209631 0.001249
v -0.152144 0.292957 0.056757
v -0.110947 0.291471 0.039562
v -0.084364 0.331537 0.131935
v 0.008799 0.359694 0.212773
v -0.045637 0.325702 0.112406
v 0.047970 0.351733 0.193719
v 0.116262 0.358710 0.276818
v -0.095662 0.325957 0.035810
v -0.025015 0.388080 0.061863
v -0.059318 0.307020 0.003326
v 0.003388 0.364388 0.038378
v 0.081790 0.417433 0.064308
v 0.199610 0.436477 0.122762
v 0.059944 0.448912 0.085269
v 0.172531 0.471792 0.138650
v 0.359532 0.426443 0.197152
v -0.160904 -0.020541 -0.049850
v -0.092822 0.053571 -0.012823
v -0.058614 -0.019346 -0.055868
v -0.134047 0.043212 -0.028686
v -0.117224 0.110280 0.040117
v -0.139507 0.147051 0.100724
v -0.159364 0.103520 0.024818
v -0.182532 0.143597 0.086101
v -0.213904 0.178154 0.184133
v -0.169338 0.174237 0.198826
v -0.216877 0.151069 0.295035
v -0.201876 0.104638 0.419169
v -0.172014 0.145393 0.304188
v -0.156648 0.096754 0.427630
v -0.159608 0.038126 0.524925
v -0.160071 0.201431 0.226604
v -0.131288 0.220231 0.323604
v -0.106299 0.192195 0.218682
v -0.089155 0.204356 0.313295
v -0.052706 0.213189 0.409730
v -0.001577 0.163883 0.530492
v -0.089148 0.235211 0.427255
v -0.039351 0.193450 0.543931
v 0.076793 0.068839 0.670175
v -0.099724 -0.030788 -0.071314
v -0.099947 0.037776 -0.059684
v -0.070981 -0.045132 -0.058557
v -0.058929 0.051860 -0.054876
v -0.131412 0.107424 -0.076317
v -0.157080 0.165532 -0.109057
v -0.091791 0.124585 -0.070232
v -0.118771 0.185600 -0.101932
v -0.150887 0.260656 -0.167039
v -0.186554 0.234909 -0.177804
v -0.176740 0.282562 -0.271511
v -0.210634 0.285156 -0.395201
v -0.209628 0.253632 -0.278605
v -0.242391 0.254345 -0.402810
v -0.246950 0.251429 -0.511960
v -0.217661 0.255852 -0.186224
v -0.284674 0.282407 -0.254046
v -0.248699 0.213248 -0.180497
v -0.303018 0.242103 -0.250534
v -0.370236 0.257227 -0.322335
v -0.427426 0.233989 -0.442104
v -0.361870 0.300307 -0.328258
v -0.420424 0.281372 -0.441001
v -0.487957 0.170573 -0.598300
v -0.029649 -0.031674 -0.054624
v -0.009958 0.037409 -0.064594
v -0.039008 -0.043570 -0.073053
v -0.039750 0.044647 -0.034520
v 0.030347 0.101921 -0.052745
v 0.076870 0.149913 -0.030830
v 0.000921 0.112621 -0.023391
v 0.047904 0.163832 -0.002050
v 0.123372 0.218709 0.041039
v 0.152521 0.197999 0.014424
v 0.216827 0.211649 0.094913
v 0.327288 0.182398 0.148614
v 0.241172 0.188641 0.066889
v 0.351033 0.157306 0.121058
v 0.430751 0.122270 0.184207
v 0.181753 0.220146 0.005147
v 0.277819 0.235696 0.009570
v 0.194391 0.188131 -0.034080
v 0.283633 0.202903 -0.018758
v 0.381459 0.206766 -0.015851
v 0.502308 0.159023 0.010696
v 0.384410 0.243126 0.008002
v 0.501678 0.201713 0.030719
v 0.646939 0.063846 0.043934
v -0.068463 -0.037229 -0.042432
v -0.254672 0.035502 -0.026202
v -0.252861 -0.045990 -0.067518
v -0.303717 0.033489 -0.027835
v -0.252892 0.129141 0.024282
v -0.250980 0.220991 0.078162
v -0.303826 0.127309 0.022426
v -0.302783 0.208631 0.069547
v -0.296246 0.310794 0.135587
v -0.287908 0.391346 0.196268
v -0.243897 0.306326 0.134236
v -0.237003 0.384608 0.193380
v -0.168227 0.376755 0.158111
v -0.142737 0.328673 0.134139
v -0.086070 0.422449 0.175380
v -0.224617 0.471682 0.269855
v -0.276774 0.478779 0.272639
v -0.147727 0.626624 0.450655
v -0.211684 0.635139 0.454230
v -0.297116 -0.047469 -0.068772
v -0.246086 0.495365 0.258026
v -0.251722 0.451331 0.286446
v -0.169822 0.651217 0.437001
v -0.176501 0.597168 0.471786
v -0.233260 0.539920 0.299429
v -0.215802 0.580853 0.343520
v -0.191973 0.615366 0.391480
v -0.198390 0.563821 0.424674
v -0.221959 0.531812 0.375122
v -0.239156 0.493382 0.329440
v -0.335162 0.188752 -0.313920
v -0.240271 -0.008889 -0.042839
v -0.310496 0.159392 -0.338148
v -0.217973 -0.034513 -0.071042
v -0.273874 0.110215 -0.171407
v -0.251942 0.084232 -0.199588
v -0.253961 0.053720 -0.107312
v -0.231731 0.028029 -0.135512
v -0.689882 0.016519 -0.545287
v -0.349832 0.214595 -0.287303
v -0.757754 0.225898 -0.580948
v -0.299984 0.156238 -0.245152
v -0.309751 0.169203 -0.232775
v -0.354413 0.177005 -0.399702
v -0.410425 0.176976 -0.455806
v -0.478635 0.155209 -0.503185
v -0.566987 0.100287 -0.534117
v -0.588804 0.124234 -0.513496
v -0.504252 0.183549 -0.478828
v -0.435746 0.205640 -0.431494
v -0.379361 0.206108 -0.375473
v -0.641357 0.257693 -0.501604
v -0.546473 0.263442 -0.442660
v -0.468010 0.257211 -0.389504
v -0.402647 0.243786 -0.340194
v -0.382298 0.223322 -0.368446
v -0.447160 0.236649 -0.418758
v -0.525202 0.242468 -0.472718
v -0.622021 0.238354 -0.529105
v -0.277447 0.128818 -0.272409
v -0.070063 0.164341 -0.302783
v -0.228453 -0.019003 -0.070320
v -0.040439 0.170682 -0.271310
v -0.196725 -0.010023 -0.043475
v -0.165965 0.090701 -0.186925
v -0.134047 0.099229 -0.160139
v -0.198825 0.039700 -0.128125
v -0.167062 0.048595 -0.101290
v 0.252549 -0.056205 -0.505644
v -0.101657 0.160685 -0.324337
v 0.202245 0.050805 -0.684901
v -0.119486 0.135520 -0.245851
v -0.134156 0.132674 -0.258624
v 0.010586 0.181877 -0.324808
v 0.066384 0.172478 -0.376069
v 0.125964 0.138453 -0.422215
v 0.188873 0.064628 -0.461174
v 0.164231 0.058087 -0.487966
v 0.096811 0.130852 -0.453777
v 0.037086 0.165276 -0.407608
v -0.018886 0.175207 -0.356341
v 0.104164 0.106131 -0.603277
v 0.037792 0.140938 -0.525903
v -0.016089 0.160924 -0.454738
v -0.061681 0.170248 -0.389780
v -0.031855 0.181350 -0.367418
v 0.014555 0.172685 -0.432115
v 0.069233 0.153030 -0.502861
v 0.133014 0.117025 -0.582202
v -0.087820 0.143107 -0.217616
v 0.062630 0.275560 -0.073028
v -0.123152 -0.014341 -0.082336
v 0.077117 0.259708 -0.033696
v -0.105689 -0.025202 -0.043869
v -0.050077 0.145924 -0.074709
v -0.032306 0.134731 -0.036465
v -0.089247 0.068630 -0.076618
v -0.071726 0.057708 -0.038192
v 0.489873 0.215954 -0.206946
v 0.042056 0.287346 -0.104512
v 0.481751 0.417562 -0.295362
v 0.003294 0.217865 -0.070549
v -0.004973 0.224168 -0.087830
v 0.141055 0.300976 -0.043320
v 0.213702 0.324081 -0.061299
v 0.294094 0.323982 -0.088355
v 0.384814 0.287160 -0.132077
v 0.373298 0.299715 -0.165977
v 0.280388 0.338861 -0.128284
v 0.199754 0.339270 -0.101041
v 0.126812 0.316596 -0.082822
v 0.347528 0.413582 -0.247152
v 0.249322 0.394718 -0.200131
v 0.168617 0.367444 -0.160788
v 0.100484 0.335247 -0.128526
v 0.117283 0.329004 -0.092876
v 0.185917 0.361539 -0.124207
v 0.267128 0.388787 -0.162705
v 0.363941 0.408020 -0.212977
v 0.020540 0.205003 -0.031923
v -0.293730 0.304969 0.077066
v -0.193660 -0.021540 -0.062590
v -0.332563 0.299503 0.049384
v -0.233436 -0.021651 -0.087103
v -0.224441 0.155799 -0.005438
v -0.264438 0.155330 -0.029610
v -0.207166 0.070186 -0.036922
v -0.246982 0.070009 -0.061372
v -0.605599 0.265878 0.444891
v -0.254994 0.307273 0.093696
v -0.500802 0.453511 0.542312
v -0.256695 0.238173 0.031982
v -0.238124 0.239647 0.042916
v -0.373405 0.348168 0.101483
v -0.421373 0.377136 0.163921
v -0.476390 0.380886 0.236131
v -0.539562 0.343946 0.324654
v -0.507203 0.347629 0.348961
v -0.438130 0.385301 0.264687
v -0.382935 0.381886 0.192206
v -0.334744 0.353384 0.129432
v -0.411649 0.443655 0.418578
v -0.356857 0.422624 0.315788
v -0.314989 0.393285 0.229250
v -0.281251 0.358776 0.155898
v -0.317756 0.362718 0.134022
v -0.352384 0.397858 0.206902
v -0.395183 0.427430 0.293002
v -0.446814 0.447912 0.397847
v -0.296841 0.235995 0.006953
v -0.079146 0.123586 0.236788
v -0.171558 -0.015475 -0.085342
v -0.125453 0.131537 0.241342
v -0.215346 -0.005699 -0.075437
v -0.112810 0.075220 0.065696
v -0.156699 0.084483 0.075709
v -0.141328 0.034240 -0.010743
v -0.185135 0.043920 -0.000817
v -0.141034 -0.182105 0.596097
v -0.039635 0.120269 0.224478
v 0.047291 -0.090029 0.695609
v -0.093803 0.107926 0.152249
v -0.073202 0.104738 0.148165
v -0.115489 0.128808 0.321477
v -0.111525 0.103961 0.400051
v -0.115445 0.053281 0.473533
v -0.129293 -0.038971 0.537214
v -0.090317 -0.047025 0.533589
v -0.069439 0.043919 0.469182
v -0.065423 0.095044 0.395643
v -0.069250 0.120479 0.317025
v 0.049003 -0.006451 0.570716
v 0.031611 0.050747 0.470839
v 0.010191 0.089691 0.382553
v -0.012198 0.115322 0.303196
v -0.050857 0.126891 0.314951
v -0.029220 0.101900 0.394936
v -0.008684 0.063274 0.483664
v 0.012078 0.004819 0.582489
v -0.138765 0.116446 0.160901
v 0.060463 0.251003 0.058602
v -0.122059 -0.010281 -0.090611
v 0.044944 0.233279 0.097862
v -0.133967 -0.023487 -0.049746
v -0.046196 0.139156 -0.024584
v -0.057765 0.125560 0.016263
v -0.087008 0.067770 -0.057450
v -0.098853 0.054492 -0.016588
v 0.474785 0.117267 0.211648
v 0.065643 0.265779 0.021502
v 0.552611 0.320293 0.153499
v 0.003693 0.202813 0.018461
v 0.008911 0.210250 -0.000032
v 0.107521 0.264023 0.133647
v 0.179677 0.274864 0.166506
v 0.260386 0.260872 0.194805
v 0.354548 0.207860 0.212835
v 0.368535 0.221857 0.179503
v 0.276761 0.277473 0.155465
v 0.195787 0.291823 0.127193
v 0.123307 0.281469 0.094382
v 0.415359 0.339529 0.108323
v 0.305281 0.337729 0.083294
v 0.212707 0.324397 0.062235
v 0.133851 0.303883 0.042869
v 0.123846 0.295394 0.081466
v 0.202561 0.316181 0.101924
v 0.295001 0.329416 0.123976
v 0.406073 0.331767 0.145553
v -0.008770 0.187629 0.059139
v -0.435558 0.223943 -0.083154
v -0.156777 -0.005086 -0.052877
v -0.442319 0.202801 -0.124702
v -0.168182 -0.022196 -0.093858
v -0.281170 0.131144 -0.070525
v -0.292790 0.113603 -0.111277
v -0.217145 0.066694 -0.063646
v -0.228590 0.049504 -0.104584
v -0.851199 0.027174 0.034954
v -0.420896 0.242888 -0.049353
v -0.914219 0.232588 0.121286
v -0.357483 0.185584 -0.080395
v -0.352401 0.194830 -0.062009
v -0.520121 0.223353 -0.119668
v -0.601265 0.223040 -0.105747
v -0.683200 0.197151 -0.081954
v -0.764611 0.131448 -0.040015
v -0.759393 0.148246 -0.004223
v -0.676942 0.217074 -0.039792
v -0.594854 0.243349 -0.063778
v -0.513540 0.244185 -0.077948
v -0.775878 0.271625 0.078516
v -0.668723 0.284073 0.035445
v -0.576801 0.282529 -0.000284
v -0.496286 0.272075 -0.029136
v -0.508709 0.259837 -0.067280
v -0.589773 0.270452 -0.039446
v -0.682137 0.271793 -0.004630
v -0.788232 0.260216 0.041918
v -0.368012 0.166542 -0.121461
v -0.043973 0.166069 -0.347986
v -0.194340 -0.008513 -0.073792
v -0.003999 0.156758 -0.325928
v -0.152749 -0.015012 -0.056911
v -0.128557 0.102315 -0.204157
v -0.086969 0.095314 -0.187435
v -0.161421 0.051178 -0.137622
v -0.119830 0.044586 -0.120771
v 0.122582 -0.121630 -0.679749
v -0.081899 0.176839 -0.359172
v 0.061038 0.035293 -0.834844
v -0.085007 0.142840 -0.275954
v -0.103861 0.147216 -0.284022
v 0.033057 0.161236 -0.396412
v 0.067714 0.143187 -0.467865
v 0.098385 0.098374 -0.537362
v 0.119633 0.011422 -0.603833
v 0.085731 0.018019 -0.622896
v 0.058367 0.106290 -0.559769
v 0.027713 0.151543 -0.490168
v -0.006912 0.170180 -0.418608
v 0.011969 0.107316 -0.714791
v -0.015654 0.149269 -0.611452
v -0.038666 0.173507 -0.519787
v -0.059542 0.185559 -0.438033
v -0.020311 0.182643 -0.424854
v 0.001668 0.170931 -0.506574
v 0.025689 0.146683 -0.598064
v 0.049810 0.104755 -0.702591
v -0.043579 0.134711 -0.257760
v -0.181725 0.205806 0.146249
v -0.029944 -0.024630 -0.077154
v -0.217275 0.176334 0.145182
v -0.067084 -0.049802 -0.074264
v -0.108624 0.109476 0.016907
v -0.145522 0.083967 0.020113
v -0.071343 0.045300 -0.032817
v -0.108438 0.020065 -0.029869
v -0.144964 0.077998 0.592418
v -0.150678 0.230764 0.138277
v -0.126002 0.298024 0.645201
v -0.149890 0.164351 0.078785
v -0.133566 0.177136 0.077309
v -0.238136 0.202745 0.216723
v -0.247359 0.211739 0.296419
v -0.242355 0.198899 0.382755
v -0.212175 0.152601 0.478466
v -0.181417 0.176692 0.480146
v -0.206121 0.227398 0.384611
v -0.211342 0.240548 0.298032
v -0.202412 0.231978 0.218043
v -0.135853 0.314652 0.499418
v -0.148875 0.308291 0.386444
v -0.156358 0.291535 0.291483
v -0.158754 0.268811 0.210140
v -0.194590 0.249011 0.214030
v -0.193312 0.271684 0.295615
v -0.186746 0.288062 0.390792
v -0.170424 0.296003 0.503513
v -0.186464 0.137263 0.081093
v 0.045948 0.225330 0.079218
v -0.143588 -0.010822 -0.104287
v 0.018900 0.212851 0.114357
v -0.166698 -0.019354 -0.066823
v -0.058301 0.127980 -0.024888
v -0.081153 0.119002 0.012645
v -0.103148 0.062382 -0.065180
v -0.126211 0.053767 -0.027703
v 0.386219 0.030970 0.328256
v 0.062011 0.236804 0.043838
v 0.511205 0.214910 0.285565
v -0.008416 0.184987 0.027632
v 0.002144 0.190324 0.010610
v 0.076677 0.234669 0.163375
v 0.140730 0.234967 0.212154
v 0.209545 0.208945 0.258950
v 0.286560 0.141377 0.299596
v 0.310114 0.150792 0.269972
v 0.237231 0.220161 0.223954
v 0.168219 0.246584 0.177116
v 0.103932 0.246826 0.128299
v 0.392684 0.254831 0.208960
v 0.291968 0.270483 0.158818
v 0.205124 0.271953 0.116870
v 0.129808 0.264057 0.079919
v 0.109900 0.259726 0.115516
v 0.184881 0.267982 0.153497
v 0.271355 0.266500 0.196388
v 0.373909 0.251011 0.243373
v -0.032379 0.174582 0.064822
v -0.139442 -0.004849 -0.077096
v -0.085551 0.043463 -0.136289
v -0.103128 -0.025951 -0.059629
v -0.049110 0.022671 -0.118737
v -0.012370 0.065440 -0.176341
v 0.022678 0.105260 -0.241608
v -0.049856 0.082395 -0.190134
v -0.015574 0.119065 -0.251452
v 0.006858 0.149119 -0.317527
v 0.019169 0.161504 -0.389550
v 0.043516 0.136470 -0.308192
v 0.054300 0.150107 -0.380770
v 0.053807 0.142163 -0.453402
v 0.020318 0.152533 -0.461626
v 0.045396 0.111451 -0.523558
v 0.015735 0.040539 -0.599364
v 0.013111 0.120109 -0.531038
v -0.016143 0.046241 -0.605751
v -0.060096 -0.073464 -0.663860
v -0.214435 -0.030086 -0.093167
v -0.202208 0.061811 -0.094127
v -0.255205 -0.025496 -0.074428
v -0.243069 0.066589 -0.075658
v -0.221092 0.143425 -0.076801
v -0.193162 0.221881 -0.072372
v -0.182778 0.134033 -0.093982
v -0.157600 0.208292 -0.088864
v -0.122121 0.273991 -0.078852
v -0.078630 0.327582 -0.053620
v -0.156031 0.287350 -0.063494
v -0.110888 0.340826 -0.039439
v -0.061694 0.376304 0.000191
v -0.031131 0.363359 -0.012974
v -0.012721 0.394078 0.056064
v 0.047801 0.381190 0.143416
v 0.016199 0.380704 0.044305
v 0.075170 0.366059 0.133761
v 0.124805 0.310263 0.250943
v -0.123875 -0.017060 -0.098888
v -0.107755 0.065240 -0.057293
v -0.167083 -0.017043 -0.084498
v -0.151009 0.065555 -0.043072
v -0.125745 0.133342 -0.007303
v -0.095266 0.199558 0.034853
v -0.085408 0.128545 -0.022713
v -0.057948 0.190939 0.017881
v -0.021253 0.242420 0.060181
v 0.020769 0.275486 0.111623
v -0.056767 0.251162 0.076213
v -0.012932 0.284475 0.126728
v 0.031982 0.294287 0.183633
v 0.063857 0.285293 0.169387
v 0.073624 0.280997 0.247188
v 0.121037 0.225041 0.326584
v 0.103640 0.271164 0.233832
v 0.149130 0.212852 0.314162
v 0.179641 0.106118 0.399964
v -0.058714 -0.040427 -0.078997
v -0.019157 0.039625 -0.085956
v -0.098123 -0.021915 -0.077352
v -0.058505 0.058273 -0.084606
v -0.015198 0.122166 -0.086541
v 0.032047 0.187234 -0.081577
v 0.020119 0.100256 -0.087126
v 0.063471 0.162361 -0.082051
v 0.111532 0.215165 -0.067972
v 0.158075 0.258267 -0.036105
v 0.081806 0.239167 -0.067894
v 0.130095 0.281492 -0.036473
v 0.171503 0.309848 0.012312
v 0.197807 0.287543 0.012947
v 0.202237 0.325726 0.077502
v 0.223746 0.317707 0.178334
v 0.226562 0.303750 0.078853
v 0.245544 0.294985 0.181208
v 0.235168 0.257265 0.309615
v -0.032342 -0.036845 -0.074562
v -0.054471 0.044097 -0.031353
v -0.074706 -0.040375 -0.091919
v -0.096786 0.040875 -0.048866
v -0.106855 0.108173 -0.004252
v -0.116981 0.173795 0.048658
v -0.065595 0.106794 0.010393
v -0.076667 0.168496 0.060088
v -0.080847 0.219685 0.117046
v -0.085316 0.252111 0.184316
v -0.119183 0.225278 0.106081
v -0.121685 0.258122 0.173836
v -0.125470 0.267013 0.246959
v -0.091055 0.260832 0.256898
v -0.134061 0.252074 0.322798
v -0.144844 0.193608 0.414132
v -0.101572 0.244879 0.332189
v -0.114223 0.183870 0.422953
v -0.137613 0.072968 0.507599
v -0.218024 -0.025861 -0.112896
v -0.212420 0.069677 -0.113718
v -0.224251 -0.026155 -0.066754
v -0.218935 0.069583 -0.067624
v -0.208046 0.150618 -0.078682
v -0.189015 0.233571 -0.091650
v -0.201802 0.145658 -0.122377
v -0.183677 0.223999 -0.133053
v -0.155559 0.294271 -0.150919
v -0.109701 0.352022 -0.168711
v -0.160971 0.303831 -0.111597
v -0.115226 0.361691 -0.131481
v -0.053601 0.400581 -0.148324
v -0.048130 0.390999 -0.183493
v 0.022123 0.420356 -0.158024
v 0.131779 0.407983 -0.163851
v 0.027912 0.410094 -0.191046
v 0.138552 0.395648 -0.194568
v 0.268339 0.336490 -0.179362
v -0.112479 -0.026102 -0.102320
v -0.119697 0.059021 -0.129411
v -0.122066 -0.014896 -0.061289
v -0.129570 0.070348 -0.088491
v -0.129157 0.140682 -0.120465
v -0.121313 0.213414 -0.154339
v -0.119075 0.125488 -0.157848
v -0.111659 0.194622 -0.188428
v -0.093358 0.256179 -0.222767
v -0.057049 0.309331 -0.252810
v -0.102905 0.274391 -0.190535
v -0.066537 0.327060 -0.222482
v -0.013287 0.366139 -0.245769
v -0.004032 0.349032 -0.274283
v 0.054878 0.392334 -0.256765
v 0.158246 0.396203 -0.253933
v 0.064335 0.375250 -0.283158
v 0.168688 0.378051 -0.277650
v 0.294984 0.349193 -0.242168
v -0.029968 -0.043024 -0.095122
v -0.001955 0.022408 -0.034699
v -0.072790 -0.039832 -0.080315
v -0.044772 0.025933 -0.019979
v -0.009923 0.077567 0.030991
v 0.029690 0.125284 0.087623
v 0.029338 0.070529 0.014064
v 0.065408 0.115472 0.068294
v 0.108823 0.148142 0.121241
v 0.154411 0.160145 0.178286
v 0.074918 0.158025 0.139656
v 0.122349 0.170211 0.195830
v 0.167023 0.158240 0.252259
v 0.197271 0.148241 0.235582
v 0.204716 0.123112 0.309389
v 0.241079 0.042467 0.370997
v 0.232984 0.112382 0.293400
v 0.267065 0.029561 0.355360
v 0.278677 -0.098401 0.410786
v -0.091632 -0.022534 -0.075943
v -0.098197 0.072406 -0.075240
v -0.129096 -0.025976 -0.102929
v -0.135495 0.069160 -0.102465
v -0.134870 0.150487 -0.091654
v -0.136484 0.234000 -0.072904
v -0.099300 0.148557 -0.065542
v -0.102271 0.227327 -0.048435
v -0.103239 0.298759 -0.018822
v -0.111980 0.358109 0.026909
v -0.135595 0.305555 -0.042384
v -0.142457 0.365149 0.004221
v -0.158503 0.406034 0.064238
v -0.129810 0.398943 0.085914
v -0.186482 0.427761 0.134202
v -0.232197 0.418001 0.233649
v -0.159785 0.419861 0.155186
v -0.207878 0.407913 0.254520
v -0.279165 0.350751 0.364048
v -0.286425 -0.045359 -0.105778
v -0.272269 0.041888 -0.104898
v -0.256838 -0.051455 -0.075173
v -0.242854 0.035989 -0.074100
v -0.234810 0.111158 -0.083678
v -0.223286 0.188084 -0.100156
v -0.263266 0.112133 -0.113210
v -0.251168 0.184574 -0.127994
v -0.239543 0.250278 -0.154578
v -0.219316 0.303999 -0.194746
v -0.213201 0.254051 -0.127863
v -0.194527 0.308148 -0.169127
v -0.166954 0.344038 -0.221310
v -0.190282 0.339702 -0.245721
v -0.128563 0.361107 -0.280806
v -0.072027 0.347277 -0.364644
v -0.150249 0.355859 -0.304273
v -0.091750 0.339805 -0.387642
v -0.014343 0.279876 -0.476903
v -0.243866 -0.038326 -0.095649
v -0.268778 0.049541 -0.096796
v -0.285751 -0.051160 -0.088892
v -0.310671 0.036716 -0.090074
v -0.331367 0.125449 -0.089043
v -0.351308 0.213243 -0.084708
v -0.289459 0.138254 -0.095697
v -0.309388 0.226034 -0.091311
v -0.324016 0.303270 -0.085125
v -0.356949 0.410122 -0.068344
v -0.370492 0.300099 -0.077071
v -0.316906 0.418891 -0.082535
v -0.335358 0.562981 -0.102262
v -0.394467 0.398130 -0.062730
v -0.407455 0.468550 -0.045198
v -0.365571 0.481384 -0.051956
v -0.423151 0.575213 -0.003177
v -0.381266 0.588047 -0.009934
v -0.378880 0.466563 -0.027763
v -0.390072 0.483291 -0.067254
v -0.397198 0.573681 0.011976
v -0.408390 0.590410 -0.027515
v -0.202477 0.024028 -0.151407
v -0.269068 -0.021053 -0.104805
v -0.170817 0.005841 -0.123140
v -0.149189 0.054419 -0.206974
v -0.103832 0.064859 -0.266583
v -0.115247 0.039130 -0.179709
v -0.067723 0.052174 -0.240380
v -0.007900 0.047399 -0.333165
v -0.048150 0.053706 -0.358402
v 0.005093 -0.009219 -0.433834
v -0.003369 -0.081792 -0.548239
v -0.037091 -0.002924 -0.453472
v -0.046835 -0.077242 -0.566876
v -0.047972 -0.159383 -0.648277
v -0.041679 0.074203 -0.392930
v -0.043851 0.073971 -0.497644
v -0.096582 0.084693 -0.397805
v -0.090805 0.075303 -0.495826
v -0.103893 0.068382 -0.600087
v -0.147660 0.005410 -0.720296
v -0.058652 0.072554 -0.611569
v -0.099141 0.017291 -0.728967
v -0.230209 -0.096673 -0.857019
v -0.237839 -0.040323 -0.076758
v -0.239923 0.029101 -0.167518
v -0.245464 -0.015611 -0.087187
v -0.197123 0.013782 -0.172739
v -0.248764 0.058317 -0.243648
v -0.264491 0.067293 -0.316372
v -0.205416 0.045899 -0.251243
v -0.220697 0.057478 -0.326290
v -0.250825 0.050247 -0.431319
v -0.296177 0.053648 -0.417642
v -0.313906 -0.010441 -0.506175
v -0.400136 -0.088434 -0.573825
v -0.356333 -0.006837 -0.487412
v -0.442537 -0.086554 -0.553445
v -0.498773 -0.172025 -0.605079
v -0.319058 0.072382 -0.445027
v -0.398602 0.066665 -0.511454
v -0.358989 0.080411 -0.407176
v -0.427794 0.066287 -0.475154
v -0.513654 0.053564 -0.533085
v -0.627737 -0.016580 -0.578147
v -0.493139 0.058821 -0.574413
v -0.603489 -0.003429 -0.620139
v -0.776804 -0.127730 -0.604730
v -0.203038 -0.032029 -0.092223
v -0.136170 0.056868 -0.098495
v -0.183548 -0.014064 -0.128590
v -0.146849 0.045710 -0.056294
v -0.080462 0.111912 -0.079637
v -0.017722 0.147198 -0.064280
v -0.090432 0.104289 -0.036519
v -0.026879 0.142819 -0.020296
v 0.073727 0.175340 -0.000646
v 0.082674 0.172458 -0.046330
v 0.182758 0.147430 -0.011960
v 0.302360 0.100702 -0.043021
v 0.186201 0.142866 -0.057299
v 0.305052 0.093966 -0.088687
v 0.400322 0.034951 -0.099106
v 0.109175 0.199364 -0.058183
v 0.201223 0.217820 -0.097893
v 0.094705 0.191658 -0.110270
v 0.185748 0.203267 -0.138411
v 0.276181 0.212054 -0.185825
v 0.388019 0.163427 -0.252041
v 0.298128 0.232772 -0.151634
v 0.406205 0.191619 -0.215859
v 0.514565 0.070032 -0.348441
v -0.193846 -0.026295 -0.086580
v -0.101822 0.035391 -0.157504
v -0.107761 -0.038606 -0.099809
v -0.067370 0.052756 -0.131174
v -0.092652 0.088563 -0.221528
v -0.072679 0.122519 -0.287109
v -0.059065 0.109390 -0.196689
v -0.039799 0.146524 -0.263784
v 0.001172 0.177809 -0.362970
v -0.029256 0.146709 -0.384353
v 0.053732 0.138940 -0.460694
v 0.105378 0.071408 -0.568528
v 0.022124 0.107080 -0.476252
v 0.074352 0.037591 -0.582800
v 0.138340 -0.025648 -0.657583
v -0.041589 0.159850 -0.421338
v -0.043260 0.143690 -0.526036
v -0.084450 0.122642 -0.421043
v -0.073835 0.107924 -0.519160
v -0.077070 0.079089 -0.621658
v -0.055259 -0.010952 -0.732210
v -0.051979 0.115622 -0.638479
v -0.034202 0.033345 -0.747201
v -0.026926 -0.158071 -0.851870
v -0.072722 -0.022284 -0.073563
v -0.187196 0.038417 -0.059382
v -0.199726 -0.032768 -0.111510
v -0.230119 0.048510 -0.063358
v -0.171117 0.089956 -0.001216
v -0.160106 0.122050 0.062868
v -0.213128 0.103483 -0.004291
v -0.201280 0.138726 0.060780
v -0.190296 0.166955 0.162309
v -0.150991 0.143197 0.163789
v -0.179024 0.127810 0.266036
v -0.157899 0.062455 0.376593
v -0.141502 0.103228 0.262187
v -0.121183 0.035898 0.371921
v -0.126660 -0.028781 0.461821
v -0.125031 0.159025 0.188207
v -0.070315 0.149171 0.271837
v -0.085452 0.130276 0.165820
v -0.043979 0.119710 0.250159
v 0.012771 0.098109 0.330829
v 0.062376 0.016056 0.428285
v -0.004446 0.129546 0.357925
v 0.046356 0.055244 0.452176
v 0.119557 -0.119905 0.534467
v -0.242925 -0.023730 -0.115164
v -0.164644 0.067680 -0.125762
v -0.209627 -0.011954 -0.110689
v -0.124639 0.046139 -0.118267
v -0.132297 0.137552 -0.155521
v -0.105426 0.192265 -0.199941
v -0.090811 0.119437 -0.147245
v -0.062540 0.177353 -0.191101
v -0.027739 0.243431 -0.272143
v -0.073349 0.251759 -0.283754
v -0.031528 0.261432 -0.386587
v -0.056710 0.269211 -0.519378
v -0.077593 0.266002 -0.393664
v -0.103479 0.271515 -0.526626
v -0.112020 0.254980 -0.640452
v -0.078902 0.289117 -0.298547
v -0.106877 0.348562 -0.379755
v -0.134088 0.284933 -0.290283
v -0.151408 0.335678 -0.372760
v -0.188646 0.386738 -0.456641
v -0.250417 0.395554 -0.584425
v -0.148994 0.408934 -0.467564
v -0.208136 0.422947 -0.588734
v -0.347210 0.373230 -0.745261
v -0.169918 -0.034317 -0.103990
v -0.214631 0.041648 -0.087299
v -0.145603 -0.019062 -0.084339
v -0.212577 0.041291 -0.132945
v -0.285214 0.082786 -0.081435
v -0.357199 0.102351 -0.075412
v -0.284870 0.085803 -0.126996
v -0.358584 0.108424 -0.120886
v -0.467332 0.115738 -0.112064
v -0.463679 0.102428 -0.066692
v -0.562690 0.057057 -0.085762
v -0.658935 -0.026137 -0.042631
v -0.553470 0.043691 -0.042225
v -0.648422 -0.041448 0.000561
v -0.723807 -0.126174 0.015920
v -0.492140 0.119004 -0.043562
v -0.574468 0.104598 0.017733
v -0.463330 0.106311 0.002174
v -0.546084 0.087633 0.050452
v -0.622732 0.062989 0.116612
v -0.702196 -0.026138 0.191790
v -0.657106 0.083003 0.092772
v -0.735153 0.002456 0.167022
v -0.778019 -0.167753 0.288636
v -0.143625 -0.020590 -0.129976
v -0.223135 0.015129 -0.065159
v -0.153503 -0.029718 -0.096068
v -0.222964 0.039837 -0.101470
v -0.292834 0.039621 -0.037950
v -0.362686 0.046905 -0.022388
v -0.294483 0.066829 -0.072349
v -0.366158 0.076361 -0.055047
v -0.470475 0.069960 -0.043900
v -0.464435 0.035001 -0.015276
v -0.557636 0.002865 -0.054969
v -0.643633 -0.092799 -0.066104
v -0.546328 -0.030761 -0.027837
v -0.630993 -0.127685 -0.040308
v -0.698011 -0.208024 -0.074284
v -0.491712 0.033563 0.012118
v -0.567416 -0.016757 0.052880
v -0.461571 0.000598 0.041326
v -0.537968 -0.046035 0.069458
v -0.607472 -0.106698 0.108472
v -0.675777 -0.223354 0.119424
v -0.642476 -0.080253 0.100592
v -0.709931 -0.189537 0.115492
v -0.736850 -0.392985 0.118863
v -0.153340 -0.005945 -0.133011
v -0.146328 0.054586 -0.143867
v -0.143904 -0.027333 -0.102434
v -0.100818 0.056780 -0.141509
v -0.156160 0.118357 -0.194113
v -0.164626 0.162697 -0.253661
v -0.111002 0.124297 -0.192089
v -0.119799 0.172097 -0.252108
v -0.130722 0.218544 -0.350313
v -0.174895 0.201621 -0.352446
v -0.154127 0.197770 -0.460805
v -0.192548 0.153457 -0.581426
v -0.196386 0.178864 -0.457774
v -0.234306 0.132299 -0.577914
v -0.244653 0.080835 -0.679410
v -0.199537 0.225830 -0.372978
v -0.260764 0.238628 -0.455421
v -0.243743 0.200124 -0.351567
v -0.291709 0.210069 -0.435823
v -0.356963 0.210949 -0.516861
v -0.426622 0.152624 -0.624539
v -0.335166 0.243908 -0.540995
v -0.404495 0.193054 -0.644166
v -0.514047 0.042877 -0.748586
v -0.098321 -0.026194 -0.100581
v -0.126708 0.024476 -0.157343
v -0.104204 -0.040700 -0.095587
v -0.085256 0.043600 -0.151801
v -0.148590 0.068458 -0.223539
v -0.161128 0.093170 -0.293575
v -0.108658 0.090809 -0.219327
v -0.122579 0.118464 -0.290751
v -0.131516 0.135923 -0.399041
v -0.166847 0.103861 -0.400411
v -0.127626 0.084700 -0.502770
v -0.128210 0.004292 -0.611450
v -0.161385 0.052629 -0.498454
v -0.160832 -0.029553 -0.606038
v -0.136027 -0.102156 -0.691940
v -0.194471 0.112614 -0.428713
v -0.241956 0.084307 -0.517170
v -0.230925 0.077550 -0.404958
v -0.264738 0.051085 -0.493314
v -0.312258 0.010707 -0.577639
v -0.339613 -0.091148 -0.672736
v -0.298729 0.043642 -0.607811
v -0.329035 -0.050291 -0.700457
v -0.363654 -0.250035 -0.771797
v -0.062244 -0.022623 -0.090253
v 0.011155 0.022962 -0.104896
v -0.050618 -0.047499 -0.119201
v -0.010605 0.030639 -0.059478
v 0.086410 0.102437 -0.090761
v 0.164243 0.179262 -0.075144
v 0.063745 0.110706 -0.043682
v 0.131869 0.178996 -0.029500
v 0.225746 0.262074 -0.013589
v 0.308839 0.324807 -0.000258
v 0.244133 0.248120 -0.062975
v 0.324557 0.309269 -0.048811
v 0.317766 0.297422 -0.128230
v 0.291475 0.251139 -0.159397
v 0.380404 0.322722 -0.200796
v 0.425588 0.373700 -0.032799
v 0.409384 0.389855 0.016858
v 0.667860 0.466722 -0.036164
v 0.648078 0.486307 0.024811
v -0.069951 -0.040292 -0.078145
v 0.413553 0.404140 -0.019439
v 0.423488 0.354519 0.001258
v 0.654201 0.498640 -0.023078
v 0.666403 0.437714 0.002059
v 0.469908 0.435312 -0.016336
v 0.529440 0.461352 -0.016157
v 0.593056 0.478869 -0.019825
v 0.604691 0.420769 0.004202
v 0.540508 0.406078 0.006760
v 0.480410 0.382864 0.005470
v 0.031208 0.053760 0.125756
v -0.207071 -0.027614 -0.136599
v -0.007428 0.063012 0.151443
v -0.240922 -0.017534 -0.107052
v -0.078666 0.035022 -0.017307
v -0.112617 0.044583 0.012317
v -0.142010 0.008128 -0.077611
v -0.175880 0.018111 -0.048050
v 0.097372 -0.303240 0.434878
v 0.060907 0.050646 0.096780
v 0.319710 -0.236909 0.450747
v -0.020385 0.052552 0.055206
v -0.004050 0.049111 0.041992
v 0.035982 0.046974 0.217893
v 0.070852 0.009605 0.282892
v 0.093543 -0.052110 0.343679
v 0.098412 -0.152872 0.395033
v 0.130869 -0.162040 0.373429
v 0.131839 -0.062776 0.318133
v 0.109259 -0.000617 0.257306
v 0.074559 0.037334 0.192280
v 0.276417 -0.134318 0.349319
v 0.223898 -0.060939 0.275382
v 0.170750 -0.007277 0.211282
v 0.119114 0.031839 0.153902
v 0.090865 0.043158 0.183027
v 0.142172 0.004608 0.241380
v 0.194755 -0.048771 0.306305
v 0.249697 -0.123377 0.377650
v -0.055973 0.061646 0.084006
v 0.069790 0.184424 -0.060703
v -0.208875 -0.015666 -0.138266
v 0.067429 0.163875 -0.019885
v -0.206393 -0.032684 -0.097180
v -0.082537 0.106613 -0.099590
v -0.079846 0.089159 -0.058687
v -0.147491 0.049188 -0.117371
v -0.144970 0.032089 -0.076319
v 0.470441 -0.040135 -0.102885
v 0.063120 0.203553 -0.095477
v 0.561625 0.152831 -0.173944
v -0.007184 0.153411 -0.076873
v -0.008139 0.162564 -0.095295
v 0.144061 0.177584 -0.011271
v 0.223743 0.170732 -0.010647
v 0.303836 0.138949 -0.019409
v 0.383375 0.068462 -0.045739
v 0.385874 0.084747 -0.080802
v 0.306684 0.158271 -0.060731
v 0.226443 0.190443 -0.051810
v 0.146598 0.197817 -0.052223
v 0.425576 0.201997 -0.156682
v 0.317078 0.222966 -0.133862
v 0.223241 0.229107 -0.115492
v 0.140743 0.225648 -0.101766
v 0.145069 0.213235 -0.063202
v 0.227928 0.216819 -0.075860
v 0.322014 0.210456 -0.093281
v 0.430167 0.190376 -0.119605
v -0.005704 0.134592 -0.035862
v -0.078571 0.188811 -0.380155
v -0.130548 -0.023272 -0.101811
v -0.034315 0.177370 -0.374779
v -0.086458 -0.031205 -0.101343
v -0.110279 0.104652 -0.228356
v -0.066261 0.096250 -0.228102
v -0.119798 0.044681 -0.163261
v -0.075722 0.036661 -0.162832
v -0.045213 -0.042598 -0.780850
v -0.117203 0.200189 -0.376052
v -0.149995 0.131434 -0.880480
v -0.092954 0.155193 -0.303376
v -0.113037 0.160245 -0.303772
v -0.023671 0.192366 -0.451384
v -0.016269 0.185430 -0.531187
v -0.012722 0.151981 -0.611551
v -0.018177 0.076735 -0.691780
v -0.055871 0.085217 -0.696846
v -0.057179 0.162106 -0.617426
v -0.060663 0.195972 -0.536911
v -0.067980 0.203467 -0.456940
v -0.152659 0.184022 -0.743730
v -0.142011 0.209975 -0.633755
v -0.131581 0.220341 -0.538508
v -0.122898 0.220228 -0.454766
v -0.082141 0.216273 -0.456395
v -0.089779 0.216734 -0.540434
v -0.099215 0.206353 -0.635865
v -0.113512 0.180525 -0.745736
v -0.048620 0.145478 -0.301874
v -0.109137 0.321678 -0.184031
v -0.119444 -0.031887 -0.102574
v -0.063687 0.313290 -0.193724
v -0.074913 -0.034324 -0.113704
v -0.117504 0.153224 -0.118270
v -0.073091 0.150554 -0.129865
v -0.117463 0.062656 -0.106461
v -0.072954 0.060176 -0.117677
v -0.147448 0.406354 -0.650853
v -0.147306 0.324320 -0.167869
v -0.266578 0.598342 -0.597578
v -0.111508 0.243640 -0.145078
v -0.131792 0.245996 -0.139196
v -0.065459 0.376279 -0.244348
v -0.071506 0.423886 -0.311500
v -0.082100 0.450732 -0.396098
v -0.102653 0.443911 -0.506997
v -0.141472 0.450387 -0.499952
v -0.127864 0.458398 -0.387632
v -0.117172 0.431785 -0.302651
v -0.111000 0.384515 -0.235010
v -0.245228 0.549581 -0.456968
v -0.215456 0.498751 -0.356518
v -0.188699 0.445353 -0.277713
v -0.165861 0.391131 -0.214466
v -0.124971 0.392878 -0.224106
v -0.146795 0.447664 -0.287498
v -0.172576 0.501263 -0.366597
v -0.206022 0.551784 -0.466368
v -0.066593 0.239152 -0.156625
v -0.427220 0.204107 -0.100710
v -0.142534 -0.029645 -0.100819
v -0.415528 0.210843 -0.146695
v -0.136002 -0.019448 -0.145867
v -0.273045 0.105479 -0.084814
v -0.266734 0.115205 -0.130011
v -0.205905 0.041932 -0.091545
v -0.199414 0.052041 -0.136621
v -0.831800 0.009150 -0.278571
v -0.428373 0.199265 -0.058856
v -0.952153 0.137041 -0.121540
v -0.349198 0.163472 -0.090618
v -0.352391 0.160213 -0.069539
v -0.493496 0.232102 -0.160757
v -0.574759 0.231126 -0.181040
v -0.656582 0.203186 -0.208474
v -0.738629 0.131519 -0.244268
v -0.749064 0.124588 -0.205677
v -0.668789 0.195124 -0.162897
v -0.586809 0.223484 -0.135334
v -0.505374 0.225025 -0.114883
v -0.812382 0.181796 -0.079815
v -0.697942 0.207289 -0.065032
v -0.598422 0.218242 -0.058284
v -0.510802 0.218828 -0.055625
v -0.506960 0.231564 -0.096168
v -0.594753 0.231745 -0.099718
v -0.694330 0.221185 -0.107442
v -0.809154 0.194333 -0.118693
v -0.341530 0.172025 -0.136483
v 0.056551 0.241162 -0.239494
v -0.121663 -0.037355 -0.131865
v 0.050328 0.255872 -0.197167
v -0.124540 -0.018513 -0.092169
v -0.050795 0.110427 -0.201265
v -0.053311 0.128958 -0.161385
v -0.089308 0.039186 -0.168136
v -0.092118 0.057970 -0.128406
v 0.497540 0.226090 -0.124469
v 0.053452 0.226365 -0.276299
v 0.542770 0.328154 -0.316811
v -0.000930 0.182516 -0.223890
v 0.000066 0.175047 -0.242804
v 0.114317 0.298731 -0.205219
v 0.188953 0.324802 -0.203812
v 0.273423 0.329494 -0.190568
v 0.372802 0.298496 -0.160892
v 0.378970 0.285208 -0.196281
v 0.331033 0.316499 -0.224379
v 0.145345 0.306852 -0.253763
v 0.120824 0.283803 -0.247415
v 0.400091 0.318898 -0.334212
v 0.289336 0.306696 -0.328779
v 0.197328 0.287946 -0.316271
v 0.119577 0.264436 -0.300454
v 0.117677 0.285022 -0.265883
v 0.195462 0.309476 -0.281095
v 0.287529 0.328836 -0.292820
v 0.398570 0.339041 -0.301224
v -0.004188 0.199842 -0.182885
v -0.159072 0.181483 0.151316
v -0.211585 -0.031468 -0.137364
v -0.203147 0.169045 0.162607
v -0.253699 -0.040371 -0.121394
v -0.184882 0.097684 -0.006817
v -0.226841 0.088300 0.009321
v -0.199553 0.037209 -0.073527
v -0.241638 0.028217 -0.057525
v -0.037531 -0.061134 0.541694
v -0.123920 0.193875 0.133100
v 0.097724 0.117803 0.600444
v -0.173811 0.148237 0.072116
v -0.154576 0.153765 0.065041
v -0.184686 0.183278 0.239904
v -0.161670 0.175059 0.318639
v -0.134453 0.139736 0.395986
v -0.098203 0.061749 0.469074
v -0.060465 0.071044 0.459898
v -0.089983 0.150824 0.385072
v -0.117323 0.186575 0.307612
v -0.140489 0.195367 0.228759
v 0.048246 0.173414 0.470017
v -0.003543 0.201169 0.369638
v -0.049404 0.212777 0.282938
v -0.089151 0.213539 0.206362
v -0.127347 0.208745 0.223151
v -0.088489 0.208319 0.300408
v -0.043507 0.196675 0.387657
v 0.011720 0.169113 0.486569
v -0.216525 0.137518 0.087159
v -0.051743 0.158051 -0.365963
v -0.237197 -0.026178 -0.127672
v -0.015651 0.146923 -0.339670
v -0.198805 -0.034282 -0.106067
v -0.154297 0.088952 -0.240150
v -0.115892 0.080362 -0.218728
v -0.195850 0.035530 -0.182345
v -0.157456 0.027335 -0.160773
v 0.151981 -0.110676 -0.684451
v -0.087254 0.169988 -0.381280
v 0.114071 0.053628 -0.835260
v -0.101707 0.131998 -0.302288
v -0.119039 0.137104 -0.312408
v 0.030004 0.154479 -0.403413
v 0.073187 0.139922 -0.469691
v 0.111907 0.098945 -0.536091
v 0.140532 0.016433 -0.603152
v 0.109955 0.024608 -0.625871
v 0.075804 0.108716 -0.562809
v 0.037090 0.150122 -0.496280
v -0.006068 0.165252 -0.429861
v 0.050952 0.119028 -0.720345
v 0.010697 0.155287 -0.620635
v -0.023697 0.174629 -0.532725
v -0.054826 0.182456 -0.454906
v -0.018213 0.178131 -0.437026
v 0.013995 0.170617 -0.514648
v 0.049353 0.151236 -0.602255
v 0.086338 0.115131 -0.703585
v -0.063666 0.122219 -0.279512
v 0.144780 0.065625 0.124910
v -0.061952 -0.040466 -0.133319
v 0.105960 0.074314 0.146361
v -0.096497 -0.030509 -0.107966
v 0.050055 0.033120 -0.016466
v 0.015432 0.042584 0.008990
v -0.005278 0.000535 -0.075773
v -0.039838 0.010400 -0.050401
v 0.203382 -0.250562 0.447568
v 0.175037 0.062140 0.099367
v 0.411256 -0.175888 0.471495
v 0.100190 0.057363 0.054792
v 0.116733 0.053982 0.043452
v 0.143756 0.065502 0.213280
v 0.174423 0.035887 0.279781
v 0.194802 -0.017754 0.343227
v 0.200479 -0.110029 0.399330
v 0.233152 -0.118657 0.381383
v 0.233350 -0.027795 0.321988
v 0.213060 0.026272 0.258479
v 0.182531 0.056447 0.191923
v 0.372097 -0.087005 0.365330
v 0.323653 -0.024540 0.286770
v 0.274826 0.019781 0.218892
v 0.227634 0.050772 0.158502
v 0.198398 0.062146 0.183706
v 0.245190 0.031742 0.244962
v 0.293415 -0.012281 0.313572
v 0.344383 -0.075972 0.389898
v 0.064082 0.066251 0.079398
v -0.080287 0.229134 0.011500
v -0.227556 -0.035613 -0.149702
v -0.101402 0.213211 0.047471
v -0.245528 -0.046989 -0.111806
v -0.167573 0.114371 -0.080713
v -0.185212 0.102621 -0.042760
v -0.200404 0.042570 -0.115689
v -0.218314 0.031124 -0.077782
v 0.294651 0.114273 0.232272
v -0.069421 0.242057 -0.023952
v 0.376166 0.311205 0.179898
v -0.127583 0.179273 -0.034127
v -0.119634 0.185841 -0.051372
v -0.047565 0.246019 0.090660
v 0.016237 0.259523 0.133512
v 0.089353 0.248829 0.174514
v 0.177632 0.199982 0.209632
v 0.196353 0.212495 0.179272
v 0.111320 0.263674 0.138656
v 0.037939 0.274711 0.097621
v -0.026188 0.261677 0.054740
v 0.251404 0.325076 0.113210
v 0.149744 0.319898 0.071268
v 0.064415 0.304034 0.036524
v -0.007907 0.281539 0.005975
v -0.023744 0.274701 0.041790
v 0.048259 0.297504 0.073353
v 0.133298 0.313315 0.109032
v 0.236473 0.318902 0.147797
v -0.146030 0.165950 0.003589
v -0.195646 -0.043469 -0.136955
v -0.147555 0.034960 -0.132630
v -0.233848 -0.021713 -0.128298
v -0.185701 0.056904 -0.124252
v -0.135079 0.117774 -0.118213
v -0.079817 0.178144 -0.105361
v -0.101326 0.092752 -0.126065
v -0.050333 0.150460 -0.113302
v 0.005162 0.196654 -0.093624
v 0.059399 0.229772 -0.057697
v -0.022707 0.223389 -0.086397
v 0.033201 0.255660 -0.051222
v 0.081907 0.271114 -0.000536
v 0.106508 0.246247 -0.006420
v 0.119624 0.271768 0.065316
v 0.148052 0.242281 0.163454
v 0.142292 0.247267 0.060393
v 0.168174 0.216956 0.160153
v 0.163005 0.155033 0.283415
v -0.126520 -0.030126 -0.121383
v -0.146658 0.050978 -0.086905
v -0.158802 -0.026642 -0.151046
v -0.178793 0.054739 -0.116682
v -0.191047 0.120962 -0.077466
v -0.206372 0.185822 -0.030874
v -0.159674 0.112976 -0.050781
v -0.175436 0.174224 -0.007530
v -0.189283 0.224571 0.044135
v -0.209956 0.257544 0.104297
v -0.218576 0.236119 0.021871
v -0.237601 0.269162 0.083131
v -0.263574 0.279991 0.147929
v -0.237505 0.268533 0.167960
v -0.298712 0.269259 0.212727
v -0.348246 0.218277 0.289160
v -0.274333 0.257162 0.231596
v -0.325759 0.204089 0.306810
v -0.393072 0.105696 0.371191
v -0.088190 -0.045701 -0.103839
v -0.144443 0.026663 -0.130824
v -0.053412 -0.029942 -0.130350
v -0.109675 0.042724 -0.157152
v -0.167357 0.097938 -0.177375
v -0.231196 0.149723 -0.202469
v -0.197542 0.078679 -0.151216
v -0.256821 0.127932 -0.176074
v -0.321195 0.163403 -0.201086
v -0.386789 0.179342 -0.235421
v -0.296960 0.184656 -0.226031
v -0.364000 0.200170 -0.258913
v -0.425774 0.192870 -0.300215
v -0.447169 0.172701 -0.278088
v -0.478554 0.164726 -0.351408
v -0.526544 0.093752 -0.420909
v -0.498242 0.144433 -0.330775
v -0.543952 0.071914 -0.401994
v -0.560821 -0.041292 -0.488058
v -0.190585 -0.019000 -0.114962
v -0.257286 0.037940 -0.133461
v -0.200047 -0.043048 -0.150083
v -0.266697 0.014161 -0.168768
v -0.323906 0.065861 -0.173727
v -0.386656 0.116477 -0.172968
v -0.311662 0.085268 -0.139032
v -0.371468 0.132107 -0.139297
v -0.429733 0.173978 -0.126795
v -0.490174 0.200784 -0.100811
v -0.444267 0.159563 -0.159089
v -0.504110 0.187681 -0.131770
v -0.561594 0.195835 -0.092590
v -0.548280 0.207832 -0.063088
v -0.616753 0.182317 -0.045376
v -0.671697 0.132802 0.027007
v -0.603796 0.192534 -0.016989
v -0.658607 0.140017 0.054895
v -0.700384 0.041361 0.135933
v -0.183312 -0.030913 -0.151060
v -0.177868 0.050786 -0.118971
v -0.220218 -0.037584 -0.130471
v -0.214899 0.044368 -0.098543
v -0.199312 0.113934 -0.072746
v -0.177697 0.183485 -0.041868
v -0.164258 0.115618 -0.093583
v -0.144895 0.180994 -0.063470
v -0.114812 0.238136 -0.032868
v -0.074952 0.280014 0.006072
v -0.146151 0.240993 -0.012444
v -0.104840 0.283355 0.025324
v -0.057066 0.304803 0.069829
v -0.028697 0.301196 0.051680
v -0.006806 0.304944 0.122032
v 0.059312 0.268129 0.189737
v 0.020178 0.300297 0.105055
v 0.085149 0.261042 0.174050
v 0.146639 0.175014 0.252735
v -0.117794 -0.038849 -0.135679
v -0.139787 0.045678 -0.134123
v -0.080023 -0.030339 -0.118156
v -0.102172 0.054316 -0.116349
v -0.128169 0.124672 -0.123096
v -0.154313 0.197398 -0.137307
v -0.162614 0.112056 -0.140357
v -0.185935 0.181085 -0.153497
v -0.211082 0.242857 -0.177795
v -0.228999 0.296000 -0.218404
v -0.181242 0.258716 -0.162088
v -0.200987 0.311505 -0.203140
v -0.209896 0.350367 -0.258552
v -0.236191 0.335359 -0.273222
v -0.204873 0.375792 -0.325706
v -0.180910 0.378282 -0.423650
v -0.229109 0.360675 -0.340137
v -0.202465 0.361955 -0.438477
v -0.144796 0.330383 -0.551698
v -0.231534 -0.051823 -0.129108
v -0.218382 0.035445 -0.115728
v -0.274538 -0.046880 -0.125632
v -0.261371 0.040598 -0.112504
v -0.239685 0.112920 -0.097645
v -0.214520 0.185914 -0.075608
v -0.199520 0.103378 -0.101085
v -0.177149 0.172450 -0.079825
v -0.147360 0.232276 -0.051641
v -0.115819 0.278605 -0.008462
v -0.182860 0.245533 -0.047906
v -0.149432 0.291770 -0.005233
v -0.118054 0.319071 0.050765
v -0.086308 0.306193 0.047905
v -0.092791 0.327899 0.119276
v -0.068534 0.303729 0.216485
v -0.063013 0.314571 0.117070
v -0.040907 0.288608 0.215445
v -0.037515 0.221176 0.330941
v -0.240236 -0.045644 -0.107935
v -0.265239 0.039620 -0.116738
v -0.234181 -0.049323 -0.150793
v -0.258964 0.036186 -0.159575
v -0.285825 0.108288 -0.157337
v -0.320504 0.180626 -0.153392
v -0.290784 0.106966 -0.116217
v -0.323661 0.175090 -0.113946
v -0.363997 0.234578 -0.104033
v -0.417856 0.279056 -0.092644
v -0.360785 0.240331 -0.141549
v -0.414579 0.285144 -0.128232
v -0.478840 0.309204 -0.115567
v -0.482072 0.302994 -0.081899
v -0.551890 0.312328 -0.107371
v -0.649072 0.278951 -0.098982
v -0.555254 0.305219 -0.075621
v -0.652882 0.269529 -0.069144
v -0.758475 0.187539 -0.075212
v -0.204547 -0.021231 -0.157062
v -0.142656 0.048804 -0.151059
v -0.185214 -0.042715 -0.121838
v -0.123387 0.027600 -0.115643
v -0.072573 0.090039 -0.121811
v -0.016886 0.151907 -0.134794
v -0.093924 0.106327 -0.155988
v -0.040461 0.163898 -0.167305
v 0.010113 0.215421 -0.191372
v 0.063090 0.251009 -0.229288
v 0.032598 0.204510 -0.160202
v 0.084532 0.241288 -0.199425
v 0.135304 0.256463 -0.249909
v 0.114914 0.265216 -0.278346
v 0.185856 0.248483 -0.307669
v 0.237800 0.201968 -0.390325
v 0.166301 0.255513 -0.334970
v 0.218675 0.205906 -0.417006
v 0.263662 0.106181 -0.504950
v -0.114862 -0.024562 -0.159683
v -0.115239 0.059770 -0.118798
v -0.122866 -0.045096 -0.119768
v -0.123533 0.039421 -0.078857
v -0.117426 0.115676 -0.052862
v -0.103406 0.194741 -0.027184
v -0.109185 0.130542 -0.092899
v -0.095863 0.204534 -0.067261
v -0.071983 0.274940 -0.050761
v -0.030015 0.334985 -0.038447
v -0.079510 0.266039 -0.012518
v -0.037570 0.327084 -0.001998
v 0.020914 0.370756 0.004031
v 0.028326 0.377835 -0.030578
v 0.094042 0.395079 0.008986
v 0.202118 0.390773 0.005663
v 0.101716 0.400641 -0.024014
v 0.210783 0.393551 -0.026146
v 0.340512 0.339820 -0.029921
v -0.272306 -0.051113 -0.136512
v -0.242666 0.023204 -0.182784
v -0.243119 -0.043371 -0.103345
v -0.213501 0.030977 -0.149607
v -0.184646 0.102661 -0.199914
v -0.153851 0.171524 -0.251186
v -0.213772 0.094831 -0.233111
v -0.182947 0.163650 -0.284398
v -0.155826 0.221521 -0.332171
v -0.103987 0.303296 -0.393130
v -0.121118 0.237565 -0.303422
v -0.138507 0.297646 -0.419651
v -0.117763 0.418307 -0.503422
v -0.078270 0.310122 -0.362915
v -0.044503 0.356248 -0.410848
v -0.073689 0.348506 -0.444015
v 0.016205 0.415764 -0.491365
v -0.012982 0.408022 -0.524532
v -0.049086 0.331450 -0.433552
v -0.069996 0.370101 -0.424570
v 0.011558 0.393804 -0.511941
v -0.009352 0.432455 -0.502959
v -0.212356 -0.052392 -0.134689
v -0.193127 0.032568 -0.112856
v -0.253598 -0.041772 -0.143773
v -0.234360 0.043199 -0.121967
v -0.221455 0.142111 -0.096215
v -0.174593 0.127483 -0.086368
v -0.206776 0.248986 -0.064058
v -0.200263 0.343724 -0.033951
v -0.159177 0.243536 -0.051226
v -0.142167 0.328497 -0.020324
v -0.125999 0.234302 -0.044647
v -0.064002 0.351048 -0.003872
v 0.029610 0.464531 0.032834
v -0.102870 0.395009 -0.005447
v 0.004075 0.519406 0.035738
v 0.151404 0.562274 0.081260
v -0.119726 0.437513 0.024463
v -0.101626 0.531280 0.068117
v -0.154112 0.446629 0.018020
v -0.185191 0.454181 0.005668
v -0.139623 0.544078 0.059660
v -0.136930 0.549260 0.040112
v -0.170561 0.550796 0.030046
v -0.139515 0.636899 0.067571
v -0.129166 0.616831 0.099228
v -0.085626 0.601905 0.109638
v -0.078006 0.782408 0.237115
v -0.007388 0.748675 0.249688
v -0.116797 0.593458 0.118731
v -0.097647 0.625225 0.089558
v -0.047041 0.716906 0.292283
v -0.015015 0.762841 0.236184
v -0.071633 0.701253 0.235711
v -0.089685 0.672963 0.191710
v -0.104214 0.635371 0.153078
v -0.081845 0.670680 0.117173
v -0.064096 0.711815 0.149074
v -0.042825 0.743647 0.186343
v -0.153274 0.008766 -0.111410
v -0.209942 -0.031187 -0.164431
v -0.180390 0.002466 -0.078162
v -0.092359 0.031755 -0.068949
v -0.032351 0.034767 -0.031077
v -0.117806 0.028174 -0.034056
v -0.056141 0.033612 0.005393
v 0.032234 0.017820 0.057450
v 0.053549 0.012849 0.018123
v 0.113886 -0.052838 0.073397
v 0.203279 -0.143699 0.071211
v 0.129934 -0.056905 0.032526
v 0.217965 -0.149307 0.029453
v 0.275813 -0.240924 0.036908
v 0.089720 0.025029 0.019589
v 0.185253 0.002551 0.013015
v 0.092156 0.026158 -0.033036
v 0.180328 -0.002144 -0.030604
v 0.273281 -0.032044 -0.046288
v 0.367256 -0.120154 -0.082852
v 0.288019 -0.024622 -0.005491
v 0.381217 -0.104721 -0.040027
v 0.465560 -0.252334 -0.150318
v -0.237108 -0.038572 -0.131432
v -0.057374 0.047844 -0.135198
v -0.074282 -0.044749 -0.146585
v -0.047985 0.040207 -0.089677
v -0.029090 0.127360 -0.137665
v 0.013746 0.190997 -0.145855
v -0.020489 0.123495 -0.091549
v 0.021773 0.190671 -0.099228
v 0.100459 0.269422 -0.116919
v 0.095202 0.262590 -0.165041
v 0.205777 0.290144 -0.167273
v 0.323147 0.294547 -0.240620
v 0.196620 0.279348 -0.213032
v 0.314272 0.281334 -0.286398
v 0.422785 0.267101 -0.330440
v 0.101712 0.297375 -0.186696
v 0.160857 0.348618 -0.259436
v 0.076241 0.274443 -0.232536
v 0.141465 0.320925 -0.293444
v 0.201406 0.361069 -0.373036
v 0.301749 0.353964 -0.478096
v 0.221496 0.396268 -0.347687
v 0.315581 0.394796 -0.449526
v 0.426939 0.306363 -0.617552
v -0.064103 -0.053248 -0.101374
v -0.168383 0.018555 -0.145515
v -0.218892 -0.055899 -0.154858
v -0.199465 0.035825 -0.118035
v -0.111444 0.073586 -0.130736
v -0.053846 0.110928 -0.104179
v -0.141132 0.094204 -0.104086
v -0.082129 0.134634 -0.078184
v 0.004212 0.172516 -0.026456
v 0.030590 0.142050 -0.049939
v 0.090495 0.143760 0.040798
v 0.187786 0.088026 0.110665
v 0.111564 0.112175 0.015366
v 0.207632 0.054528 0.085723
v 0.271472 0.001838 0.161986
v 0.066994 0.155935 -0.056915
v 0.167278 0.146079 -0.041539
v 0.075007 0.117680 -0.095050
v 0.167083 0.109583 -0.069125
v 0.266087 0.087363 -0.054703
v 0.371578 0.008410 -0.011169
v 0.276530 0.124811 -0.030858
v 0.380564 0.052959 0.008048
v 0.487239 -0.124370 0.043803
v -0.249939 -0.039590 -0.126739
v -0.121842 0.022494 -0.190544
v -0.192338 -0.033688 -0.170888
v -0.108353 0.020369 -0.146789
v -0.054323 0.059367 -0.219397
v 0.012859 0.074579 -0.249252
v -0.039003 0.060511 -0.176245
v 0.030005 0.078673 -0.206718
v 0.129937 0.079394 -0.251948
v 0.110152 0.068202 -0.293739
v 0.206442 0.015689 -0.310259
v 0.276265 -0.071891 -0.385176
v 0.182033 0.004721 -0.348424
v 0.250612 -0.084736 -0.422610
v 0.310082 -0.173668 -0.464249
v 0.130349 0.083922 -0.324964
v 0.186034 0.066792 -0.411078
v 0.086804 0.074973 -0.358521
v 0.146980 0.053001 -0.432574
v 0.194912 0.026196 -0.521522
v 0.237649 -0.064911 -0.621060
v 0.236827 0.043023 -0.510389
v 0.279183 -0.039451 -0.608420
v 0.265725 -0.207383 -0.740717
v -0.178867 -0.036988 -0.127187
v -0.097630 0.046229 -0.123249
v -0.081885 -0.033270 -0.157194
v -0.132457 0.030120 -0.102438
v -0.096079 0.115078 -0.086100
v -0.082771 0.168928 -0.040992
v -0.132154 0.102358 -0.065130
v -0.119920 0.159375 -0.019747
v -0.088406 0.224363 0.055727
v -0.048152 0.227404 0.035159
v -0.012752 0.239736 0.133913
v 0.088649 0.243086 0.212495
v 0.024677 0.239236 0.110052
v 0.126493 0.240377 0.188455
v 0.202219 0.222725 0.265311
v -0.031838 0.261880 0.040022
v 0.043682 0.314167 0.076991
v 0.001735 0.252355 0.000076
v 0.069769 0.297526 0.045093
v 0.152813 0.340934 0.078712
v 0.277089 0.341555 0.130919
v 0.133418 0.365808 0.109821
v 0.252139 0.371665 0.158635
v 0.444185 0.308890 0.186790
v -0.116073 -0.050193 -0.135951
v -0.228878 0.018709 -0.203841
v -0.205769 -0.040604 -0.138189
v -0.184958 0.023780 -0.214292
v -0.258484 0.057638 -0.268953
v -0.286089 0.075235 -0.335773
v -0.215506 0.066006 -0.280951
v -0.244023 0.086585 -0.349343
v -0.282849 0.091246 -0.450787
v -0.323350 0.072795 -0.435214
v -0.326866 0.028883 -0.535933
v -0.384215 -0.059678 -0.617820
v -0.364103 0.010671 -0.515537
v -0.420545 -0.079750 -0.596318
v -0.445682 -0.166249 -0.665837
v -0.354994 0.086026 -0.455825
v -0.433876 0.063412 -0.518157
v -0.389067 0.068493 -0.416087
v -0.455209 0.043194 -0.482446
v -0.535960 0.009979 -0.538220
v -0.618459 -0.087992 -0.595463
v -0.525041 0.032074 -0.577187
v -0.607282 -0.057299 -0.633163
v -0.714365 -0.240283 -0.644334
v -0.161740 -0.036691 -0.148733
v -0.213971 0.013183 -0.204822
v -0.179609 -0.047017 -0.145115
v -0.172546 0.031122 -0.210106
v -0.249010 0.052150 -0.267204
v -0.276163 0.071548 -0.333747
v -0.209297 0.073214 -0.273697
v -0.238047 0.095450 -0.341509
v -0.270257 0.104674 -0.444990
v -0.305047 0.074116 -0.435982
v -0.290070 0.046194 -0.541301
v -0.315695 -0.041264 -0.639014
v -0.322095 0.016010 -0.527174
v -0.346407 -0.073148 -0.623938
v -0.342446 -0.151991 -0.705953
v -0.337769 0.081457 -0.457847
v -0.403392 0.048345 -0.530137
v -0.368151 0.049894 -0.424217
v -0.420555 0.018168 -0.499545
v -0.485472 -0.026517 -0.566876
v -0.534198 -0.133212 -0.643953
v -0.478619 0.003191 -0.601490
v -0.529537 -0.095422 -0.676213
v -0.581407 -0.296485 -0.720918
v -0.137756 -0.030140 -0.150625
v -0.158689 0.004704 -0.082790
v -0.121424 -0.033025 -0.157855
v -0.199813 0.002585 -0.102517
v -0.185284 0.023757 -0.007765
v -0.208792 0.021816 0.063202
v -0.227485 0.024366 -0.025108
v -0.252024 0.024845 0.048185
v -0.284240 0.000665 0.149760
v -0.239130 -0.008618 0.160929
v -0.285041 -0.081711 0.229901
v -0.266791 -0.186870 0.311307
v -0.239603 -0.089524 0.235410
v -0.220894 -0.196182 0.315053
v -0.220395 -0.298182 0.366761
v -0.230781 0.000134 0.199286
v -0.201826 -0.034367 0.292549
v -0.176379 -0.001225 0.188470
v -0.158850 -0.040606 0.275968
v -0.121747 -0.082976 0.363557
v -0.067077 -0.187251 0.441136
v -0.159212 -0.075105 0.389666
v -0.106254 -0.170827 0.467761
v 0.017187 -0.339446 0.510909
v -0.162380 -0.036284 -0.177802
v -0.165716 0.035293 -0.164835
v -0.115459 -0.031024 -0.122708
v -0.153642 0.017840 -0.206023
v -0.224317 0.086866 -0.193199
v -0.289678 0.118617 -0.215084
v -0.213055 0.072856 -0.235870
v -0.279329 0.107758 -0.259144
v -0.383560 0.134898 -0.285504
v -0.393521 0.138619 -0.238604
v -0.495349 0.104876 -0.271214
v -0.617864 0.058346 -0.234069
v -0.499585 0.106996 -0.224334
v -0.621272 0.058324 -0.186515
v -0.717998 -0.003128 -0.168217
v -0.421793 0.167047 -0.230973
v -0.517878 0.189109 -0.194547
v -0.407602 0.167527 -0.176489
v -0.502255 0.180885 -0.150805
v -0.596547 0.194308 -0.105031
v -0.711640 0.151409 -0.031644
v -0.619126 0.209581 -0.143348
v -0.730515 0.174112 -0.073076
v -0.841188 0.067007 0.079132
v -0.103753 -0.049554 -0.163545
v -0.104307 0.017491 -0.168585
v -0.087375 -0.047506 -0.114769
v -0.062661 0.020274 -0.177866
v -0.128835 0.063939 -0.224401
v -0.153038 0.090611 -0.284461
v -0.087821 0.070049 -0.234713
v -0.112652 0.099757 -0.295867
v -0.148122 0.119509 -0.389794
v -0.187572 0.103396 -0.377405
v -0.193478 0.075286 -0.476804
v -0.253284 0.007273 -0.563972
v -0.229878 0.058559 -0.459897
v -0.288977 -0.011388 -0.546268
v -0.318482 -0.081383 -0.621758
v -0.216168 0.120581 -0.394880
v -0.291462 0.113066 -0.455552
v -0.249667 0.101856 -0.359855
v -0.313179 0.091407 -0.424663
v -0.391044 0.073357 -0.480524
v -0.475289 -0.004612 -0.545774
v -0.378941 0.097931 -0.514179
v -0.462321 0.027783 -0.577184
v -0.576149 -0.133156 -0.609899
v -0.045711 -0.045797 -0.124280
v -0.175970 0.049899 -0.140489
v -0.158986 -0.031126 -0.191337
v -0.195020 0.019905 -0.102230
v -0.191619 0.146245 -0.083331
v -0.203468 0.242380 -0.024697
v -0.211685 0.115253 -0.043623
v -0.222886 0.199797 0.008458
v -0.229542 0.311375 0.073883
v -0.226773 0.404184 0.128223
v -0.207681 0.336819 0.029199
v -0.205321 0.426389 0.083098
v -0.201811 0.446378 0.003035
v -0.182026 0.412533 -0.046563
v -0.183813 0.536794 -0.039706
v -0.192445 0.532454 0.145847
v -0.214678 0.509801 0.192029
v -0.113070 0.767976 0.240669
v -0.140094 0.740099 0.297346
v -0.176206 -0.057834 -0.156580
v -0.224269 0.535756 0.162856
v -0.177652 0.506105 0.172237
v -0.147120 0.771033 0.257321
v -0.089886 0.734741 0.268580
v -0.213381 0.594499 0.191101
v -0.196412 0.653811 0.216192
v -0.170079 0.712773 0.236637
v -0.115499 0.678140 0.247426
v -0.144486 0.620839 0.226512
v -0.164110 0.563188 0.200951
v 0.114285 0.200789 -0.173038
v -0.146453 -0.051275 -0.184294
v 0.096180 0.210852 -0.130620
v -0.159650 -0.037492 -0.142497
v -0.026699 0.090043 -0.197624
v -0.039669 0.103399 -0.155603
v -0.088516 0.023024 -0.192866
v -0.101671 0.036728 -0.151027
v 0.497354 0.061433 0.072362
v 0.121440 0.192097 -0.213000
v 0.626920 0.181159 -0.078390
v 0.042571 0.153607 -0.188464
v 0.048773 0.148646 -0.208167
v 0.168653 0.239491 -0.109267
v 0.245035 0.247294 -0.079066
v 0.322868 0.229502 -0.038956
v 0.402830 0.169835 0.013992
v 0.418719 0.160194 -0.021389
v 0.341511 0.218227 -0.080770
v 0.263513 0.236404 -0.121070
v 0.186947 0.229122 -0.151517
v 0.493472 0.209146 -0.141599
v 0.382348 0.223051 -0.173342
v 0.285664 0.224780 -0.193814
v 0.200725 0.217775 -0.207680
v 0.190582 0.233825 -0.170183
v 0.275514 0.241680 -0.155513
v 0.372094 0.240434 -0.134129
v 0.484166 0.224892 -0.105619
v 0.028271 0.165768 -0.145842
v -0.227283 0.235074 -0.116884
v -0.249364 -0.047168 0.085176
v -0.185880 0.219477 -0.126384
v -0.208634 -0.057923 0.072314
v -0.237808 0.110566 0.003441
v -0.197261 0.099451 -0.009735
v -0.242021 0.034761 0.046983
v -0.201325 0.023939 0.034062
v -0.314999 0.147516 -0.555830
v -0.261355 0.247141 -0.100226
v -0.409462 0.348507 -0.568575
v -0.229700 0.180262 -0.053795
v -0.248077 0.186552 -0.047677
v -0.189755 0.257268 -0.193884
v -0.200657 0.276023 -0.269941
v -0.219294 0.270697 -0.353371
v -0.252685 0.227293 -0.446777
v -0.288240 0.239565 -0.439499
v -0.261189 0.285251 -0.344661
v -0.242398 0.290910 -0.260986
v -0.231296 0.272612 -0.184633
v -0.375197 0.353313 -0.428721
v -0.337951 0.341105 -0.324247
v -0.306356 0.319229 -0.237637
v -0.280418 0.291489 -0.164089
v -0.242698 0.285340 -0.176847
v -0.267656 0.313421 -0.250819
v -0.298349 0.335268 -0.337847
v -0.339016 0.347828 -0.441285
v -0.188786 0.167506 -0.066308
v -0.269726 0.261210 0.058113
v -0.084121 -0.046568 0.100266
v -0.286505 0.240277 0.019424
v -0.103834 -0.062081 0.061915
v -0.155690 0.122194 0.073713
v -0.175733 0.106373 0.035645
v -0.117098 0.040438 0.084586
v -0.136873 0.024867 0.046288
v -0.716650 0.231367 0.214824
v -0.246901 0.276699 0.088996
v -0.699059 0.452328 0.281387
v -0.209427 0.198603 0.061486
v -0.200082 0.207041 0.078526
v -0.351991 0.286823 0.025679
v -0.427004 0.315799 0.043132
v -0.510680 0.322005 0.073153
v -0.605979 0.292395 0.125419
v -0.592572 0.309317 0.158926
v -0.494737 0.342026 0.112604
v -0.410802 0.336112 0.082344
v -0.335472 0.307545 0.064579
v -0.559572 0.437263 0.228620
v -0.458358 0.408140 0.179777
v -0.375592 0.371846 0.140393
v -0.306001 0.331765 0.109294
v -0.324789 0.321395 0.073284
v -0.394920 0.361730 0.103380
v -0.478240 0.397909 0.141898
v -0.577893 0.427775 0.194053
v -0.228985 0.180976 0.023218
v -0.171497 0.098085 -0.236266
v -0.063800 -0.046303 0.049574
v -0.129062 0.096911 -0.247670
v -0.024127 -0.045343 0.033584
v -0.123591 0.047486 -0.082843
v -0.083936 0.047961 -0.098934
v -0.093538 0.004734 -0.015785
v -0.053868 0.005604 -0.031794
v -0.226045 -0.191725 -0.566919
v -0.205786 0.102239 -0.218897
v -0.394362 -0.073138 -0.632479
v -0.148122 0.080967 -0.160393
v -0.166622 0.081805 -0.153440
v -0.150845 0.096375 -0.319685
v -0.170968 0.074543 -0.390543
v -0.187860 0.027676 -0.457180
v -0.201790 -0.058981 -0.515135
v -0.237785 -0.059236 -0.505689
v -0.230309 0.027506 -0.445969
v -0.213415 0.074797 -0.379276
v -0.193303 0.097191 -0.308373
v -0.361654 0.003279 -0.519893
v -0.320338 0.052167 -0.432419
v -0.280463 0.083672 -0.355679
v -0.243486 0.102858 -0.286906
v -0.208394 0.106396 -0.303872
v -0.244675 0.087657 -0.373352
v -0.283765 0.056282 -0.450640
v -0.328180 0.006859 -0.536604
v -0.107426 0.080565 -0.175374
v -0.331354 0.121506 -0.022009
v -0.024947 -0.042630 -0.021108
v -0.327013 0.119821 -0.066992
v -0.025905 -0.041845 -0.065109
v -0.169088 0.061282 -0.012154
v -0.170174 0.061574 -0.056171
v -0.095930 0.013539 -0.016498
v -0.096912 0.014233 -0.060502
v -0.684029 -0.159689 -0.087785
v -0.326857 0.125783 0.017278
v -0.801906 -0.030816 0.049762
v -0.250815 0.099853 -0.016877
v -0.250785 0.100831 0.003451
v -0.404178 0.123117 -0.072153
v -0.480729 0.104439 -0.078367
v -0.553345 0.059766 -0.086012
v -0.618595 -0.026264 -0.093123
v -0.622561 -0.026109 -0.055042
v -0.557947 0.060080 -0.041077
v -0.485255 0.105186 -0.033417
v -0.408635 0.124439 -0.027180
v -0.677851 0.041720 0.058682
v -0.576249 0.086927 0.050364
v -0.486389 0.114804 0.039641
v -0.405875 0.130460 0.028888
v -0.409297 0.134047 -0.011072
v -0.490216 0.118868 -0.001249
v -0.580313 0.091131 0.008519
v -0.681613 0.045377 0.020371
v -0.250502 0.099168 -0.061489
v -0.232805 0.299600 -0.193081
v -0.145757 -0.042851 -0.149892
v -0.263993 0.283092 -0.223075
v -0.177902 -0.053365 -0.179695
v -0.167093 0.134954 -0.183476
v -0.199555 0.124279 -0.212895
v -0.153724 0.047422 -0.169955
v -0.185927 0.036878 -0.199687
v -0.605330 0.426348 0.058040
v -0.199757 0.308602 -0.171038
v -0.507026 0.629827 0.085658
v -0.196067 0.222327 -0.194184
v -0.180797 0.228242 -0.181293
v -0.307729 0.347778 -0.209405
v -0.362430 0.399979 -0.180509
v -0.428506 0.434686 -0.134535
v -0.510042 0.441390 -0.059791
v -0.484405 0.454930 -0.033394
v -0.398150 0.450667 -0.103504
v -0.331814 0.416131 -0.149804
v -0.276785 0.364186 -0.179124
v -0.398967 0.567419 0.007114
v -0.328633 0.504584 -0.057282
v -0.274677 0.441671 -0.107627
v -0.231632 0.380037 -0.146678
v -0.260821 0.374144 -0.175202
v -0.304533 0.436122 -0.137019
v -0.359244 0.499051 -0.087357
v -0.427106 0.562286 -0.020270
v -0.228676 0.209808 -0.223641
v -0.485184 0.183401 -0.211279
v -0.241243 -0.045605 -0.115065
v -0.479142 0.165652 -0.252511
v -0.239583 -0.059391 -0.156909
v -0.348580 0.089471 -0.159652
v -0.347187 0.075264 -0.201379
v -0.292630 0.025511 -0.138361
v -0.291019 0.011647 -0.180183
v -0.901947 -0.000867 -0.239293
v -0.481711 0.199267 -0.174903
v -0.983639 0.193041 -0.166466
v -0.414950 0.144329 -0.187947
v -0.415714 0.152022 -0.169086
v -0.551595 0.187189 -0.269761
v -0.629924 0.188291 -0.281194
v -0.712127 0.164316 -0.285447
v -0.799589 0.101095 -0.275468
v -0.805359 0.115043 -0.240216
v -0.718822 0.180873 -0.243880
v -0.636418 0.205227 -0.239733
v -0.557855 0.204635 -0.228444
v -0.844107 0.229184 -0.161945
v -0.733209 0.240675 -0.168622
v -0.638538 0.238735 -0.173999
v -0.556418 0.228164 -0.177045
v -0.556495 0.218918 -0.216301
v -0.638812 0.229716 -0.214336
v -0.733616 0.231525 -0.209937
v -0.844576 0.220644 -0.199718
v -0.412480 0.128669 -0.229729
v -0.420398 0.204379 0.147505
v -0.258553 -0.047537 -0.063279
v -0.458410 0.196055 0.120020
v -0.298487 -0.051755 -0.086468
v -0.325003 0.098999 0.032845
v -0.365046 0.094318 0.009906
v -0.290857 0.029685 -0.017351
v -0.330812 0.025382 -0.040493
v -0.687238 0.012844 0.497773
v -0.382496 0.212132 0.163596
v -0.622740 0.192538 0.633403
v -0.372439 0.160406 0.088224
v -0.354154 0.163822 0.098883
v -0.505414 0.220574 0.181979
v -0.554077 0.222650 0.249513
v -0.603098 0.197247 0.320807
v -0.649562 0.128152 0.398659
v -0.617604 0.133999 0.422561
v -0.565339 0.204257 0.348903
v -0.516241 0.230077 0.277421
v -0.467492 0.228564 0.209668
v -0.542887 0.231627 0.510518
v -0.492171 0.247458 0.405743
v -0.450914 0.248855 0.314931
v -0.415422 0.240578 0.235774
v -0.452957 0.240365 0.216017
v -0.489484 0.249126 0.294873
v -0.531720 0.247821 0.385328
v -0.579127 0.231779 0.491921
v -0.412291 0.154273 0.064069
v -0.234299 0.253727 0.142405
v -0.275703 -0.040954 -0.051230
v -0.256416 0.229784 0.175133
v -0.296366 -0.059612 -0.015928
v -0.271497 0.120760 0.031552
v -0.291735 0.101820 0.066966
v -0.277218 0.042306 -0.010793
v -0.297802 0.023596 0.024530
v 0.129236 0.231461 0.432400
v -0.221450 0.271777 0.108355
v 0.161299 0.453259 0.395876
v -0.258717 0.193662 0.086912
v -0.249938 0.203471 0.070825
v -0.220287 0.274886 0.229088
v -0.168796 0.303622 0.284227
v -0.100922 0.311038 0.338833
v -0.006256 0.285151 0.389657
v 0.013559 0.304691 0.362183
v -0.077680 0.334141 0.306359
v -0.145906 0.326994 0.251677
v -0.197846 0.298636 0.196456
v 0.046192 0.436057 0.305985
v -0.044936 0.404908 0.245171
v -0.118194 0.367286 0.194455
v -0.177505 0.326475 0.150236
v -0.197031 0.313053 0.183850
v -0.138291 0.354021 0.229050
v -0.065458 0.391450 0.280668
v 0.027567 0.423625 0.338516
v -0.279257 0.172947 0.121923
v -0.008924 0.096034 -0.115388
v 0.015423 0.106314 -0.075984
v -0.080330 0.061784 -0.066276
v -0.055983 0.072064 -0.026872
v -0.162657 0.015880 0.009832
v -0.221187 -0.073988 0.085130
v -0.157920 0.017894 0.017233
v -0.215649 -0.071606 0.093482
v -0.278808 -0.020469 0.032943
v -0.288849 -0.021623 0.021743
v -0.365967 -0.060555 0.118113
v -0.209850 0.005641 -0.027669
v -0.130908 0.002778 -0.088671
v -0.219892 0.004487 -0.038870
v -0.140950 0.001624 -0.099871
v -0.374426 -0.061351 0.107697
v -0.273524 -0.006659 0.010137
v -0.269973 -0.011406 0.000334
v -0.335283 -0.025399 -0.000005
v -0.174691 0.023001 0.031499
v -0.070116 0.013190 0.082013
v -0.171139 0.018253 0.021696
v -0.066564 0.008442 0.072210
v -0.395675 -0.043840 -0.006657
v -0.339348 -0.036966 -0.018561
v -0.418037 -0.054833 -0.016549
v -0.425351 -0.042922 -0.178170
v -0.462251 -0.041080 -0.162317
v -0.060060 0.007588 0.170720
v -0.087592 0.010467 0.198687
v -0.128468 0.014071 0.093968
v -0.197806 0.018720 0.018236
v -0.270898 0.016379 -0.053399
v -0.352500 0.007467 -0.116469
v -0.375273 0.009925 -0.092969
v -0.299084 0.019326 -0.024767
v -0.225338 0.021599 0.046202
v -0.155999 0.016950 0.121935
v -0.141127 -0.006522 0.111450
v -0.180727 -0.022323 0.138426
v -0.196017 0.002086 0.029397
v -0.235618 -0.013715 0.056373
v -0.278572 0.002728 -0.069506
v -0.349996 -0.047728 -0.177998
v -0.286001 -0.000280 -0.064247
v -0.358374 -0.051159 -0.171833
v -0.213234 -0.024730 -0.060867
v -0.208415 -0.021577 -0.047164
v -0.105487 -0.085372 -0.087104
v -0.296400 0.015820 -0.044046
v -0.391140 0.029116 -0.021309
v -0.291581 0.018973 -0.030342
v -0.386321 0.032269 -0.007606
v -0.101780 -0.082229 -0.074783
v -0.233767 -0.009585 -0.050325
v -0.227734 -0.009371 -0.041086
v -0.184178 -0.025985 -0.085434
v -0.316602 0.014242 0.003292
v -0.411952 -0.007826 0.058307
v -0.310570 0.014456 0.012531
v -0.405919 -0.007612 0.067547
v -0.137925 -0.043480 -0.121430
v -0.165526 -0.028581 -0.075216
v -0.114444 -0.050477 -0.129595
v -0.253576 -0.097506 0.256823
v -0.216809 -0.104949 0.268499
v -0.277017 0.054874 -0.214709
v -0.238842 0.051184 -0.217488
v -0.277215 0.041031 -0.114994
v -0.276416 0.025247 -0.015800
v -0.271535 0.002018 0.081382
v -0.256226 -0.029379 0.176322
v -0.224397 -0.032349 0.173771
v -0.232452 -0.001761 0.078537
v -0.238240 0.021556 -0.018578
v -0.239039 0.037340 -0.117773
v -0.324295 0.051012 -0.141227
v -0.280548 0.051641 -0.162638
v -0.285291 0.045447 -0.054048
v -0.241544 0.046075 -0.075459
v -0.220822 0.032931 0.051578
v -0.156304 -0.030550 0.151107
v -0.212581 0.033067 0.047370
v -0.146973 -0.030366 0.146136
v -0.234264 0.027353 -0.063078
v -0.222273 0.029180 -0.055191
v -0.171152 0.045712 -0.167071
v -0.283967 0.009174 0.011606
v -0.330514 -0.037716 0.080855
v -0.271976 0.011000 0.019492
v -0.318523 -0.035890 0.088741
v -0.160835 0.047249 -0.159496
v -0.252157 0.004437 -0.082198
v -0.241711 0.007352 -0.084474
v -0.264241 -0.009417 -0.142659
v -0.235778 0.023194 0.016643
v -0.211714 -0.004576 0.123225
v -0.225332 0.026109 0.014367
v -0.201267 -0.001661 0.120948
v -0.277995 -0.025065 -0.200436
v -0.248067 -0.006901 -0.156620
v -0.276114 -0.029343 -0.225943
v -0.078101 -0.082426 0.120510
v -0.044271 -0.092637 0.102564
v -0.445740 0.017520 -0.204003
v -0.421721 0.009218 -0.233310
v -0.371675 0.015270 -0.134555
v -0.297300 0.010914 -0.065876
v -0.221569 -0.001549 -0.000349
v -0.140315 -0.023580 0.057329
v -0.120463 -0.030423 0.032718
v -0.196978 -0.010050 -0.030354
v -0.273281 0.002611 -0.095184
v -0.347656 0.006967 -0.163862
v -0.351113 0.012135 -0.184482
v -0.312098 -0.007884 -0.208525
v -0.301684 0.015215 -0.099660
v -0.262670 -0.004804 -0.123703
v -0.227045 0.007568 0.003670
v -0.169513 -0.049160 0.115693
v -0.219717 0.003769 -0.001037
v -0.161239 -0.053485 0.110153
v -0.268064 -0.031074 -0.077551
v -0.259179 -0.029264 -0.089559
v -0.359486 -0.083136 -0.150365
v -0.201114 0.003233 -0.019215
v -0.126084 0.008864 0.045955
v -0.192229 0.005042 -0.031223
v -0.117198 0.010673 0.033947
v -0.351097 -0.081233 -0.160648
v -0.248739 -0.020367 -0.032330
v -0.241249 -0.023837 -0.039734
v -0.294703 -0.018628 -0.075721
v -0.177990 -0.024405 0.041025
v -0.123475 -0.071333 0.127925
v -0.170500 -0.027875 0.033620
v -0.115985 -0.074803 0.120520
v -0.341424 -0.017638 -0.115634
v -0.289420 -0.024591 -0.095720
v -0.355258 -0.019680 -0.137493
v -0.110814 -0.018094 -0.250363
v -0.135316 -0.029309 -0.280176
v -0.321200 -0.076366 0.207716
v -0.353602 -0.090740 0.190670
v -0.279958 -0.046285 0.118287
v -0.238947 -0.018417 0.028301
v -0.199054 0.000885 -0.063930
v -0.165538 0.009233 -0.161469
v -0.192682 -0.002756 -0.175452
v -0.232227 -0.013832 -0.081381
v -0.271349 -0.032791 0.011255
v -0.312360 -0.060659 0.101241
v -0.385473 -0.103581 -0.034571
v -0.360502 -0.114985 -0.076606
v -0.310885 -0.048466 -0.001075
v -0.285914 -0.059871 -0.043110
v -0.204097 0.014625 0.031323
v -0.077598 0.033425 0.084903
v -0.199482 0.012375 0.023284
v -0.072482 0.030766 0.075654
v -0.278535 -0.021914 -0.018476
v -0.274036 -0.023068 -0.032705
v -0.400368 -0.031771 -0.053956
v -0.189126 -0.018434 0.012536
v -0.101220 -0.044672 0.049806
v -0.184627 -0.019588 -0.001693
v -0.096721 -0.045826 0.035577
v -0.395709 -0.032731 -0.066416
v -0.226995 -0.011608 -0.004560
v -0.226686 -0.015088 0.005645
v -0.167917 0.005474 -0.003209
v -0.321747 -0.040226 -0.011386
v -0.403259 -0.108364 -0.038867
v -0.321439 -0.043707 -0.001181
v -0.402950 -0.111845 -0.028661
v -0.110330 0.021438 -0.004868
v -0.157494 0.002060 0.014630
v -0.086357 0.025563 0.001872
v -0.058786 -0.064831 -0.124122
v -0.071169 -0.071403 -0.159324
v -0.415861 -0.015501 0.190495
v -0.440304 -0.021538 0.163265
v -0.340714 -0.008356 0.129432
v -0.266181 -0.003196 0.067766
v -0.194170 -0.005668 0.003603
v -0.128554 -0.016829 -0.067733
v -0.149124 -0.021810 -0.090287
v -0.219194 -0.011850 -0.024275
v -0.290624 -0.009234 0.040535
v -0.365157 -0.014394 0.102201
v -0.075430 -0.077177 0.015283
v -0.116250 -0.079653 0.047038
v -0.129235 -0.028413 -0.055907
v -0.170054 -0.030889 -0.024153
v -0.213525 0.028751 -0.140203
v -0.312266 0.036787 -0.243325
v -0.221184 0.028207 -0.134054
v -0.320899 0.036090 -0.236161
v -0.151638 -0.005288 -0.071973
v -0.162969 -0.005672 -0.063313
v -0.077096 -0.026951 0.021245
v -0.204004 0.006974 -0.144457
v -0.254669 -0.009169 -0.222427
v -0.215334 0.006590 -0.135797
v -0.265999 -0.009554 -0.213767
v -0.087572 -0.027163 0.028442
v -0.187623 0.012050 -0.113413
v -0.179854 0.011002 -0.121698
v -0.236061 -0.006125 -0.152833
v -0.111959 0.039156 -0.045986
v -0.034510 0.020085 0.038287
v -0.104190 0.038108 -0.054271
v -0.026741 0.019037 0.030002
v -0.284625 -0.025067 -0.188591
v -0.230610 -0.011208 -0.173683
v -0.299043 -0.033575 -0.209379
v 0.018208 -0.024323 -0.266681
v 0.006174 -0.008032 -0.300306
v -0.342764 -0.051839 0.071890
v -0.367144 -0.036041 0.046747
v -0.262231 -0.033857 0.014371
v -0.182825 -0.017079 -0.044664
v -0.107905 -0.004796 -0.109675
v -0.041338 0.005601 -0.185020
v -0.061849 0.018790 -0.205805
v -0.132864 0.011378 -0.135416
v -0.207206 -0.001281 -0.069807
v -0.286611 -0.018059 -0.010772
v -0.222630 0.010058 0.058245
v -0.264188 0.001832 0.032662
v -0.170925 0.022459 -0.023123
v -0.212483 0.014233 -0.048707
v -0.116218 0.030371 -0.136762
v -0.053871 -0.013305 -0.250287
v -0.124195 0.028796 -0.141485
v -0.063080 -0.015108 -0.255520
v -0.234138 -0.039017 -0.040789
v -0.246371 -0.038499 -0.049143
v -0.293627 -0.108725 0.045744
v -0.185088 0.009150 -0.104573
v -0.125041 0.031328 -0.178855
v -0.197322 0.009669 -0.112927
v -0.137274 0.031846 -0.187210
v -0.304185 -0.107876 0.037855
v -0.212861 0.003210 -0.110580
v -0.202126 0.002916 -0.108535
v -0.203953 -0.002788 -0.171986
v -0.231374 0.010385 -0.012012
v -0.258151 -0.028807 0.088560
v -0.220639 0.010092 -0.009967
v -0.247416 -0.029100 0.090605
v -0.197989 -0.010112 -0.231830
v -0.183874 -0.004538 -0.178629
v -0.187737 -0.013280 -0.255052
v -0.391225 -0.044547 0.070523
v -0.382954 -0.027199 0.102106
v -0.046510 -0.020368 -0.243363
v -0.026561 -0.001739 -0.219605
v -0.124916 -0.014966 -0.190468
v -0.202117 -0.010498 -0.136114
v -0.274565 -0.009469 -0.076013
v -0.339116 -0.008823 -0.006049
v -0.322313 0.006750 0.013593
v -0.254142 0.009603 -0.051690
v -0.182168 0.008131 -0.112356
v -0.104967 0.003662 -0.166710
v -0.325247 0.045635 -0.175332
v -0.292478 0.051411 -0.210929
v -0.256756 0.037813 -0.108948
v -0.223988 0.043589 -0.144545
v -0.157455 0.024076 -0.035253
v -0.057459 -0.039950 0.028093
v -0.151346 0.025192 -0.042120
v -0.050620 -0.038643 0.020129
v -0.206754 0.025063 -0.069824
v -0.212532 0.026591 -0.082995
v -0.318657 0.018785 -0.019201
v -0.121870 0.025228 -0.103991
v -0.037019 -0.003971 -0.137191
v -0.127647 0.026757 -0.117161
v -0.042797 -0.002442 -0.150362
v -0.323188 0.020190 -0.031183
v -0.153320 0.033365 -0.091001
v -0.156595 0.034975 -0.080789
v -0.096453 0.054386 -0.078796
v -0.243105 -0.003574 -0.113900
v -0.316532 -0.084010 -0.131539
v -0.246380 -0.001964 -0.103688
v -0.319807 -0.082400 -0.121327
v -0.040105 0.072899 -0.069061
v -0.092604 0.060446 -0.059004
v -0.019244 0.081771 -0.057651
v -0.155389 0.035791 -0.312872
v -0.191995 0.033582 -0.319689
v -0.048908 -0.055370 0.136782
v -0.084278 -0.061219 0.143677
v -0.065743 -0.020669 0.049331
v -0.083515 0.012144 -0.038428
v -0.105121 0.037699 -0.127314
v -0.136484 0.055043 -0.216420
v -0.165931 0.050147 -0.210431
v -0.141333 0.031711 -0.120254
v -0.118886 0.006294 -0.031533
v -0.101114 -0.026519 0.056226
v -0.189066 0.003819 -0.238424
v -0.144062 -0.003899 -0.251347
v -0.164901 0.015400 -0.149157
v -0.119897 0.007681 -0.162079
v -0.119813 0.022633 -0.036919
v -0.079619 -0.019635 0.080450
v -0.111308 0.021155 -0.039521
v -0.069956 -0.021326 0.077304
v -0.142463 0.010023 -0.125755
v -0.129433 0.006635 -0.131138
v -0.182220 0.043557 -0.237539
v -0.118080 -0.017700 -0.041779
v -0.106960 -0.071213 0.037046
v -0.105050 -0.021088 -0.047162
v -0.093930 -0.074601 0.031663
v -0.170416 0.040375 -0.241718
v -0.107492 -0.010587 -0.084785
v -0.101657 -0.012740 -0.075063
v -0.052313 0.002206 -0.118299
v -0.198533 -0.033102 -0.035050
v -0.288707 -0.101667 -0.004174
v -0.192698 -0.035255 -0.025328
v -0.282872 -0.103820 0.005548
v -0.000147 0.013501 -0.153549
v -0.033005 0.000351 -0.107084
v 0.025611 0.016671 -0.161026
v 0.102304 -0.049851 -0.103596
v 0.109380 -0.053980 -0.139332
v -0.351260 -0.047541 -0.010862
v -0.358133 -0.052464 -0.045736
v -0.259814 -0.031577 -0.025306
v -0.168419 -0.017507 -0.040639
v -0.077265 -0.010718 -0.059612
v 0.012740 -0.012056 -0.088061
v 0.006774 -0.016133 -0.117102
v -0.084301 -0.015759 -0.095316
v -0.175292 -0.022431 -0.075513
v -0.266687 -0.036500 -0.060181
v -0.074872 -0.015516 -0.183626
v -0.050355 -0.035905 -0.148132
v -0.151948 -0.008501 -0.130786
v -0.127431 -0.028889 -0.095292
v -0.245424 -0.010860 -0.052682
v -0.350783 -0.059498 0.009767
v -0.240641 -0.014736 -0.046028
v -0.345168 -0.063919 0.017265
v -0.222250 -0.017155 -0.075690
v -0.227302 -0.017527 -0.089778
v -0.339667 -0.037250 -0.030787
v -0.132834 -0.006274 -0.104986
v -0.039089 -0.025279 -0.130679
v -0.137886 -0.006645 -0.119074
v -0.044142 -0.025651 -0.144768
v -0.343525 -0.037459 -0.043555
v -0.080357 -0.015843 -0.053939
v -0.077323 -0.015668 -0.042705
v -0.017071 -0.014952 -0.073890
v -0.183575 -0.020142 -0.025919
v -0.286658 -0.074213 -0.004324
v -0.180541 -0.019967 -0.014685
v -0.283624 -0.074037 0.006910
v 0.043541 -0.015826 -0.095918
v -0.001283 -0.014762 -0.057731
v 0.070757 -0.015986 -0.096861
v 0.098542 0.051720 0.071805
v 0.123583 0.069632 0.047801
v -0.286091 -0.143698 -0.166684
v -0.271407 -0.131473 -0.199775
v -0.220215 -0.092442 -0.111547
v -0.152837 -0.042356 -0.057569
v -0.079614 0.003339 -0.008255
v 0.002104 0.046747 0.031020
v 0.014138 0.056868 0.003303
v -0.064581 0.015854 -0.042132
v -0.138152 -0.030132 -0.090659
v -0.205530 -0.080217 -0.144638
v 0.072918 -0.028954 -0.072026
v 0.069604 -0.005149 -0.027541
v -0.024712 -0.020189 -0.087957
v -0.028026 0.003616 -0.043472
v -0.153009 -0.006214 -0.091649
v -0.287038 -0.038083 -0.068798
v -0.153476 -0.001703 -0.083181
v -0.287379 -0.032933 -0.059111
v -0.113784 -0.011580 -0.020788
v -0.123515 -0.011260 -0.031228
v -0.200827 -0.025297 0.062696
v -0.045937 -0.005474 -0.080085
v 0.025171 -0.028147 -0.137945
v -0.055667 -0.005154 -0.090526
v 0.015441 -0.027828 -0.148386
v -0.209008 -0.024927 0.052963
v -0.072479 0.006545 -0.070837
v -0.074161 0.012405 -0.060928
v -0.007084 0.002343 -0.060471
v -0.177751 0.008719 -0.089913
v -0.287535 -0.035501 -0.090437
v -0.179434 0.014579 -0.080005
v -0.289218 -0.029642 -0.080528
v 0.056456 -0.004607 -0.051997
v 0.000838 0.011577 -0.041442
v 0.081469 -0.003161 -0.041347
v -0.015474 -0.018185 0.169614
v 0.024485 -0.018122 0.169702
v -0.208661 -0.008664 -0.296413
v -0.172420 -0.008974 -0.311116
v -0.176277 0.006596 -0.200484
v -0.142725 0.019931 -0.104915
v -0.104446 0.025901 -0.010832
v -0.055326 0.024419 0.079563
v -0.025200 0.024197 0.067062
v -0.067344 0.025584 -0.025885
v -0.106484 0.019621 -0.119618
v -0.140037 0.006286 -0.215187
v -0.227397 -0.043662 -0.124627
v -0.189201 -0.061174 -0.154746
v -0.162207 0.006122 -0.064776
v -0.124011 -0.011391 -0.094895
v -0.065051 0.060171 0.006400
v 0.036628 0.068166 0.106326
v -0.057907 0.056770 0.000579
v 0.044654 0.064204 0.099555
v -0.095813 0.007193 0.073037
v -0.110213 0.007809 0.070906
v -0.112625 -0.027648 0.190732
v -0.079027 0.028965 -0.014945
v -0.058544 0.021979 -0.108869
v -0.093427 0.029581 -0.017077
v -0.072944 0.022595 -0.111001
v -0.125337 -0.026900 0.188203
v -0.096566 0.015406 0.045931
v -0.106349 0.012193 0.041865
v -0.120209 0.022909 0.103984
v -0.054153 0.001970 -0.045661
v 0.004200 -0.054400 -0.123773
v -0.063936 -0.001243 -0.049728
v -0.005583 -0.057612 -0.127840
v -0.140391 0.029423 0.161558
v -0.141043 0.018351 0.106640
v -0.155832 0.029847 0.182355
v 0.067941 0.014417 -0.107488
v 0.053280 0.025621 -0.139516
v -0.255726 -0.075585 0.216515
v -0.281567 -0.067157 0.192640
v -0.185948 -0.044017 0.160792
v -0.116956 -0.013847 0.103695
v -0.051150 0.011042 0.041180
v 0.007345 0.032066 -0.030892
v -0.014372 0.039076 -0.050629
v -0.077606 0.019669 0.016737
v -0.142797 -0.005420 0.079820
v -0.211790 -0.035590 0.136916
v -0.268928 -0.025720 -0.034453
v -0.246893 -0.023626 -0.081361
v -0.178703 -0.018104 0.012230
v -0.156668 -0.016010 -0.034678
v -0.054341 -0.013435 0.057541
v 0.073257 -0.063224 0.099508
v -0.050307 -0.013042 0.048558
v 0.077685 -0.062771 0.089165
v -0.133908 0.004372 0.057034
v -0.128996 0.011272 0.069521
v -0.016316 0.008521 0.005887
v -0.221861 -0.004540 0.093054
v -0.303035 -0.042195 0.137286
v -0.216949 0.002360 0.105541
v -0.298123 -0.035295 0.149773
v -0.012588 0.014645 0.017261
v -0.164788 0.002409 0.061655
v -0.157461 0.001273 0.070448
v -0.116033 0.005800 0.017913
v -0.246286 -0.005384 0.128658
v -0.332591 -0.061268 0.184513
v -0.238958 -0.006520 0.137450
v -0.325263 -0.062404 0.193305
v -0.070611 0.007694 -0.026772
v -0.095230 0.004137 0.025855
v -0.046547 0.007724 -0.038828
v -0.286408 0.040994 0.283521
v -0.258581 0.040401 0.307976
v -0.145555 -0.056121 -0.151917
v -0.111686 -0.060442 -0.139697
v -0.176836 -0.020558 -0.069637
v -0.207410 0.013174 0.013431
v -0.235037 0.039873 0.099594
v -0.254175 0.058842 0.191110
v -0.225851 0.055216 0.201073
v -0.200364 0.035448 0.112105
v -0.173541 0.008852 0.025651
v -0.142968 -0.024879 -0.057417
v -0.328065 0.049648 0.071630
v -0.322650 0.041656 0.024496
v -0.236181 0.034948 0.088070
v -0.230765 0.026957 0.040936
v -0.116511 0.008046 0.094978
v -0.008203 -0.068018 0.106832
v -0.115633 0.006560 0.086001
v -0.007375 -0.069668 0.096552
v -0.121887 0.006428 0.097648
v -0.136080 0.003866 0.094155
v -0.140589 -0.037139 0.214578
v -0.102755 0.035714 0.010529
v -0.072848 0.037577 -0.082950
v -0.116947 0.033153 0.007037
v -0.087040 0.035015 -0.086442
v -0.153109 -0.039169 0.210844
v -0.134225 0.011845 0.044202
v -0.123049 0.015361 0.044779
v -0.127082 -0.009782 -0.018695
v -0.149189 0.042888 0.146448
v -0.157300 0.026321 0.264352
v -0.138013 0.046404 0.147024
v -0.146123 0.029837 0.264929
v -0.122409 -0.033128 -0.079192
v -0.106449 -0.007521 -0.028064
v -0.112392 -0.040146 -0.103767
v 0.042356 0.010467 -0.088813
v 0.031165 0.014975 -0.124876
v -0.326514 -0.010868 0.217872
v -0.350103 -0.007406 0.189290
v -0.248243 0.008975 0.163329
v -0.170658 0.027121 0.107617
v -0.095868 0.038805 0.047237
v -0.027598 0.044584 -0.022717
v -0.047461 0.047490 -0.046393
v -0.120019 0.042349 0.017976
v -0.194248 0.030582 0.079036
v -0.271832 0.012436 0.134747
v 0.011593 -0.026809 -0.004407
v 0.022732 -0.038155 0.045372
v -0.080320 0.011130 0.021022
v -0.069180 -0.000215 0.070801
v -0.198100 0.051211 0.069251
v -0.335345 0.040024 0.112480
v -0.195830 0.049002 0.078661
v -0.332569 0.037447 0.123173
v -0.185607 0.029087 0.026541
v -0.172304 0.033938 0.031627
v -0.147380 0.044581 -0.094566
v -0.216509 0.012155 0.114969
v -0.239992 -0.034215 0.199855
v -0.203206 0.017006 0.120055
v -0.226689 -0.029364 0.204941
v -0.135764 0.048823 -0.089388
v -0.227778 0.018227 0.068729
v -0.231277 0.015263 0.059032
v -0.283991 0.033944 0.087013
v -0.136137 -0.008422 0.043725
v -0.050230 -0.075615 0.040233
v -0.139637 -0.011385 0.034029
v -0.053730 -0.078579 0.030537
v -0.337843 0.048436 0.107601
v -0.299442 0.031196 0.073326
v -0.362597 0.052330 0.109041
v 0.012168 -0.063844 0.001616
v 0.012838 -0.072351 -0.035902
v -0.436430 0.026465 0.164897
v -0.450025 0.019675 0.130439
v -0.342622 0.025555 0.134568
v -0.249319 0.022626 0.103536
v -0.158044 0.011927 0.069578
v -0.070827 -0.007745 0.026895
v -0.082392 -0.013332 -0.001766
v -0.171961 0.004975 0.034300
v -0.262913 0.015835 0.069078
v -0.356216 0.018765 0.100109
v -0.371524 0.001520 -0.023357
v -0.342870 0.017574 -0.063495
v -0.292779 0.009671 0.040745
v -0.264125 0.025725 0.000607
v -0.180143 0.019814 0.109651
v -0.054390 -0.021231 0.164604
v -0.174834 0.022856 0.101926
v -0.048489 -0.017756 0.155667
v -0.199895 0.000384 0.027289
v -0.185684 0.003297 0.031157
v -0.161819 -0.047735 -0.084659
v -0.232113 0.031437 0.111074
v -0.265421 0.033615 0.204618
v -0.217902 0.034350 0.114942
v -0.251210 0.036529 0.208486
v -0.149391 -0.044872 -0.080620
v -0.186973 0.009437 0.084827
v -0.194553 0.007757 0.092403
v -0.141243 -0.006134 0.123462
v -0.258139 0.032709 0.018882
v -0.327733 0.012546 -0.064353
v -0.265719 0.031029 0.026458
v -0.335312 0.010865 -0.056778
v -0.095228 -0.022321 0.158604
v -0.146798 -0.011869 0.142949
v -0.081730 -0.030156 0.178623
v -0.112968 0.002748 0.272674
v -0.076572 -0.002141 0.268879
v -0.344718 -0.057065 -0.127367
v -0.313548 -0.064755 -0.143949
v -0.302021 -0.028444 -0.047951
v -0.258496 -0.001760 0.031438
v -0.211582 0.017459 0.110599
v -0.155988 0.027940 0.186992
v -0.130108 0.021523 0.172950
v -0.179670 0.009585 0.093622
v -0.227326 -0.009452 0.014855
v -0.270851 -0.036135 -0.064533
v -0.192893 -0.007352 0.235384
v -0.243666 -0.001168 0.234223
v -0.186753 -0.004986 0.135115
v -0.237526 0.001198 0.133954
v -0.195828 -0.005693 0.004795
v -0.213592 -0.059601 -0.124607
v -0.205477 -0.004515 0.004740
v -0.224614 -0.058242 -0.124475
v -0.196321 0.004250 0.102329
v -0.209656 -0.000755 0.108371
v -0.143285 0.014569 0.222284
v -0.230338 -0.006035 0.011121
v -0.249801 -0.044120 -0.081868
v -0.243673 -0.011040 0.017164
v -0.263136 -0.049125 -0.075826
v -0.155432 0.010076 0.227007
v -0.220713 -0.024483 0.070941
v -0.231951 -0.027581 0.070553
v -0.211726 -0.054094 0.129811
v -0.230307 0.022083 -0.025222
v -0.220659 0.027699 -0.143345
v -0.241544 0.018985 -0.025610
v -0.231896 0.024601 -0.143733
v -0.199877 -0.083477 0.186152
v -0.229647 -0.064611 0.138805
v -0.203157 -0.097789 0.209158
v -0.102865 -0.051108 0.277950
v -0.066355 -0.052565 0.277738
v -0.282681 -0.041469 -0.146848
v -0.249699 -0.043329 -0.160552
v -0.251760 -0.027442 -0.059593
v -0.219847 -0.015223 0.027351
v -0.183906 -0.009931 0.113005
v -0.138372 -0.011910 0.195313
v -0.110956 -0.013427 0.183665
v -0.150140 -0.011836 0.098975
v -0.186865 -0.017083 0.013647
v -0.218778 -0.029302 -0.073297
v -0.341744 0.030270 0.074556
v -0.331954 0.046897 0.028894
v -0.249507 0.002034 0.087765
v -0.239718 0.018661 0.042102
v -0.128233 -0.034224 0.088068
v -0.020535 -0.115987 0.066606
v -0.126525 -0.031014 0.079379
v -0.018759 -0.112252 0.056671
v -0.194411 -0.049844 0.012187
v -0.205270 -0.047466 0.002357
v -0.276999 -0.096694 0.095281
v -0.129221 -0.019566 -0.048203
v -0.058139 -0.017935 -0.115884
v -0.140080 -0.017187 -0.058032
v -0.068998 -0.015557 -0.125714
v -0.286208 -0.094314 0.086097
v -0.197111 -0.037198 -0.067916
v -0.186231 -0.036182 -0.067571
v -0.195819 -0.058973 -0.126323
v -0.203072 -0.004893 0.027131
v -0.211882 -0.017144 0.137330
v -0.192192 -0.003877 0.027476
v -0.201002 -0.016128 0.137675
v -0.197077 -0.081802 -0.182439
v -0.176723 -0.061062 -0.135352
v -0.189708 -0.090422 -0.205373
v -0.111469 -0.087117 0.201328
v -0.074909 -0.087198 0.203327
v -0.265882 -0.041851 -0.232103
v -0.232015 -0.041119 -0.243797
v -0.240865 -0.035421 -0.141908
v -0.214760 -0.030726 -0.052134
v -0.184253 -0.032656 0.035942
v -0.143643 -0.041142 0.120601
v -0.115477 -0.040480 0.110628
v -0.149580 -0.031908 0.023970
v -0.180893 -0.029995 -0.063829
v -0.206998 -0.034690 -0.153602
v -0.133647 -0.011064 0.143596
v -0.181185 0.007524 0.144670
v -0.138275 -0.026871 0.044684
v -0.185814 -0.008283 0.045757
v -0.161612 -0.046679 -0.082036
v -0.205876 -0.114717 -0.197337
v -0.170628 -0.043117 -0.081671
v -0.216150 -0.110603 -0.196732
v -0.116045 -0.037596 -0.010334
v -0.121077 -0.034331 0.002984
v -0.000363 -0.048024 0.033649
v -0.201144 -0.034814 -0.046247
v -0.287691 -0.061578 -0.079863
v -0.206177 -0.031550 -0.032929
v -0.292724 -0.058314 -0.066545
v -0.005460 -0.045053 0.045249
v -0.126839 -0.026660 -0.062675
v -0.116496 -0.027982 -0.057279
v -0.097942 -0.021637 -0.122860
v -0.177535 -0.037068 0.032106
v -0.237204 -0.096301 0.116943
v -0.167192 -0.038390 0.037502
v -0.226861 -0.097623 0.122339
v -0.072559 -0.018146 -0.182673
v -0.075224 -0.023356 -0.123544
v -0.054575 -0.017590 -0.203436
v -0.386207 -0.028083 -0.031948
v -0.398843 -0.015705 0.001769
v 0.088539 -0.103917 -0.035152
v 0.090104 -0.093810 0.000683
v -0.004105 -0.075084 -0.045357
v -0.097106 -0.047642 -0.053932
v -0.191458 -0.025452 -0.056016
v -0.287150 -0.006824 -0.045650
v -0.285596 0.001594 -0.015773
v -0.189856 -0.015105 -0.019328
v -0.095541 -0.037536 -0.018096
v -0.002540 -0.064977 -0.009522
v -0.272520 -0.030743 -0.139038
v -0.232349 -0.031828 -0.167032
v -0.220307 -0.028627 -0.058281
v -0.180136 -0.029713 -0.086275
v -0.139849 -0.031791 0.037402
v -0.059436 -0.086535 0.131385
v -0.132308 -0.031993 0.031953
v -0.050930 -0.086752 0.125010
v -0.239099 -0.038021 0.033755
v -0.244966 -0.035343 0.019499
v -0.360769 -0.062558 0.081667
v -0.146475 -0.024851 0.001405
v -0.050749 -0.043217 -0.033429
v -0.152342 -0.022174 -0.012850
v -0.056616 -0.040539 -0.047684
v -0.365328 -0.060032 0.068737
v -0.174363 -0.025977 0.012375
v -0.172931 -0.023033 0.023678
v -0.110065 -0.013221 -0.001987
v -0.277995 -0.050343 0.031931
v -0.369526 -0.123830 0.055466
v -0.276562 -0.047399 0.043234
v -0.368093 -0.120886 0.066769
v -0.047709 -0.003198 -0.018264
v -0.096827 -0.006247 0.015277
v -0.020952 0.003145 -0.016798
v -0.049630 -0.088870 0.199263
v -0.014262 -0.080352 0.194183
v -0.301437 -0.043918 -0.187650
v -0.271804 -0.034055 -0.205458
v -0.259263 -0.039604 -0.103616
v -0.215766 -0.036675 -0.020438
v -0.167002 -0.038967 0.059340
v -0.107916 -0.044895 0.132955
v -0.083336 -0.036619 0.117911
v -0.136663 -0.028870 0.041109
v -0.186132 -0.026812 -0.038246
v -0.229629 -0.029742 -0.121424
v -0.093558 -0.013120 0.135754
v -0.136078 0.001826 0.154421
v -0.132280 -0.026009 0.049067
v -0.174800 -0.011063 0.067734
v -0.197316 -0.043108 -0.055787
v -0.274655 -0.107684 -0.145240
v -0.205324 -0.040242 -0.052102
v -0.283715 -0.104370 -0.140870
v -0.151692 -0.033755 0.055043
v -0.166753 -0.033225 0.056994
v -0.133149 -0.039152 0.182806
v -0.161153 -0.034175 -0.040629
v -0.167449 -0.065299 -0.136010
v -0.176214 -0.033645 -0.038679
v -0.182510 -0.064769 -0.134059
v -0.146639 -0.038638 0.183850
v -0.209298 -0.030986 -0.033395
v -0.218943 -0.034134 -0.029676
v -0.179790 -0.055937 0.014603
v -0.253077 0.008223 -0.113548
v -0.286628 0.009154 -0.218229
v -0.262722 0.005075 -0.109829
v -0.296273 0.006007 -0.214509
v -0.148731 -0.080706 0.059418
v -0.191583 -0.065752 0.028910
v -0.142915 -0.093153 0.080647
v -0.425514 -0.054748 -0.030848
v -0.434540 -0.054551 0.007743
v 0.067995 -0.065782 -0.113183
v 0.074064 -0.066596 -0.074879
v -0.031212 -0.046471 -0.103258
v -0.130414 -0.029079 -0.092135
v -0.229550 -0.019033 -0.076160
v -0.327868 -0.016494 -0.048932
v -0.322552 -0.017148 -0.017027
v -0.223337 -0.019868 -0.036944
v -0.124345 -0.029894 -0.053830
v -0.025143 -0.047286 -0.064953
v 0.017495 0.018007 -0.061049
v 0.007225 0.032677 -0.013213
v -0.077464 -0.010431 -0.076480
v -0.087734 0.004239 -0.028645
v -0.202380 -0.047837 -0.079165
v -0.313335 -0.133214 -0.061825
v -0.204175 -0.044998 -0.070059
v -0.315204 -0.129901 -0.051410
v -0.183523 -0.021081 -0.092311
v -0.171749 -0.021615 -0.102203
v -0.268261 -0.004737 -0.190649
v -0.124526 -0.037362 -0.016610
v -0.073308 -0.083897 0.058037
v -0.112752 -0.037896 -0.026502
v -0.061534 -0.084431 0.048145
v -0.257333 -0.005288 -0.198910
v -0.143329 -0.024758 -0.084949
v -0.138915 -0.027632 -0.075521
v -0.089567 -0.029748 -0.114565
v -0.232260 -0.018120 -0.041203
v -0.332071 -0.054117 -0.012710
v -0.227845 -0.020994 -0.031776
v -0.327656 -0.056991 -0.003283
v -0.038858 -0.035396 -0.145852
v -0.073022 -0.035792 -0.103195
v -0.014713 -0.039747 -0.151912
v -0.307067 -0.113178 -0.162855
v -0.333628 -0.123265 -0.140005
v 0.080319 0.004190 0.056506
v 0.064641 -0.003369 0.087660
v 0.000693 -0.003168 0.008194
v -0.078971 -0.012446 -0.039314
v -0.158889 -0.029115 -0.083520
v -0.241855 -0.054518 -0.119369
v -0.254740 -0.060735 -0.093272
v -0.174940 -0.036855 -0.051625
v -0.094649 -0.020006 -0.008160
v -0.014985 -0.010728 0.039348
v 0.054520 -0.035851 -0.003730
v 0.054390 -0.016108 0.044068
v -0.046873 -0.033027 -0.009034
v -0.047002 -0.013285 0.038764
v -0.178405 -0.028441 0.001706
v -0.309775 -0.073345 0.035262
v -0.178262 -0.024691 0.010787
v -0.309414 -0.069051 0.045629
v -0.165502 -0.023122 0.019357
v -0.159696 -0.023801 0.005982
v -0.279540 -0.012281 -0.028425
v -0.082897 -0.035065 0.058879
v -0.006471 -0.075837 0.101554
v -0.077092 -0.035744 0.045504
v -0.000666 -0.076515 0.088179
v -0.273760 -0.012931 -0.040058
v -0.140100 -0.020034 0.043989
v -0.148316 -0.022338 0.037189
v -0.179069 -0.003670 0.089653
v -0.074160 -0.048052 -0.026287
v -0.004435 -0.118407 -0.076385
v -0.082375 -0.050356 -0.033087
v -0.012650 -0.120711 -0.083186
v -0.214852 0.011241 0.136064
v -0.199793 -0.005176 0.085537
v -0.235580 0.015788 0.150263
v -0.250127 -0.124448 -0.157166
v -0.287994 -0.129249 -0.147487
v 0.029504 0.017605 0.228677
v -0.001656 0.016379 0.251328
v -0.024047 0.005605 0.144002
v -0.078295 -0.008279 0.060335
v -0.135430 -0.029378 -0.019316
v -0.200763 -0.057997 -0.091382
v -0.226613 -0.058916 -0.072299
v -0.167331 -0.030633 0.003874
v -0.109455 -0.009505 0.082986
v -0.055207 0.004379 0.166653
v -0.006294 0.020374 -0.089182
v 0.027291 0.014878 -0.052353
v -0.081331 0.001283 -0.028316
v -0.047746 -0.004213 0.008513
v -0.167221 -0.030732 0.061085
v -0.245845 -0.113840 0.139133
v -0.160721 -0.031737 0.067979
v -0.238284 -0.114932 0.146887
v -0.181295 -0.022427 0.059613
v -0.188840 -0.024394 0.047105
v -0.287853 -0.009572 0.124338
v -0.099944 -0.035484 0.015934
v -0.018688 -0.077003 -0.018444
v -0.107489 -0.037452 0.003426
v -0.026233 -0.078970 -0.030952
v -0.293984 -0.011378 0.112865
v -0.142952 -0.035398 0.015579
v -0.137690 -0.034918 0.025457
v -0.089585 -0.052637 -0.015011
v -0.231632 -0.010349 0.061682
v -0.332936 -0.031907 0.109228
v -0.226369 -0.009869 0.071559
v -0.327673 -0.031427 0.119106
v -0.039507 -0.071026 -0.046771
v -0.071644 -0.054913 -0.002932
v -0.015006 -0.078199 -0.052724
v 0.057979 0.030425 0.043839
v 0.070696 0.038995 0.010090
v -0.372393 -0.153332 0.032896
v -0.372313 -0.150651 -0.003287
v -0.292701 -0.102556 0.042579
v -0.212189 -0.053272 0.051006
v -0.128538 -0.009674 0.054370
v -0.041504 0.028751 0.046669
v -0.041670 0.030920 0.016488
v -0.128457 -0.006929 0.017326
v -0.212109 -0.050591 0.014822
v -0.292621 -0.099875 0.006396
v -0.062074 -0.106399 -0.065634
v -0.031664 -0.087269 -0.028369
v -0.144921 -0.063911 -0.024802
v -0.114511 -0.044780 0.012463
v -0.243260 -0.007603 0.043236
v -0.346501 0.003562 0.141499
v -0.237349 -0.004035 0.050240
v -0.339590 0.007568 0.149403
v -0.209110 -0.032832 -0.033538
v -0.194165 -0.032383 -0.032398
v -0.201236 -0.044352 -0.160283
v -0.219318 -0.028608 0.060689
v -0.232787 -0.054667 0.155455
v -0.204373 -0.028159 0.061829
v -0.217842 -0.054218 0.156595
v -0.187991 -0.043878 -0.158584
v -0.225431 -0.033550 -0.039847
v -0.219833 -0.034977 -0.049037
v -0.279195 -0.046786 -0.067518
v -0.140445 -0.014179 0.008834
v -0.053988 -0.038994 0.072890
v -0.134848 -0.015605 -0.000355
v -0.048390 -0.040420 0.063700
v -0.332445 -0.060793 -0.091749
v -0.278401 -0.051695 -0.087995
v -0.350370 -0.067543 -0.108432
v -0.087207 -0.052433 0.181404
v -0.050789 -0.065158 0.174760
v -0.367294 -0.056136 -0.225857
v -0.337759 -0.070368 -0.245681
v -0.311546 -0.037305 -0.144625
v -0.255354 -0.020662 -0.063499
v -0.197259 -0.012485 0.017081
v -0.132224 -0.015164 0.094040
v -0.107726 -0.027007 0.077289
v -0.167021 -0.027056 -0.003215
v -0.225818 -0.034894 -0.083323
v -0.282010 -0.051537 -0.164449
v -0.301185 -0.014982 -0.066086
v -0.281391 -0.009572 -0.112918
v -0.218217 0.021613 -0.022939
v -0.198424 0.027023 -0.069771
v -0.102275 0.065357 0.018156
v 0.032707 0.058698 0.059107
v -0.098656 0.066330 0.009193
v 0.036669 0.059756 0.048792
v -0.162160 0.030971 -0.063759
v -0.149410 0.033666 -0.071736
v -0.224016 -0.007329 -0.171402
v -0.118705 0.054582 0.019300
v -0.070448 0.048030 0.107874
v -0.105954 0.057278 0.011323
v -0.057698 0.050725 0.099897
v -0.212350 -0.004713 -0.177913
v -0.173689 0.036558 -0.010438
v -0.179903 0.040418 -0.002023
v -0.129085 0.014485 0.029136
v -0.244623 0.068383 -0.077322
v -0.333898 0.055803 -0.146159
v -0.250837 0.072243 -0.068907
v -0.340111 0.059663 -0.137744
v -0.085143 -0.009258 0.065524
v -0.132560 0.017287 0.050317
v -0.071481 -0.016196 0.086643
v -0.394223 -0.015778 0.100044
v -0.391460 -0.000579 0.135213
v 0.013402 0.035084 -0.157865
v 0.029478 0.052242 -0.128528
v -0.076199 0.036403 -0.117146
v -0.164809 0.036623 -0.074807
v -0.249520 0.032768 -0.026066
v -0.327862 0.027632 0.034090
v -0.314255 0.041995 0.058415
v -0.233062 0.050333 0.003970
v -0.148733 0.053780 -0.045469
v -0.060122 0.053560 -0.087808
v -0.128611 0.005867 0.120960
v -0.174430 0.011108 0.134605
v -0.148931 0.029744 0.031857
v -0.194750 0.034984 0.045502
v -0.190914 0.057091 -0.080261
v -0.243059 0.035456 -0.200494
v -0.199579 0.058054 -0.077521
v -0.252905 0.036526 -0.197192
v -0.169577 0.050048 0.001255
v -0.162559 0.048904 -0.011713
v -0.278227 0.074222 -0.057275
v -0.091786 0.028350 0.048509
v -0.023629 -0.021739 0.097682
v -0.084768 0.027207 0.035541
v -0.016610 -0.022882 0.084714
v -0.271397 0.073087 -0.068488
v -0.150278 0.052041 0.006556
v -0.158690 0.050687 0.013964
v -0.108273 0.067146 0.052954
v -0.214261 0.025553 -0.070833
v -0.260979 -0.046447 -0.147164
v -0.222673 0.024198 -0.063425
v -0.269391 -0.047802 -0.139755
v -0.065146 0.080519 0.096276
v -0.115810 0.067064 0.073536
v -0.053466 0.085124 0.119522
v -0.237921 -0.032173 0.227965
v -0.212448 -0.025235 0.255669
v -0.060362 0.052484 -0.213416
v -0.027516 0.061909 -0.198078
v -0.106603 0.049493 -0.126994
v -0.151306 0.045032 -0.040078
v -0.189892 0.035017 0.048838
v -0.216991 0.020940 0.142525
v -0.189515 0.028873 0.155092
v -0.156264 0.044666 0.064541
v -0.118459 0.054457 -0.024740
v -0.073757 0.058918 -0.111656
v -0.288007 0.085790 0.038541
v -0.292355 0.080354 -0.008624
v -0.196547 0.065909 0.035729
v -0.200895 0.060473 -0.011436
v -0.080694 0.033189 0.017632
v 0.022225 -0.047849 0.004251
v -0.081669 0.032196 0.008681
v 0.020939 -0.048926 -0.005962
v -0.172114 0.043617 -0.029772
v -0.157812 0.038945 -0.025534
v -0.138380 0.037837 -0.158201
v -0.202764 0.045110 0.064237
v -0.246238 0.017866 0.154015
v -0.188463 0.040438 0.068475
v -0.231937 0.013194 0.158253
v -0.125844 0.033727 -0.153738
v -0.193904 0.042886 -0.025259
v -0.183330 0.047111 -0.024266
v -0.188463 0.037177 -0.089961
v -0.205656 0.047971 0.079091
v -0.206007 0.005254 0.187242
v -0.195082 0.052196 0.080084
v -0.195433 0.009479 0.188234
v -0.185149 0.029082 -0.152702
v -0.169135 0.043315 -0.098970
v -0.176137 0.028873 -0.177885
v -0.358044 0.035603 -0.145242
v -0.388908 0.020939 -0.128499
v 0.033529 0.007695 0.131828
v 0.013363 -0.009317 0.158116
v -0.044709 0.030753 0.078400
v -0.123287 0.051666 0.024987
v -0.203306 0.064253 -0.028178
v -0.288310 0.065679 -0.076886
v -0.304934 0.051502 -0.054807
v -0.223952 0.046835 -0.001265
v -0.143453 0.034652 0.051275
v -0.064875 0.013740 0.104688
v -0.352978 0.058922 0.007266
v -0.365139 0.051365 -0.042633
v -0.253077 0.055468 -0.012828
v -0.265238 0.047910 -0.062728
v -0.127718 0.042746 -0.053992
v -0.005678 -0.024164 -0.088432
v -0.130192 0.041324 -0.063434
v -0.008694 -0.025761 -0.099172
v -0.231170 0.026718 -0.060452
v -0.234748 0.031805 -0.074019
v -0.353505 0.006397 -0.033463
v -0.138894 0.036406 -0.078005
v -0.045303 0.016598 -0.102457
v -0.142472 0.041493 -0.091573
v -0.048882 0.021685 -0.116025
v -0.356026 0.011041 -0.045667
v -0.212479 0.043502 -0.028704
v -0.201917 0.044812 -0.029049
v -0.217066 0.044115 -0.089249
v -0.208719 0.039482 0.069083
v -0.205703 -0.010419 0.165185
v -0.198158 0.040793 0.068738
v -0.195141 -0.009109 0.164840
v -0.223874 0.042854 -0.147857
v -0.199490 0.046251 -0.099920
v -0.219030 0.043350 -0.172294
v -0.374858 -0.087754 -0.137241
v -0.408330 -0.089265 -0.119139
v -0.027673 0.108171 0.131692
v -0.051997 0.112198 0.159647
v -0.096681 0.083109 0.067406
v -0.166105 0.056466 0.004554
v -0.237295 0.023808 -0.052618
v -0.314460 -0.014325 -0.099598
v -0.334576 -0.010838 -0.076156
v -0.262199 0.027931 -0.023998
v -0.190430 0.060493 0.032510
v -0.121005 0.087136 0.095361
v -0.373949 0.022839 0.078534
v -0.394100 0.029919 0.034921
v -0.285877 0.031749 0.043020
v -0.306028 0.038829 -0.000593
v -0.178209 0.040134 -0.017920
v -0.072151 -0.001701 -0.088565
v -0.182181 0.041470 -0.026141
v -0.076855 -0.000175 -0.097875
v -0.216415 0.040300 0.011205
v -0.210799 0.034534 -0.000498
v -0.327165 0.034464 -0.036616
v -0.136278 0.042706 0.051790
v -0.062797 0.020570 0.106006
v -0.130661 0.036940 0.040087
v -0.057181 0.014804 0.094303
v -0.321571 0.029380 -0.046766
v -0.172374 0.036245 0.041156
v -0.172637 0.034120 0.030507
v -0.233229 0.026433 0.047233
v -0.073612 0.050354 0.035830
v 0.032391 0.020730 0.045636
v -0.073875 0.048229 0.025181
v 0.032127 0.018605 0.034987
v -0.291850 0.015910 0.055993
v -0.243762 0.020881 0.029829
v -0.316247 0.010092 0.051871
v -0.082941 0.093043 -0.163748
v -0.111884 0.098175 -0.185416
v -0.198248 -0.076850 0.249125
v -0.232529 -0.077375 0.239027
v -0.170959 -0.028294 0.173936
v -0.144513 0.018667 0.097701
v -0.121537 0.059528 0.017400
v -0.107658 0.094262 -0.068868
v -0.136312 0.093763 -0.077068
v -0.156634 0.058990 0.007061
v -0.178795 0.018142 0.087603
v -0.205240 -0.028819 0.163838
v -0.237210 0.052042 0.184195
v -0.273149 0.045064 0.153620
v -0.173603 0.047709 0.115553
v -0.209543 0.040731 0.084979
v -0.102419 0.034513 0.017612
v -0.030465 -0.028409 -0.073041
v -0.109347 0.033202 0.011920
v -0.038498 -0.029878 -0.079408
v -0.090649 0.036288 0.011527
v -0.080667 0.032387 0.022352
v 0.004152 0.043183 -0.076462
v -0.164650 0.028185 0.072730
v -0.244099 -0.008290 0.122851
v -0.154668 0.024285 0.083555
v -0.234117 -0.012190 0.133676
v 0.012516 0.039691 -0.066359
v -0.137179 0.044255 0.004846
v -0.144825 0.043445 -0.003142
v -0.181110 0.047267 0.050218
v -0.063372 0.037044 -0.065158
v 0.015075 -0.016808 -0.125727
v -0.071018 0.036234 -0.073147
v 0.007430 -0.017619 -0.133716
v -0.221795 0.048771 0.096244
v -0.201665 0.046114 0.043934
v -0.244135 0.048873 0.109438
v -0.339161 0.026848 0.089445
v -0.338050 0.028276 0.128820
v 0.113173 -0.017155 -0.113487
v 0.128646 -0.017704 -0.078151
v 0.021554 0.008540 -0.079624
v -0.069869 0.032350 -0.044547
v -0.160424 0.048950 -0.004580
v -0.247780 0.058238 0.046247
v -0.234641 0.057789 0.075613
v -0.144584 0.048387 0.031597
v -0.054396 0.031801 -0.009210
v 0.037026 0.007991 -0.044287
v -0.090145 0.031108 0.013540
v -0.090855 0.037014 0.027628
v 0.035424 0.001534 0.029893
v -0.184351 0.047468 -0.001249
v -0.284392 0.034262 -0.008493
v -0.185060 0.053374 0.012840
v -0.285101 0.040168 0.005596
v 0.034118 0.006957 0.042325
v -0.102314 0.036275 -0.034112
v -0.096806 0.035039 -0.024618
v -0.051887 0.020582 -0.068442
v -0.186486 0.059513 0.017825
v -0.286057 0.037904 0.065222
v -0.180978 0.058277 0.027320
v -0.280548 0.036668 0.074716
v -0.004805 0.004131 -0.103944
v -0.034021 0.015592 -0.057683
v 0.018642 -0.003489 -0.111711
v -0.358245 -0.017164 -0.112939
v -0.383200 -0.018017 -0.081480
v 0.127357 0.033161 0.024415
v 0.116363 0.033173 0.062158
v 0.030697 0.040222 -0.010208
v -0.066262 0.045355 -0.043625
v -0.164442 0.043119 -0.072166
v -0.265915 0.033457 -0.089633
v -0.274837 0.033525 -0.058085
v -0.175697 0.043131 -0.033525
v -0.077256 0.045367 -0.005883
v 0.019703 0.040234 0.027535
v -0.483681 0.853892 -0.167849
v -0.429596 0.823652 -0.168564
vn -0.8146 0.2802 0.5079
vn -0.8104 0.2935 0.5071
vn -0.8103 0.2936 0.5072
vn -0.7995 0.3242 0.5057
vn -0.8007 0.3248 0.5034
vn -0.7852 0.3356 0.5204
vn -0.7815 0.3972 0.4811
vn -0.6074 0.3363 0.7197
vn -0.7956 0.3106 0.5202
vn -0.7886 0.2492 0.5621
vn -0.8096 0.2589 0.5268
vn -0.8120 0.2369 0.5334
vn -0.8138 0.2425 0.5281
vn -0.8186 0.2580 0.5132
vn -0.7980 0.3942 0.4559
vn -0.7397 0.4265 0.5205
vn -0.7385 0.4829 0.4706
vn -0.8531 0.3636 0.3742
vn -0.8199 0.3234 0.4724
vn -0.7760 0.3915 0.4945
vn -0.8080 0.3331 0.4860
vn -0.7427 0.4830 0.4637
vn -0.6895 0.5846 0.4275
vn -0.6615 0.6375 0.3950
vn -0.6628 0.6379 0.3922
vn 0.6966 0.2644 0.6670
vn 0.7294 0.3270 0.6009
vn 0.6956 0.2505 0.6734
vn 0.5396 0.0184 0.8417
vn 0.5589 0.0417 0.8282
vn 0.5641 0.0536 0.8240
vn 0.6182 0.1277 0.7756
vn 0.6247 0.1347 0.7692
vn 0.9264 0.3745 0.0399
vn 0.9089 0.4160 0.0278
vn 0.9089 0.4162 0.0261
vn 0.6612 0.7341 -0.1548
vn 0.7697 0.6360 -0.0555
vn 0.6379 0.7616 -0.1139
vn 0.8584 0.5128 -0.0081
vn 0.8582 0.5131 -0.0114
vn 0.7747 0.6285 -0.0703
vn 0.7746 0.6243 -0.1013
vn 0.0487 0.9944 -0.0942
vn 0.0517 0.9943 -0.0934
vn -0.0161 0.9948 -0.1007
vn -0.4352 0.8299 -0.3490
vn -0.4403 0.8271 -0.3493
vn -0.5276 0.7725 -0.3535
vn 0.4305 0.8824 -0.1898
vn 0.4248 0.8855 -0.1884
vn 0.1498 0.9537 -0.2608
vn 0.1478 0.9541 -0.2604
vn -0.1749 0.9310 -0.3205
vn -0.1801 0.9301 -0.3201
vn 0.6796 0.7123 -0.1756
vn 0.4680 0.8803 -0.0780
vn 0.4452 0.8940 -0.0499
vn 0.2842 0.9565 -0.0661
vn 0.2800 0.9578 -0.0648
vn 0.1711 0.9822 -0.0770
vn 0.1678 0.9828 -0.0775
vn 0.3507 0.9322 -0.0894
vn 0.3075 0.9480 -0.0817
vn 0.3066 0.9482 -0.0832
vn -0.1332 0.9883 -0.0740
vn 0.0411 0.9981 -0.0462
vn -0.1482 0.9887 -0.0215
vn 0.1973 0.9779 -0.0683
vn 0.1957 0.9781 -0.0711
vn 0.0428 0.9971 -0.0634
vn 0.0323 0.9952 -0.0928
vn -0.6599 0.7144 0.2328
vn -0.6576 0.7165 0.2327
vn -0.7034 0.6674 0.2446
vn -0.9635 0.2560 0.0785
vn -0.9650 0.2503 0.0786
vn -0.9855 0.1494 0.0802
vn -0.3891 0.9212 0.0061
vn -0.3941 0.9190 0.0099
vn -0.6413 0.7661 0.0415
vn -0.6427 0.7649 0.0425
vn -0.8548 0.5146 0.0676
vn -0.8573 0.5102 0.0690
vn -0.1163 0.9877 -0.1049
vn -0.3166 0.9437 0.0963
vn -0.3277 0.9355 0.1323
vn -0.4760 0.8604 0.1820
vn -0.4790 0.8582 0.1847
vn -0.5682 0.7953 0.2113
vn -0.5708 0.7933 0.2119
vn -0.8239 -0.0114 -0.5667
vn -0.8177 0.0151 -0.5755
vn -0.8151 0.0185 -0.5791
vn -0.7939 0.0814 -0.6025
vn -0.7905 0.0841 -0.6067
vn -0.7501 0.1731 -0.6383
vn -0.7472 0.1740 -0.6414
vn -0.6502 0.3290 -0.6848
vn -0.6366 0.3431 -0.6907
vn -0.4529 0.5421 -0.7079
vn -0.4243 0.5636 -0.7088
vn -0.1918 0.7249 -0.6616
vn -0.1539 0.7399 -0.6549
vn 0.1169 0.8271 -0.5498
vn 0.1677 0.8302 -0.5317
vn 0.4246 0.8145 -0.3953
vn 0.4792 0.8046 -0.3506
vn 0.5711 0.7827 -0.2474
vn -0.7134 0.3693 0.5956
vn -0.7024 0.3955 0.5918
vn -0.7022 0.4002 0.5888
vn -0.6759 0.4636 0.5729
vn -0.6762 0.4680 0.5690
vn -0.6342 0.5562 0.5371
vn -0.6349 0.5586 0.5337
vn -0.5438 0.7039 0.4569
vn -0.5353 0.7181 0.4448
vn -0.3690 0.8788 0.3027
vn -0.3472 0.8952 0.2794
vn -0.1382 0.9849 0.1047
vn -0.1113 0.9910 0.0739
vn 0.1113 0.9850 -0.1319
vn 0.1442 0.9742 -0.1733
vn 0.3258 0.8680 -0.3748
vn 0.3722 0.8307 -0.4140
vn 0.4680 0.7470 -0.4722
vn -0.4789 0.3688 -0.7966
vn -0.4625 0.3923 -0.7951
vn -0.4578 0.3950 -0.7965
vn -0.4122 0.4485 -0.7931
vn -0.4068 0.4502 -0.7948
vn -0.3339 0.5219 -0.7849
vn -0.3299 0.5222 -0.7865
vn -0.1847 0.6357 -0.7495
vn -0.1665 0.6445 -0.7462
vn 0.0549 0.7633 -0.6437
vn 0.0860 0.7729 -0.6287
vn 0.3122 0.8302 -0.4619
vn 0.3463 0.8292 -0.4387
vn 0.5608 0.7963 -0.2268
vn 0.5980 0.7781 -0.1922
vn 0.7589 0.6510 0.0148
vn 0.7847 0.6158 0.0711
vn 0.8149 0.5477 0.1895
vn 0.7264 0.2444 -0.6424
vn 0.7256 0.2712 -0.6324
vn 0.7274 0.2751 -0.6287
vn 0.7264 0.3385 -0.5982
vn 0.7286 0.3416 -0.5936
vn 0.7233 0.4295 -0.5407
vn 0.7253 0.4308 -0.5371
vn 0.6988 0.5773 -0.4224
vn 0.6971 0.5904 -0.4068
vn 0.6131 0.7608 -0.2129
vn 0.6010 0.7778 -0.1838
vn 0.4563 0.8890 0.0375
vn 0.4368 0.8966 0.0731
vn 0.2500 0.9169 0.3111
vn 0.2201 0.9084 0.3553
vn 0.0365 0.8242 0.5652
vn -0.0153 0.7959 0.6052
vn -0.1269 0.7363 0.6647
vn 0.5137 0.8373 -0.1871
vn 0.4979 0.8509 -0.1675
vn 0.4971 0.8524 -0.1622
vn 0.4600 0.8811 -0.1097
vn 0.4599 0.8819 -0.1038
vn 0.4045 0.9142 -0.0235
vn 0.4052 0.9140 -0.0193
vn 0.2966 0.9460 0.1307
vn 0.2871 0.9463 0.1488
vn 0.1126 0.9277 0.3559
vn 0.0915 0.9190 0.3835
vn -0.1033 0.8168 0.5676
vn -0.1258 0.7945 0.5940
vn -0.3076 0.5996 0.7388
vn -0.3306 0.5566 0.7622
vn -0.4510 0.3030 0.8395
vn -0.4814 0.2386 0.8434
vn -0.5461 0.1153 0.8298
vn 0.2033 0.6244 -0.7542
vn 0.1944 0.6462 -0.7380
vn 0.1955 0.6502 -0.7342
vn 0.1778 0.7018 -0.6898
vn 0.1800 0.7054 -0.6856
vn 0.1567 0.7744 -0.6130
vn 0.1591 0.7763 -0.6100
vn 0.1168 0.8805 -0.4594
vn 0.1157 0.8899 -0.4413
vn 0.0489 0.9798 -0.1941
vn 0.0433 0.9863 -0.1593
vn -0.0333 0.9926 0.1171
vn -0.0379 0.9868 0.1577
vn -0.0992 0.8928 0.4395
vn -0.1011 0.8675 0.4871
vn -0.1230 0.6878 0.7154
vn -0.1349 0.6345 0.7611
vn -0.1717 0.5219 0.8355
vn 0.6943 0.7097 0.1194
vn 0.6743 0.7296 0.1143
vn 0.6703 0.7330 0.1162
vn 0.6176 0.7790 0.1084
vn 0.6134 0.7819 0.1114
vn 0.5301 0.8416 0.1032
vn 0.5273 0.8430 0.1062
vn 0.3603 0.9282 0.0933
vn 0.3411 0.9352 0.0955
vn 0.0773 0.9944 0.0724
vn 0.0415 0.9965 0.0725
vn -0.2421 0.9694 0.0397
vn -0.2819 0.9586 0.0411
vn -0.5561 0.8309 0.0185
vn -0.6000 0.7997 0.0226
vn -0.8050 0.5927 0.0261
vn -0.8451 0.5343 0.0184
vn -0.9100 0.4144 -0.0128
vn -0.4384 0.5376 -0.7203
vn -0.4185 0.5579 -0.7167
vn -0.4134 0.5600 -0.7180
vn -0.3600 0.6051 -0.7101
vn -0.3545 0.6063 -0.7119
vn -0.2710 0.6643 -0.6966
vn -0.2671 0.6641 -0.6983
vn -0.1051 0.7488 -0.6545
vn -0.0857 0.7542 -0.6510
vn 0.1543 0.8240 -0.5452
vn 0.1869 0.8267 -0.5307
vn 0.4239 0.8271 -0.3691
vn 0.4581 0.8180 -0.3478
vn 0.6709 0.7258 -0.1523
vn 0.7058 0.6978 -0.1220
vn 0.8508 0.5221 0.0595
vn 0.8724 0.4763 0.1096
vn 0.8951 0.3896 0.2170
vn -0.5667 0.0597 -0.8217
vn -0.5734 0.0867 -0.8147
vn -0.5722 0.0922 -0.8149
vn -0.5820 0.1596 -0.7974
vn -0.5796 0.1651 -0.7980
vn -0.5850 0.2630 -0.7672
vn -0.5825 0.2663 -0.7680
vn -0.5721 0.4385 -0.6932
vn -0.5666 0.4568 -0.6858
vn -0.5117 0.6741 -0.5327
vn -0.4987 0.6998 -0.5115
vn -0.3967 0.8669 -0.3018
vn -0.3742 0.8862 -0.2732
vn -0.2141 0.9763 -0.0318
vn -0.1770 0.9842 0.0066
vn 0.0178 0.9747 0.2230
vn 0.0593 0.9586 0.2786
vn 0.1263 0.9113 0.3920
vn -0.6037 0.7879 0.1213
vn -0.5806 0.8048 0.1230
vn -0.5768 0.8080 0.1204
vn -0.5182 0.8470 0.1186
vn -0.5145 0.8498 0.1149
vn -0.4246 0.8990 0.1070
vn -0.4224 0.9005 0.1035
vn -0.2475 0.9655 0.0813
vn -0.2287 0.9706 0.0749
vn 0.0384 0.9986 0.0358
vn 0.0730 0.9970 0.0269
vn 0.3502 0.9365 -0.0153
vn 0.3868 0.9218 -0.0276
vn 0.6392 0.7642 -0.0860
vn 0.6764 0.7292 -0.1037
vn 0.8457 0.5036 -0.1766
vn 0.8785 0.4408 -0.1844
vn 0.9327 0.3119 -0.1811
vn 0.9463 -0.0961 -0.3087
vn 0.9483 -0.0812 -0.3067
vn 0.9486 -0.0802 -0.3063
vn 0.9523 -0.0478 -0.3015
vn 0.9525 -0.0462 -0.3010
vn 0.9550 -0.0114 -0.2965
vn 0.9553 -0.0102 -0.2955
vn 0.9513 0.0352 -0.3063
vn 0.9311 0.0564 -0.3605
vn 0.8819 -0.0405 -0.4697
vn 0.9573 0.0363 -0.2869
vn 0.8649 -0.1312 -0.4846
vn 0.9391 0.2264 -0.2587
vn 0.9372 0.2342 -0.2584
vn 0.9231 0.2965 -0.2450
vn -0.3081 0.1996 -0.9302
vn 0.9400 0.2365 0.2460
vn 0.9383 0.2490 0.2400
vn 0.9383 0.2490 0.2399
vn 0.9339 0.2777 0.2252
vn 0.9330 0.2790 0.2273
vn 0.9373 0.2834 0.2027
vn 0.9124 0.3520 0.2087
vn 0.9751 0.2155 -0.0528
vn 0.9408 0.2606 0.2168
vn 0.9609 0.1904 0.2010
vn 0.9486 0.2108 0.2359
vn 0.9526 0.1882 0.2391
vn 0.9504 0.1951 0.2422
vn 0.9439 0.2142 0.2512
vn 0.9035 0.3571 0.2371
vn 0.9191 0.3659 0.1461
vn 0.8872 0.4323 0.1616
vn 0.8730 0.3538 0.3357
vn 0.9216 0.2874 0.2610
vn 0.9184 0.3426 0.1979
vn 0.9255 0.2920 0.2413
vn 0.8846 0.4346 0.1690
vn 0.8352 0.5354 0.1258
vn 0.7989 0.5911 0.1114
vn 0.7976 0.5923 0.1139
vn 0.0926 0.0137 -0.9956
vn 0.0288 0.0866 -0.9958
vn 0.0964 -0.0012 -0.9953
vn 0.2964 -0.2484 -0.9222
vn 0.2766 -0.2249 -0.9343
vn 0.2715 -0.2130 -0.9386
vn 0.2089 -0.1357 -0.9685
vn 0.2007 -0.1282 -0.9712
vn -0.9371 0.2401 0.2533
vn -0.9275 0.3121 0.2058
vn -0.9285 0.3178 0.1919
vn -0.8790 0.4725 0.0641
vn -0.8776 0.4777 0.0410
vn -0.7808 0.6144 -0.1135
vn -0.7571 0.6391 -0.1354
vn -0.5589 0.7090 -0.4301
vn -0.6285 0.7283 -0.2730
vn -0.2963 0.7216 -0.6257
vn -0.2847 0.7117 -0.6422
vn -0.2028 0.6821 -0.7026
vn -0.1604 0.6742 -0.7209
vn -0.0890 0.6655 -0.7411
vn -0.7413 0.6510 -0.1632
vn -0.7600 0.5077 -0.4058
vn -0.7534 0.4979 -0.4295
vn -0.7457 0.3531 -0.5650
vn -0.6364 0.2019 -0.7444
vn -0.6190 0.1834 -0.7637
vn -0.5882 0.1751 -0.7896
vn 0.7338 0.6792 -0.0149
vn 0.6814 0.7313 0.0303
vn 0.6767 0.7349 0.0441
vn 0.5340 0.8303 0.1594
vn 0.5257 0.8311 0.1816
vn 0.3461 0.8852 0.3110
vn 0.3096 0.8929 0.3270
vn 0.0475 0.8226 0.5666
vn 0.1292 0.8929 0.4314
vn -0.2218 0.6856 0.6934
vn -0.2302 0.6694 0.7064
vn -0.2979 0.5973 0.7446
vn -0.3339 0.5683 0.7520
vn -0.3946 0.5248 0.7542
vn 0.2847 0.8923 0.3504
vn 0.3210 0.7430 0.5873
vn 0.3153 0.7282 0.6086
vn 0.3513 0.5797 0.7352
vn 0.2950 0.3726 0.8799
vn 0.2852 0.3456 0.8940
vn 0.2577 0.3207 0.9115
vn 0.5500 0.3396 0.7630
vn 0.5308 0.4198 0.7362
vn 0.5206 0.4309 0.7371
vn 0.4489 0.6070 0.6558
vn 0.4296 0.6208 0.6558
vn 0.3156 0.7804 0.5399
vn 0.2988 0.8051 0.5123
vn 0.0092 0.9397 0.3419
vn 0.1748 0.9082 0.3803
vn -0.2282 0.9665 0.1176
vn -0.2494 0.9619 0.1122
vn -0.3350 0.9407 0.0533
vn -0.3650 0.9308 0.0187
vn -0.4042 0.9137 -0.0425
vn 0.2742 0.8232 0.4972
vn 0.0094 0.8047 0.5936
vn -0.0171 0.8045 0.5937
vn -0.1928 0.7332 0.6521
vn -0.4360 0.6490 0.6235
vn -0.4643 0.6365 0.6158
vn -0.4983 0.6325 0.5931
vn 0.4066 0.9132 -0.0250
vn 0.3298 0.9441 0.0007
vn 0.3212 0.9469 0.0127
vn 0.1314 0.9878 0.0839
vn 0.1187 0.9875 0.1039
vn -0.0917 0.9774 0.1907
vn -0.1310 0.9712 0.1990
vn -0.3929 0.8267 0.4027
vn -0.3163 0.9090 0.2715
vn -0.6113 0.6064 0.5085
vn -0.6156 0.5897 0.5228
vn -0.6577 0.5009 0.5626
vn -0.6807 0.4607 0.5695
vn -0.7194 0.3968 0.5701
vn -0.1583 0.9631 0.2178
vn -0.1215 0.8681 0.4812
vn -0.1257 0.8547 0.5037
vn -0.0651 0.7485 0.6600
vn -0.0694 0.5534 0.8300
vn -0.0712 0.5265 0.8472
vn -0.0904 0.4945 0.8645
vn 0.5852 0.8096 0.0450
vn 0.5237 0.8519 0.0008
vn 0.5109 0.8596 0.0021
vn 0.3434 0.9346 -0.0932
vn 0.3216 0.9427 -0.0886
vn 0.1139 0.9779 -0.1755
vn 0.0788 0.9774 -0.1959
vn -0.2806 0.9371 -0.2077
vn -0.1179 0.9578 -0.2620
vn -0.5705 0.7867 -0.2361
vn -0.5877 0.7771 -0.2254
vn -0.6700 0.7130 -0.2065
vn -0.7031 0.6799 -0.2082
vn -0.7506 0.6233 -0.2192
vn 0.0451 0.9787 -0.2005
vn -0.1244 0.9919 0.0250
vn -0.1458 0.9885 0.0404
vn -0.2341 0.9485 0.2135
vn -0.4045 0.8354 0.3722
vn -0.4249 0.8174 0.3890
vn -0.4592 0.7957 0.3950
vn 0.6757 0.5182 0.5243
vn 0.6335 0.5902 0.5004
vn 0.6221 0.5993 0.5038
vn 0.4952 0.7494 0.4396
vn 0.4744 0.7596 0.4449
vn 0.3009 0.8821 0.3625
vn 0.2720 0.9001 0.3404
vn -0.0765 0.9614 0.2643
vn 0.0956 0.9637 0.2493
vn -0.3712 0.9198 0.1269
vn -0.3917 0.9110 0.1290
vn -0.4850 0.8685 0.1021
vn -0.5214 0.8496 0.0796
vn -0.5731 0.8187 0.0353
vn 0.2408 0.9117 0.3329
vn 0.0272 0.8596 0.5102
vn 0.0026 0.8549 0.5189
vn -0.1289 0.7619 0.6347
vn -0.3471 0.6344 0.6907
vn -0.3734 0.6164 0.6933
vn -0.4111 0.6038 0.6830
vn -0.9751 -0.0410 0.2180
vn -0.9691 0.0418 0.2430
vn -0.9696 0.0561 0.2383
vn -0.9259 0.2539 0.2796
vn -0.9231 0.2749 0.2688
vn -0.8286 0.4815 0.2857
vn -0.8058 0.5143 0.2935
vn -0.5920 0.7848 0.1836
vn -0.6762 0.6774 0.2897
vn -0.3166 0.9430 0.1028
vn -0.3027 0.9492 0.0863
vn -0.2133 0.9763 0.0361
vn -0.1690 0.9853 0.0241
vn -0.0956 0.9953 0.0142
vn -0.7891 0.5432 0.2868
vn -0.7722 0.6350 0.0203
vn -0.7626 0.6468 -0.0015
vn -0.7284 0.6563 -0.1967
vn -0.5892 0.6955 -0.4114
vn -0.5683 0.6982 -0.4354
vn -0.5347 0.7127 -0.4540
vn 0.5287 0.6281 0.5709
vn 0.4972 0.6927 0.5224
vn 0.4857 0.7021 0.5207
vn 0.3862 0.8333 0.3955
vn 0.3652 0.8440 0.3929
vn 0.2248 0.9435 0.2436
vn 0.2035 0.9560 0.2113
vn -0.1093 0.9935 0.0331
vn 0.0606 0.9960 0.0650
vn -0.3575 0.9188 -0.1674
vn -0.3781 0.9102 -0.1692
vn -0.4624 0.8612 -0.2111
vn -0.4921 0.8373 -0.2383
vn -0.5311 0.7970 -0.2876
vn 0.1760 0.9652 0.1935
vn -0.0791 0.9464 0.3132
vn -0.1053 0.9430 0.3157
vn -0.2664 0.8732 0.4081
vn -0.4962 0.7556 0.4277
vn -0.5228 0.7380 0.4267
vn -0.5568 0.7228 0.4093
vn -0.2285 0.6700 0.7063
vn -0.1985 0.7312 0.6526
vn -0.2022 0.7403 0.6412
vn -0.1346 0.8621 0.4885
vn -0.1418 0.8721 0.4683
vn -0.0736 0.9602 0.2695
vn -0.0548 0.9705 0.2349
vn -0.0453 0.9910 -0.1263
vn 0.0074 0.9992 0.0381
vn 0.0105 0.8998 -0.4361
vn 0.0020 0.8906 -0.4547
vn -0.0028 0.8375 -0.5464
vn 0.0061 0.8115 -0.5843
vn 0.0296 0.7677 -0.6401
vn -0.0519 0.9780 0.2018
vn -0.2789 0.9597 0.0349
vn -0.2937 0.9558 0.0132
vn -0.4539 0.8873 -0.0817
vn -0.5844 0.7655 -0.2692
vn -0.5968 0.7473 -0.2922
vn -0.5982 0.7304 -0.3296
vn 0.1104 0.7360 0.6679
vn 0.0342 0.7670 0.6407
vn 0.0193 0.7661 0.6424
vn -0.1674 0.8084 0.5644
vn -0.1902 0.8019 0.5663
vn -0.3918 0.7967 0.4603
vn -0.4229 0.7953 0.4342
vn -0.7157 0.6313 0.2987
vn -0.5870 0.7454 0.3158
vn -0.8944 0.4343 0.1073
vn -0.9041 0.4142 0.1050
vn -0.9432 0.3270 0.0590
vn -0.9556 0.2932 0.0291
vn -0.9694 0.2441 -0.0255
vn -0.4531 0.7854 0.4218
vn -0.5967 0.5810 0.5535
vn -0.6129 0.5603 0.5572
vn -0.6621 0.3876 0.6414
vn -0.7472 0.1432 0.6490
vn -0.7552 0.1125 0.6457
vn -0.7741 0.0806 0.6279
vn -0.9556 0.1972 -0.2191
vn -0.9533 0.2083 -0.2186
vn -0.9529 0.2092 -0.2194
vn -0.9464 0.2359 -0.2207
vn -0.9453 0.2382 -0.2227
vn -0.9363 0.2723 -0.2216
vn -0.9368 0.2881 -0.1983
vn -0.9147 0.3339 -0.2278
vn -0.9356 0.3094 -0.1703
vn -0.8876 0.3962 -0.2349
vn -0.9731 0.1927 -0.1264
vn -0.9763 0.1605 -0.1454
vn -0.9719 0.1693 -0.1637
vn -0.8866 0.3976 -0.2362
vn -0.8385 0.4872 -0.2441
vn -0.8061 0.5394 -0.2434
vn -0.8062 0.5394 -0.2429
vn -0.0331 0.3409 0.9395
vn -0.0399 0.3343 0.9416
vn -0.0398 0.3338 0.9418
vn -0.1609 0.2184 0.9625
vn -0.1357 0.2438 0.9603
vn -0.1281 0.2508 0.9595
vn -0.0670 0.3104 0.9482
vn -0.0610 0.3156 0.9469
vn -0.0324 0.3421 0.9391
vn 0.2634 0.9449 -0.1946
vn 0.2182 0.9560 -0.1962
vn 0.2175 0.9558 -0.1978
vn -0.2194 0.9401 -0.2611
vn -0.0541 0.9763 -0.2098
vn -0.2429 0.9465 -0.2123
vn 0.1048 0.9732 -0.2047
vn 0.1036 0.9727 -0.2077
vn -0.0494 0.9728 -0.2262
vn -0.0546 0.9651 -0.2560
vn -0.7592 0.6509 0.0063
vn -0.7572 0.6532 0.0062
vn -0.7990 0.6010 0.0194
vn -0.9841 0.1391 -0.1106
vn -0.9850 0.1334 -0.1097
vn -0.9951 0.0321 -0.0939
vn -0.4768 0.8536 -0.2097
vn -0.4821 0.8515 -0.2063
vn -0.7142 0.6747 -0.1861
vn -0.7156 0.6735 -0.1851
vn -0.9022 0.4048 -0.1493
vn -0.9044 0.4004 -0.1475
vn -0.1976 0.9368 -0.2886
vn -0.4231 0.8988 -0.1149
vn -0.4393 0.8948 -0.0800
vn -0.5853 0.8098 -0.0408
vn -0.5885 0.8076 -0.0382
vn -0.6739 0.7386 -0.0148
vn -0.6764 0.7364 -0.0143
vn 0.7536 0.6564 -0.0353
vn 0.7336 0.6796 -0.0002
vn 0.7325 0.6808 -0.0008
vn 0.4344 0.8585 0.2725
vn 0.5787 0.7919 0.1950
vn 0.4429 0.8368 0.3219
vn 0.6742 0.7340 0.0819
vn 0.6720 0.7361 0.0808
vn 0.5730 0.7994 0.1805
vn 0.5533 0.8168 0.1634
vn 0.0041 0.6659 0.7460
vn 0.0069 0.6668 0.7452
vn -0.0503 0.6379 0.7685
vn -0.5363 0.4908 0.6867
vn -0.5405 0.4868 0.6862
vn -0.6123 0.4139 0.6737
vn 0.2372 0.8523 0.4662
vn 0.2338 0.8503 0.4715
vn -0.0235 0.7991 0.6008
vn -0.0248 0.7981 0.6020
vn -0.3137 0.6617 0.6810
vn -0.3175 0.6584 0.6825
vn 0.4350 0.8682 0.2387
vn 0.3367 0.7983 0.4994
vn 0.3371 0.7770 0.5316
vn 0.2036 0.7434 0.6371
vn 0.2011 0.7413 0.6404
vn 0.1096 0.7089 0.6968
vn 0.1067 0.7079 0.6982
vn -0.8475 0.5297 0.0357
vn -0.8226 0.5664 0.0501
vn -0.8225 0.5664 0.0518
vn -0.5169 0.8202 0.2450
vn -0.6443 0.7512 0.1437
vn -0.4907 0.8468 0.2053
vn -0.7548 0.6496 0.0911
vn -0.7544 0.6496 0.0943
vn -0.6500 0.7433 0.1581
vn -0.6496 0.7365 0.1886
vn 0.1291 0.9760 0.1752
vn 0.1262 0.9765 0.1746
vn 0.1932 0.9648 0.1785
vn 0.5854 0.7097 0.3920
vn 0.5900 0.7060 0.3918
vn 0.6664 0.6371 0.3873
vn -0.2628 0.9232 0.2803
vn -0.2567 0.9254 0.2788
vn 0.0283 0.9390 0.3428
vn 0.0303 0.9391 0.3424
vn 0.3459 0.8559 0.3844
vn 0.3509 0.8542 0.3837
vn -0.5381 0.8002 0.2648
vn -0.3039 0.9373 0.1706
vn -0.2801 0.9493 0.1426
vn -0.1102 0.9816 0.1558
vn -0.1059 0.9823 0.1544
vn 0.0060 0.9866 0.1631
vn 0.0094 0.9865 0.1635
vn 0.5465 0.7904 0.2768
vn 0.5215 0.8166 0.2474
vn 0.5222 0.8166 0.2458
vn 0.2845 0.9534 -0.1004
vn 0.3621 0.9304 0.0568
vn 0.2356 0.9684 -0.0814
vn 0.4594 0.8721 0.1682
vn 0.4607 0.8720 0.1652
vn 0.3761 0.9253 0.0479
vn 0.3925 0.9195 0.0219
vn -0.3278 0.8750 -0.3564
vn -0.3258 0.8764 -0.3545
vn -0.3753 0.8424 -0.3867
vn -0.5151 0.4722 -0.7153
vn -0.5177 0.4672 -0.7167
vn -0.5610 0.3760 -0.7375
vn 0.0606 0.9631 -0.2623
vn 0.0542 0.9630 -0.2641
vn -0.1533 0.8787 -0.4521
vn -0.1552 0.8781 -0.4527
vn -0.3680 0.6919 -0.6211
vn -0.3718 0.6886 -0.6225
vn 0.3176 0.9424 -0.1052
vn 0.0374 0.9881 -0.1493
vn 0.0008 0.9905 -0.1374
vn -0.1425 0.9624 -0.2311
vn -0.1469 0.9616 -0.2320
vn -0.2359 0.9271 -0.2912
vn -0.2384 0.9259 -0.2931
vn -0.4181 0.8776 -0.2348
vn -0.3940 0.8971 -0.2000
vn -0.3949 0.8970 -0.1985
vn -0.1861 0.9650 0.1848
vn -0.2466 0.9689 0.0188
vn -0.1339 0.9758 0.1730
vn -0.3359 0.9356 -0.1086
vn -0.3375 0.9354 -0.1058
vn -0.2620 0.9647 0.0254
vn -0.2820 0.9582 0.0486
vn 0.3788 0.7837 0.4923
vn 0.3773 0.7856 0.4904
vn 0.4184 0.7423 0.5233
vn 0.4760 0.3244 0.8175
vn 0.4779 0.3189 0.8185
vn 0.5080 0.2214 0.8325
vn 0.0166 0.9292 0.3693
vn 0.0227 0.9281 0.3717
vn 0.1957 0.7988 0.5689
vn 0.1975 0.7979 0.5696
vn 0.3666 0.5696 0.7357
vn 0.3698 0.5657 0.7370
vn -0.2205 0.9577 0.1847
vn 0.0557 0.9631 0.2633
vn 0.0936 0.9622 0.2556
vn 0.2206 0.9066 0.3598
vn 0.2248 0.9051 0.3610
vn 0.3017 0.8536 0.4246
vn 0.3038 0.8519 0.4266
vn -0.0090 0.6202 0.7844
vn -0.0071 0.6560 0.7547
vn -0.0054 0.6565 0.7543
vn 0.0838 0.9108 0.4043
vn 0.0173 0.8352 0.5497
vn 0.0361 0.9237 0.3813
vn 0.0041 0.7380 0.6748
vn 0.0072 0.7386 0.6741
vn 0.0337 0.8318 0.5541
vn 0.0647 0.8325 0.5503
vn -0.0916 0.9669 -0.2380
vn -0.0920 0.9676 -0.2351
vn -0.0925 0.9492 -0.3007
vn 0.1355 0.7077 -0.6934
vn 0.1357 0.7035 -0.6976
vn 0.1406 0.6269 -0.7663
vn 0.0646 0.9881 0.1396
vn 0.0620 0.9891 0.1336
vn 0.0896 0.9834 -0.1575
vn 0.0890 0.9832 -0.1594
vn 0.1168 0.8754 -0.4691
vn 0.1161 0.8730 -0.4737
vn 0.1101 0.8988 0.4244
vn -0.0401 0.9803 0.1935
vn -0.0725 0.9823 0.1726
vn -0.0862 0.9963 0.0003
vn -0.0881 0.9961 -0.0039
vn -0.0928 0.9889 -0.1158
vn -0.0927 0.9885 -0.1192
vn 0.8022 0.5810 0.1375
vn 0.7737 0.6177 0.1408
vn 0.7734 0.6184 0.1393
vn 0.4347 0.8966 0.0846
vn 0.5752 0.8057 0.1414
vn 0.4104 0.9021 0.1331
vn 0.6968 0.7032 0.1415
vn 0.6962 0.7044 0.1385
vn 0.5801 0.8049 0.1248
vn 0.5774 0.8110 0.0942
vn -0.2114 0.9454 0.2481
vn -0.2084 0.9459 0.2488
vn -0.2746 0.9300 0.2442
vn -0.6663 0.7449 -0.0330
vn -0.6706 0.7411 -0.0341
vn -0.7414 0.6689 -0.0540
vn 0.1719 0.9791 0.1090
vn 0.1659 0.9798 0.1115
vn -0.1241 0.9894 0.0748
vn -0.1261 0.9892 0.0753
vn -0.4378 0.8988 0.0205
vn -0.4425 0.8965 0.0207
vn 0.4552 0.8885 0.0572
vn 0.2218 0.9517 0.2123
vn 0.2000 0.9489 0.2440
vn 0.0277 0.9666 0.2548
vn 0.0235 0.9662 0.2565
vn -0.0887 0.9624 0.2567
vn -0.0921 0.9622 0.2564
vn 0.0406 0.8791 0.4750
vn 0.0653 0.8960 0.4393
vn 0.0671 0.8957 0.4395
vn 0.3453 0.9333 0.0985
vn 0.2168 0.9514 0.2186
vn 0.3155 0.9473 0.0549
vn 0.1309 0.9275 0.3502
vn 0.1341 0.9269 0.3506
vn 0.2284 0.9460 0.2302
vn 0.2566 0.9363 0.2396
vn 0.3899 0.7451 -0.5411
vn 0.3890 0.7471 -0.5390
vn 0.3986 0.7025 -0.5896
vn 0.6009 0.2598 -0.7559
vn 0.6005 0.2544 -0.7581
vn 0.5912 0.1572 -0.7911
vn 0.4324 0.8874 -0.1598
vn 0.4322 0.8863 -0.1664
vn 0.5323 0.7450 -0.4021
vn 0.5321 0.7441 -0.4039
vn 0.5945 0.5073 -0.6238
vn 0.5941 0.5035 -0.6273
vn 0.3577 0.9247 0.1303
vn 0.3239 0.9333 -0.1548
vn 0.3022 0.9348 -0.1868
vn 0.3427 0.8741 -0.3442
vn 0.3420 0.8727 -0.3485
vn 0.3651 0.8183 -0.4440
vn 0.3659 0.8164 -0.4467
vn -0.4313 0.4269 -0.7948
vn -0.4306 0.4675 -0.7720
vn -0.4320 0.4678 -0.7711
vn -0.4429 0.7739 -0.4528
vn -0.4191 0.6805 -0.6010
vn -0.3946 0.7993 -0.4532
vn -0.4306 0.5619 -0.7063
vn -0.4332 0.5622 -0.7044
vn -0.4347 0.6735 -0.5978
vn -0.4613 0.6699 -0.5817
vn -0.0604 0.9970 0.0477
vn -0.0613 0.9971 0.0448
vn -0.0322 0.9938 0.1063
vn -0.0332 0.8093 0.5864
vn -0.0309 0.8062 0.5908
vn 0.0085 0.7467 0.6651
vn -0.3459 0.9091 -0.2321
vn -0.3415 0.9118 -0.2278
vn -0.2569 0.9653 0.0470
vn -0.2555 0.9656 0.0485
vn -0.1398 0.9248 0.3538
vn -0.1368 0.9236 0.3580
vn -0.4711 0.7536 -0.4585
vn -0.2701 0.9072 -0.3225
vn -0.2337 0.9191 -0.3172
vn -0.1608 0.9724 -0.1691
vn -0.1574 0.9735 -0.1661
vn -0.1100 0.9917 -0.0660
vn -0.1087 0.9921 -0.0629
vn -0.4695 0.8749 0.1192
vn -0.4319 0.8907 0.1419
vn -0.4320 0.8904 0.1436
vn -0.0706 0.9154 0.3963
vn -0.2002 0.9393 0.2785
vn -0.0295 0.9309 0.3641
vn -0.3381 0.9192 0.2019
vn -0.3383 0.9184 0.2050
vn -0.2109 0.9333 0.2907
vn -0.2182 0.9223 0.3190
vn 0.5703 0.7268 0.3828
vn 0.5681 0.7289 0.3821
vn 0.6193 0.6840 0.3857
vn 0.8000 0.2325 0.5531
vn 0.8022 0.2271 0.5522
vn 0.8342 0.1306 0.5357
vn 0.1935 0.8660 0.4611
vn 0.2000 0.8649 0.4604
vn 0.4425 0.7196 0.5352
vn 0.4443 0.7187 0.5349
vn 0.6681 0.4797 0.5688
vn 0.6716 0.4759 0.5679
vn -0.1014 0.9061 0.4107
vn 0.1803 0.9171 0.3556
vn 0.2105 0.9196 0.3317
vn 0.3704 0.8575 0.3570
vn 0.3747 0.8561 0.3560
vn 0.4716 0.8009 0.3690
vn 0.4744 0.7990 0.3696
vn -0.5847 0.6760 -0.4486
vn -0.5681 0.6968 -0.4379
vn -0.5636 0.7001 -0.4384
vn -0.5178 0.7481 -0.4150
vn -0.5127 0.7509 -0.4164
vn -0.4388 0.8134 -0.3819
vn -0.4350 0.8146 -0.3837
vn -0.2856 0.9053 -0.3145
vn -0.2671 0.9126 -0.3097
vn -0.0330 0.9811 -0.1907
vn -0.0001 0.9842 -0.1770
vn 0.2476 0.9683 -0.0332
vn 0.2847 0.9585 -0.0178
vn 0.5267 0.8412 0.1223
vn 0.5684 0.8110 0.1388
vn 0.7562 0.6105 0.2355
vn 0.7895 0.5542 0.2638
vn 0.8358 0.4394 0.3291
vn 0.8840 0.3499 -0.3099
vn 0.8753 0.3765 -0.3035
vn 0.8748 0.3806 -0.2998
vn 0.8521 0.4435 -0.2779
vn 0.8518 0.4471 -0.2731
vn 0.8123 0.5339 -0.2348
vn 0.8123 0.5355 -0.2309
vn 0.7197 0.6778 -0.1502
vn 0.7098 0.6908 -0.1378
vn 0.5292 0.8484 -0.0106
vn 0.5038 0.8638 0.0094
vn 0.2658 0.9535 0.1420
vn 0.2324 0.9584 0.1658
vn -0.0373 0.9518 0.3044
vn -0.0812 0.9393 0.3332
vn -0.3211 0.8296 0.4567
vn -0.3802 0.7939 0.4744
vn -0.4966 0.7176 0.4883
vn 0.2547 0.7343 0.6293
vn 0.2544 0.7527 0.6073
vn 0.2516 0.7562 0.6040
vn 0.2447 0.7993 0.5488
vn 0.2408 0.8026 0.5458
vn 0.2244 0.8585 0.4611
vn 0.2208 0.8603 0.4595
vn 0.1800 0.9388 0.2937
vn 0.1716 0.9456 0.2763
vn 0.0994 0.9949 0.0194
vn 0.0859 0.9962 -0.0138
vn 0.0032 0.9583 -0.2858
vn -0.0148 0.9469 -0.3211
vn -0.1170 0.8115 -0.5725
vn -0.1419 0.7804 -0.6090
vn -0.2521 0.5722 -0.7804
vn -0.2685 0.5125 -0.8157
vn -0.2813 0.3878 -0.8778
vn -0.8074 0.2870 0.5156
vn -0.8096 0.3100 0.4985
vn -0.8115 0.3123 0.4938
vn -0.8170 0.3644 0.4469
vn -0.8193 0.3658 0.4415
vn -0.8220 0.4359 0.3664
vn -0.8238 0.4358 0.3625
vn -0.8087 0.5484 0.2128
vn -0.8076 0.5569 0.1942
vn -0.7323 0.6801 -0.0356
vn -0.7203 0.6904 -0.0678
vn -0.5743 0.7599 -0.3047
vn -0.5530 0.7606 -0.3401
vn -0.3509 0.7462 -0.5657
vn -0.3164 0.7311 -0.6045
vn -0.1049 0.6244 -0.7740
vn -0.0463 0.5953 -0.8022
vn 0.0775 0.5407 -0.8376
vn 0.2288 0.7781 -0.5850
vn 0.2272 0.7953 -0.5621
vn 0.2297 0.7977 -0.5577
vn 0.2301 0.8358 -0.4985
vn 0.2336 0.8375 -0.4940
vn 0.2362 0.8844 -0.4026
vn 0.2394 0.8848 -0.3997
vn 0.2423 0.9446 -0.2215
vn 0.2459 0.9481 -0.2017
vn 0.2354 0.9695 0.0687
vn 0.2362 0.9661 0.1043
vn 0.2020 0.9019 0.3818
vn 0.2019 0.8850 0.4195
vn 0.1611 0.7225 0.6723
vn 0.1603 0.6848 0.7109
vn 0.1314 0.4513 0.8827
vn 0.1146 0.3895 0.9139
vn 0.0646 0.2677 0.9613
vn -0.7871 0.4916 -0.3725
vn -0.7697 0.5130 -0.3801
vn -0.7662 0.5153 -0.3839
vn -0.7197 0.5632 -0.4060
vn -0.7161 0.5646 -0.4105
vn -0.6410 0.6271 -0.4425
vn -0.6386 0.6271 -0.4460
vn -0.4837 0.7210 -0.4961
vn -0.4658 0.7276 -0.5036
vn -0.2112 0.8125 -0.5434
vn -0.1761 0.8173 -0.5486
vn 0.1101 0.8346 -0.5397
vn 0.1509 0.8280 -0.5401
vn 0.4403 0.7527 -0.4895
vn 0.4876 0.7275 -0.4827
vn 0.7174 0.5652 -0.4074
vn 0.7652 0.5222 -0.3766
vn 0.8470 0.4402 -0.2981
vn 0.8243 0.5648 -0.0384
vn 0.8085 0.5876 -0.0313
vn 0.8063 0.5909 -0.0273
vn 0.7655 0.6434 -0.0044
vn 0.7634 0.6460 0.0006
vn 0.6976 0.7155 0.0381
vn 0.6964 0.7164 0.0421
vn 0.5583 0.8218 0.1138
vn 0.5432 0.8303 0.1248
vn 0.3081 0.9252 0.2214
vn 0.2761 0.9316 0.2363
vn 0.0011 0.9488 0.3159
vn -0.0368 0.9429 0.3311
vn -0.3210 0.8598 0.3972
vn -0.3659 0.8342 0.4126
vn -0.5947 0.6600 0.4591
vn -0.6463 0.6108 0.4573
vn -0.7421 0.5118 0.4329
vn -0.3526 0.3505 0.8676
vn -0.3492 0.3772 0.8578
vn -0.3512 0.3816 0.8550
vn -0.3465 0.4453 0.8256
vn -0.3494 0.4492 0.8222
vn -0.3432 0.5376 0.7702
vn -0.3460 0.5396 0.7676
vn -0.3297 0.6850 0.6496
vn -0.3308 0.6987 0.6344
vn -0.2868 0.8605 0.4210
vn -0.2827 0.8766 0.3893
vn -0.2087 0.9695 0.1282
vn -0.2027 0.9753 0.0878
vn -0.1190 0.9718 -0.2037
vn -0.1108 0.9603 -0.2559
vn -0.0448 0.8537 -0.5188
vn -0.0201 0.8178 -0.5752
vn 0.0434 0.7393 -0.6720
vn -0.0396 0.6898 0.7229
vn -0.0587 0.7044 0.7073
vn -0.0640 0.7054 0.7059
vn -0.1146 0.7358 0.6675
vn -0.1204 0.7358 0.6665
vn -0.1959 0.7708 0.6062
vn -0.2001 0.7699 0.6060
vn -0.3354 0.8096 0.4817
vn -0.3517 0.8100 0.4693
vn -0.5239 0.8113 0.2596
vn -0.5461 0.8049 0.2322
vn -0.6785 0.7345 -0.0123
vn -0.6970 0.7157 -0.0441
vn -0.7770 0.5584 -0.2907
vn -0.7888 0.5203 -0.3272
vn -0.8022 0.2994 -0.5166
vn -0.7902 0.2454 -0.5615
vn -0.7460 0.1462 -0.6497
vn -0.6353 0.6668 -0.3897
vn -0.6278 0.6853 -0.3692
vn -0.6244 0.6894 -0.3674
vn -0.5995 0.7340 -0.3190
vn -0.5952 0.7380 -0.3180
vn -0.5504 0.7975 -0.2472
vn -0.5468 0.7999 -0.2473
vn -0.4464 0.8874 -0.1147
vn -0.4321 0.8960 -0.1028
vn -0.2570 0.9619 0.0938
vn -0.2299 0.9662 0.1168
vn -0.0244 0.9484 0.3162
vn 0.0097 0.9410 0.3383
vn 0.2382 0.8302 0.5040
vn 0.2820 0.8046 0.5227
vn 0.4918 0.6220 0.6093
vn 0.5322 0.5667 0.6289
vn 0.5928 0.4474 0.6697
vn 0.3265 0.4771 0.8160
vn 0.3271 0.4900 0.8080
vn 0.3268 0.4909 0.8076
vn 0.3275 0.5187 0.7897
vn 0.3272 0.5201 0.7889
vn 0.3286 0.5489 0.7686
vn 0.3278 0.5501 0.7681
vn 0.3457 0.5805 0.7372
vn 0.4017 0.5758 0.7121
vn 0.4918 0.4545 0.7427
vn 0.3269 0.5880 0.7398
vn 0.4910 0.3725 0.7875
vn 0.3292 0.7256 0.6043
vn 0.3301 0.7304 0.5980
vn 0.3264 0.7709 0.5469
vn 0.9372 -0.1825 -0.2972
vn 0.8289 0.2258 0.5118
vn 0.8266 0.2394 0.5093
vn 0.8267 0.2394 0.5093
vn 0.8211 0.2707 0.5025
vn 0.8196 0.2712 0.5046
vn 0.8280 0.2833 0.4839
vn 0.7928 0.3446 0.5028
vn 0.9247 0.2991 0.2355
vn 0.8320 0.2576 0.4914
vn 0.8647 0.1974 0.4619
vn 0.8430 0.2051 0.4973
vn 0.8495 0.1831 0.4949
vn 0.8457 0.1885 0.4993
vn 0.8349 0.2034 0.5114
vn 0.7778 0.3400 0.5286
vn 0.8095 0.3772 0.4498
vn 0.7659 0.4330 0.4753
vn 0.7293 0.3047 0.6126
vn 0.8007 0.2681 0.5357
vn 0.8021 0.3394 0.4914
vn 0.8077 0.2788 0.5196
vn 0.7617 0.4328 0.4822
vn 0.7076 0.5376 0.4586
vn 0.6671 0.5920 0.4522
vn 0.6653 0.5922 0.4546
vn 0.2836 0.3218 -0.9033
vn 0.2113 0.3859 -0.8980
vn 0.2894 0.3079 -0.9063
vn 0.5048 0.0670 -0.8606
vn 0.4845 0.0914 -0.8700
vn 0.4787 0.1036 -0.8718
vn 0.4127 0.1810 -0.8927
vn 0.4043 0.1883 -0.8951
vn 0.4018 0.9102 0.1007
vn 0.3290 0.9336 0.1417
vn 0.3221 0.9339 0.1550
vn 0.1435 0.9558 0.2568
vn 0.1335 0.9513 0.2779
vn -0.0636 0.9196 0.3876
vn -0.1015 0.9111 0.3996
vn -0.3346 0.7238 0.6035
vn -0.2757 0.8317 0.4820
vn -0.5376 0.4821 0.6918
vn -0.5400 0.4629 0.7030
vn -0.5766 0.3670 0.7299
vn -0.5986 0.3258 0.7318
vn -0.6370 0.2621 0.7249
vn -0.1261 0.8988 0.4198
vn -0.0550 0.7557 0.6526
vn -0.0563 0.7380 0.6724
vn 0.0241 0.6051 0.7958
vn 0.0419 0.3807 0.9237
vn 0.0423 0.3510 0.9354
vn 0.0255 0.3159 0.9485
vn -0.0413 0.8392 0.5422
vn -0.0606 0.8812 0.4688
vn -0.0718 0.8852 0.4596
vn -0.1262 0.9539 0.2723
vn -0.1449 0.9553 0.2579
vn -0.2112 0.9766 0.0409
vn -0.2156 0.9765 0.0005
vn -0.3893 0.8712 -0.2990
vn -0.2684 0.9427 -0.1982
vn -0.4672 0.6859 -0.5579
vn -0.4806 0.6699 -0.5660
vn -0.5135 0.5880 -0.6249
vn -0.5170 0.5519 -0.6544
vn -0.5120 0.4947 -0.7023
vn -0.2314 0.9724 -0.0294
vn -0.4941 0.8688 -0.0334
vn -0.5157 0.8558 -0.0418
vn -0.6736 0.7390 -0.0137
vn -0.8365 0.5442 -0.0644
vn -0.8525 0.5177 -0.0720
vn -0.8669 0.4888 -0.0974
vn 0.4295 0.5137 0.7428
vn 0.3908 0.5845 0.7111
vn 0.3781 0.5926 0.7112
vn 0.2651 0.7392 0.6191
vn 0.2429 0.7475 0.6182
vn 0.0938 0.8653 0.4924
vn 0.0718 0.8833 0.4633
vn -0.2393 0.9285 0.2841
vn -0.0720 0.9430 0.3248
vn -0.4713 0.8801 0.0577
vn -0.4906 0.8698 0.0525
vn -0.5667 0.8239 -0.0053
vn -0.5925 0.8046 -0.0393
vn -0.6248 0.7744 -0.0995
vn 0.0437 0.8935 0.4470
vn -0.2092 0.8129 0.5435
vn -0.2348 0.8059 0.5436
vn -0.3873 0.6951 0.6056
vn -0.6000 0.5496 0.5813
vn -0.6241 0.5298 0.5743
vn -0.6554 0.5158 0.5517
vn -0.3541 0.3557 -0.8649
vn -0.2854 0.4087 -0.8669
vn -0.2710 0.4098 -0.8710
vn -0.0935 0.5142 -0.8526
vn -0.0702 0.5118 -0.8562
vn 0.1362 0.5882 -0.7971
vn 0.1692 0.6036 -0.7791
vn 0.5053 0.5677 -0.6499
vn 0.3515 0.6387 -0.6845
vn 0.7452 0.5050 -0.4355
vn 0.7597 0.4899 -0.4276
vn 0.8234 0.4387 -0.3600
vn 0.8467 0.4233 -0.3225
vn 0.8775 0.4050 -0.2569
vn 0.2019 0.6055 -0.7698
vn 0.3773 0.3948 -0.8377
vn 0.3976 0.3778 -0.8362
vn 0.4789 0.1978 -0.8553
vn 0.6201 -0.0073 -0.7845
vn 0.6357 -0.0318 -0.7713
vn 0.6635 -0.0492 -0.7466
vn 0.7570 0.3608 -0.5448
vn 0.7275 0.4403 -0.5262
vn 0.7279 0.4514 -0.5161
vn 0.6405 0.6251 -0.4460
vn 0.6399 0.6390 -0.4268
vn 0.5180 0.7954 -0.3146
vn 0.4896 0.8194 -0.2982
vn 0.3124 0.9499 -0.0108
vn 0.3532 0.9189 -0.1758
vn 0.0852 0.9707 0.2245
vn 0.0798 0.9660 0.2457
vn 0.0208 0.9434 0.3309
vn -0.0137 0.9326 0.3606
vn -0.0748 0.9137 0.3993
vn 0.4736 0.8371 -0.2738
vn 0.5682 0.8229 -0.0080
vn 0.5681 0.8227 0.0185
vn 0.6271 0.7541 0.1950
vn 0.5989 0.6702 0.4383
vn 0.5914 0.6576 0.4667
vn 0.5685 0.6530 0.5005
vn -0.0575 0.8730 -0.4843
vn -0.0374 0.9117 -0.4092
vn -0.0260 0.9160 -0.4004
vn 0.0334 0.9767 -0.2119
vn 0.0528 0.9787 -0.1984
vn 0.1296 0.9914 0.0157
vn 0.1363 0.9891 0.0557
vn 0.3350 0.8796 0.3378
vn 0.2031 0.9471 0.2486
vn 0.4424 0.6851 0.5787
vn 0.4574 0.6697 0.5850
vn 0.5002 0.5873 0.6363
vn 0.5082 0.5497 0.6629
vn 0.5106 0.4894 0.7070
vn 0.1542 0.9844 0.0844
vn 0.4241 0.9031 0.0675
vn 0.4471 0.8914 0.0738
vn 0.6120 0.7903 0.0295
vn 0.7925 0.6071 0.0579
vn 0.8111 0.5815 0.0628
vn 0.8292 0.5524 0.0853
vn 0.1626 0.4982 0.8517
vn 0.1367 0.5699 0.8103
vn 0.1248 0.5781 0.8064
vn 0.0488 0.7271 0.6848
vn 0.0282 0.7356 0.6768
vn -0.0708 0.8567 0.5110
vn -0.0820 0.8753 0.4766
vn -0.3166 0.9260 0.2058
vn -0.1719 0.9385 0.2996
vn -0.4613 0.8832 -0.0852
vn -0.4778 0.8732 -0.0965
vn -0.5308 0.8288 -0.1770
vn -0.5440 0.8103 -0.2179
vn -0.5548 0.7813 -0.2859
vn -0.1031 0.8860 0.4521
vn -0.3739 0.8062 0.4586
vn -0.3981 0.7993 0.4501
vn -0.5629 0.6890 0.4565
vn -0.7562 0.5457 0.3610
vn -0.7767 0.5263 0.3461
vn -0.7989 0.5129 0.3143
vn -0.4626 0.8039 0.3738
vn -0.4690 0.8334 0.2924
vn -0.4773 0.8330 0.2799
vn -0.4866 0.8703 0.0768
vn -0.4992 0.8646 0.0575
vn -0.4954 0.8519 -0.1700
vn -0.4864 0.8483 -0.2094
vn -0.5147 0.6765 -0.5267
vn -0.4599 0.7890 -0.4075
vn -0.4461 0.4631 -0.7658
vn -0.4506 0.4432 -0.7749
vn -0.4368 0.3522 -0.8277
vn -0.4196 0.3155 -0.8511
vn -0.3826 0.2610 -0.8863
vn -0.4898 0.8377 -0.2416
vn -0.6934 0.6526 -0.3053
vn -0.7062 0.6328 -0.3174
vn -0.8221 0.4718 -0.3186
vn -0.8938 0.2318 -0.3839
vn -0.8979 0.2010 -0.3916
vn -0.8940 0.1678 -0.4154
vn 0.0501 0.7193 -0.6929
vn 0.0614 0.7757 -0.6281
vn 0.0716 0.7821 -0.6190
vn 0.1070 0.8888 -0.4456
vn 0.1244 0.8941 -0.4303
vn 0.1712 0.9609 -0.2176
vn 0.1722 0.9689 -0.1778
vn 0.3247 0.9341 0.1486
vn 0.2097 0.9774 0.0271
vn 0.3887 0.8073 0.4440
vn 0.4019 0.7940 0.4561
vn 0.4334 0.7272 0.5323
vn 0.4359 0.6977 0.5685
vn 0.4294 0.6507 0.6263
vn 0.1857 0.9716 -0.1466
vn 0.4514 0.8864 -0.1028
vn 0.4727 0.8766 -0.0905
vn 0.6374 0.7661 -0.0832
vn 0.8037 0.5948 0.0169
vn 0.8202 0.5712 0.0307
vn 0.8337 0.5487 0.0623
vn 0.0237 0.1278 -0.9915
vn 0.0338 0.2126 -0.9766
vn 0.0438 0.2234 -0.9737
vn 0.0773 0.4159 -0.9061
vn 0.0946 0.4298 -0.8979
vn 0.1409 0.6160 -0.7750
vn 0.1420 0.6472 -0.7490
vn 0.2976 0.8273 -0.4764
vn 0.1806 0.7828 -0.5955
vn 0.3674 0.9147 -0.1683
vn 0.3812 0.9121 -0.1508
vn 0.4152 0.9084 -0.0504
vn 0.4188 0.9081 -0.0038
vn 0.4141 0.9075 0.0708
vn 0.1556 0.6691 -0.7267
vn 0.4240 0.6351 -0.6457
vn 0.4457 0.6356 -0.6304
vn 0.6136 0.5572 -0.5595
vn 0.7857 0.4894 -0.3784
vn 0.8030 0.4800 -0.3533
vn 0.8173 0.4825 -0.3149
vn -0.9135 0.3861 -0.1283
vn -0.9098 0.3960 -0.1242
vn -0.9093 0.3971 -0.1247
vn -0.8992 0.4215 -0.1171
vn -0.8978 0.4242 -0.1182
vn -0.8844 0.4545 -0.1060
vn -0.8836 0.4616 -0.0788
vn -0.8546 0.5111 -0.0916
vn -0.8804 0.4720 -0.0453
vn -0.8193 0.5680 -0.0780
vn -0.9345 0.3535 -0.0422
vn -0.9412 0.3302 -0.0708
vn -0.9351 0.3439 -0.0851
vn -0.8182 0.5696 -0.0787
vn -0.7583 0.6494 -0.0571
vn -0.7194 0.6935 -0.0395
vn -0.7195 0.6934 -0.0390
vn -0.0184 0.0117 0.9998
vn -0.0260 0.0058 0.9996
vn -0.0260 0.0053 0.9996
vn -0.1619 -0.0930 0.9824
vn -0.1335 -0.0719 0.9884
vn -0.1250 -0.0661 0.9900
vn -0.0563 -0.0150 0.9983
vn -0.0496 -0.0106 0.9987
vn -0.0175 0.0130 0.9998
vn -0.4305 0.4179 -0.8000
vn -0.4196 0.4597 -0.7827
vn -0.4209 0.4603 -0.7816
vn -0.3379 0.7944 -0.5047
vn -0.3491 0.6830 -0.6416
vn -0.2861 0.8094 -0.5128
vn -0.3944 0.5586 -0.7297
vn -0.3967 0.5596 -0.7276
vn -0.3652 0.6797 -0.6361
vn -0.3901 0.6831 -0.6174
vn 0.1337 0.9883 -0.0729
vn 0.1325 0.9883 -0.0758
vn 0.1673 0.9858 -0.0172
vn 0.1860 0.8571 0.4804
vn 0.1881 0.8541 0.4850
vn 0.2238 0.7961 0.5623
vn -0.1929 0.9301 -0.3125
vn -0.1877 0.9323 -0.3091
vn -0.0640 0.9966 -0.0519
vn -0.0625 0.9968 -0.0506
vn 0.0773 0.9662 0.2457
vn 0.0805 0.9650 0.2498
vn -0.3699 0.7796 -0.5053
vn -0.1296 0.9036 -0.4084
vn -0.0912 0.9084 -0.4080
vn 0.0066 0.9614 -0.2750
vn 0.0104 0.9621 -0.2725
vn 0.0715 0.9810 -0.1802
vn 0.0732 0.9815 -0.1772
vn -0.5463 0.8055 -0.2295
vn -0.5108 0.8323 -0.2153
vn -0.5109 0.8327 -0.2136
vn -0.1596 0.9872 0.0050
vn -0.2877 0.9512 -0.1114
vn -0.1191 0.9924 -0.0312
vn -0.4214 0.8904 -0.1724
vn -0.4215 0.8909 -0.1692
vn -0.2982 0.9495 -0.0976
vn -0.3051 0.9499 -0.0672
vn 0.4954 0.8666 0.0596
vn 0.4931 0.8680 0.0583
vn 0.5478 0.8329 0.0786
vn 0.7628 0.5016 0.4081
vn 0.7654 0.4965 0.4095
vn 0.8061 0.4046 0.4320
vn 0.1062 0.9910 0.0811
vn 0.1128 0.9903 0.0807
vn 0.3650 0.9084 0.2040
vn 0.3669 0.9076 0.2041
vn 0.6096 0.7223 0.3268
vn 0.6134 0.7187 0.3274
vn -0.1898 0.9816 0.0222
vn 0.0912 0.9952 -0.0359
vn 0.1217 0.9908 -0.0592
vn 0.2857 0.9582 -0.0133
vn 0.2901 0.9569 -0.0137
vn 0.3911 0.9202 0.0190
vn 0.3940 0.9189 0.0202
vn 0.3200 0.6230 0.7137
vn 0.3401 0.6490 0.6806
vn 0.3417 0.6484 0.6802
vn 0.5472 0.7771 0.3110
vn 0.4523 0.7644 0.4596
vn 0.5129 0.8100 0.2842
vn 0.3915 0.7033 0.5933
vn 0.3945 0.7022 0.5926
vn 0.4646 0.7535 0.4652
vn 0.4914 0.7376 0.4630
vn 0.4214 0.8398 -0.3423
vn 0.4214 0.8410 -0.3395
vn 0.4110 0.8179 -0.4028
vn 0.4775 0.4492 -0.7551
vn 0.4756 0.4450 -0.7588
vn 0.4395 0.3694 -0.8188
vn 0.5688 0.8215 0.0390
vn 0.5671 0.8230 0.0328
vn 0.5855 0.7698 -0.2542
vn 0.5848 0.7697 -0.2561
vn 0.5503 0.6274 -0.5509
vn 0.5484 0.6252 -0.5553
vn 0.5636 0.7557 0.3336
vn 0.4757 0.8752 0.0876
vn 0.4488 0.8912 0.0649
vn 0.4431 0.8899 -0.1084
vn 0.4413 0.8903 -0.1126
vn 0.4327 0.8734 -0.2233
vn 0.4325 0.8727 -0.2267
vn -0.7569 0.0361 -0.6525
vn -0.7496 0.0820 -0.6567
vn -0.7506 0.0829 -0.6556
vn -0.6483 0.5041 -0.5706
vn -0.6826 0.3467 -0.6433
vn -0.6067 0.5175 -0.6034
vn -0.7288 0.1950 -0.6564
vn -0.7304 0.1967 -0.6541
vn -0.6948 0.3449 -0.6311
vn -0.7118 0.3542 -0.6065
vn -0.1076 0.8811 -0.4605
vn -0.1097 0.8798 -0.4624
vn -0.0571 0.9030 -0.4258
vn 0.1585 0.9868 0.0336
vn 0.1627 0.9860 0.0377
vn 0.2341 0.9661 0.1092
vn -0.4772 0.7135 -0.5130
vn -0.4717 0.7172 -0.5129
vn -0.2831 0.8862 -0.3667
vn -0.2812 0.8870 -0.3662
vn -0.0446 0.9861 -0.1601
vn -0.0400 0.9867 -0.1575
vn -0.6747 0.4887 -0.5532
vn -0.4469 0.6541 -0.6102
vn -0.4127 0.6608 -0.6269
vn -0.2881 0.7682 -0.5717
vn -0.2839 0.7700 -0.5713
vn -0.2000 0.8279 -0.5241
vn -0.1976 0.8295 -0.5224
vn 0.3803 0.6028 0.7015
vn 0.3646 0.6393 0.6770
vn 0.3658 0.6398 0.6759
vn 0.2449 0.9061 0.3449
vn 0.2689 0.8236 0.4994
vn 0.1918 0.9165 0.3511
vn 0.3282 0.7233 0.6075
vn 0.3304 0.7242 0.6053
vn 0.2853 0.8212 0.4943
vn 0.3095 0.8239 0.4747
vn -0.2461 0.9636 -0.1047
vn -0.2449 0.9642 -0.1019
vn -0.2792 0.9471 -0.1583
vn -0.2833 0.7284 -0.6238
vn -0.2851 0.7244 -0.6277
vn -0.3140 0.6496 -0.6924
vn 0.0852 0.9873 0.1344
vn 0.0797 0.9882 0.1307
vn -0.0506 0.9901 -0.1311
vn -0.0522 0.9898 -0.1324
vn -0.1878 0.8901 -0.4152
vn -0.1908 0.8878 -0.4189
vn 0.2784 0.8955 0.3474
vn 0.0254 0.9717 0.2348
vn -0.0133 0.9721 0.2344
vn -0.1166 0.9885 0.0961
vn -0.1205 0.9883 0.0936
vn -0.1834 0.9830 0.0007
vn -0.1851 0.9827 -0.0023
vn -0.6825 0.3709 -0.6298
vn -0.6801 0.4114 -0.6068
vn -0.6812 0.4114 -0.6055
vn -0.6378 0.7146 -0.2872
vn -0.6459 0.6245 -0.4391
vn -0.5949 0.7456 -0.3003
vn -0.6726 0.5052 -0.5408
vn -0.6746 0.5052 -0.5383
vn -0.6591 0.6157 -0.4319
vn -0.6795 0.6090 -0.4092
vn -0.1591 0.9828 0.0942
vn -0.1608 0.9827 0.0916
vn -0.1154 0.9830 0.1425
vn 0.0390 0.8006 0.5979
vn 0.0428 0.7978 0.6014
vn 0.1080 0.7436 0.6599
vn -0.4993 0.8609 -0.0980
vn -0.4942 0.8641 -0.0950
vn -0.3430 0.9278 0.1470
vn -0.3413 0.9282 0.1481
vn -0.1409 0.9021 0.4079
vn -0.1368 0.9013 0.4110
vn -0.6640 0.6911 -0.2855
vn -0.4521 0.8679 -0.2058
vn -0.4173 0.8840 -0.2105
vn -0.3126 0.9459 -0.0869
vn -0.3087 0.9474 -0.0849
vn -0.2375 0.9714 -0.0014
vn -0.2355 0.9719 0.0013
vn -0.8598 0.1325 -0.4932
vn -0.8623 0.1754 -0.4751
vn -0.8631 0.1754 -0.4736
vn -0.8285 0.5222 -0.2022
vn -0.8455 0.4122 -0.3395
vn -0.7973 0.5592 -0.2273
vn -0.8636 0.2770 -0.4213
vn -0.8650 0.2769 -0.4184
vn -0.8546 0.4020 -0.3288
vn -0.8680 0.3944 -0.3016
vn -0.3585 0.9328 0.0366
vn -0.3606 0.9321 0.0344
vn -0.3074 0.9487 0.0737
vn -0.0285 0.8668 0.4979
vn -0.0235 0.8653 0.5007
vn 0.0626 0.8342 0.5480
vn -0.6926 0.7185 -0.0629
vn -0.6880 0.7231 -0.0614
vn -0.5107 0.8493 0.1339
vn -0.5089 0.8502 0.1345
vn -0.2607 0.9019 0.3443
vn -0.2560 0.9024 0.3465
vn -0.8477 0.4943 -0.1925
vn -0.6706 0.7200 -0.1787
vn -0.6420 0.7421 -0.1925
vn -0.5320 0.8406 -0.1016
vn -0.5282 0.8431 -0.1007
vn -0.4494 0.8925 -0.0377
vn -0.4471 0.8938 -0.0356
vn 0.5623 0.5721 0.5971
vn 0.5260 0.6009 0.6019
vn 0.5260 0.6022 0.6006
vn 0.1601 0.8371 0.5231
vn 0.2961 0.7487 0.5931
vn 0.1223 0.8203 0.5587
vn 0.4338 0.6695 0.6030
vn 0.4337 0.6717 0.6006
vn 0.3056 0.7551 0.5801
vn 0.3104 0.7722 0.5544
vn -0.4973 0.7408 0.4515
vn -0.4949 0.7414 0.4533
vn -0.5510 0.7209 0.4204
vn -0.7893 0.6136 -0.0225
vn -0.7920 0.6099 -0.0263
vn -0.8343 0.5434 -0.0926
vn -0.1104 0.8716 0.4776
vn -0.1170 0.8706 0.4779
vn -0.3775 0.8592 0.3455
vn -0.3794 0.8585 0.3451
vn -0.6304 0.7604 0.1563
vn -0.6343 0.7576 0.1541
vn 0.1889 0.8429 0.5038
vn -0.0871 0.8122 0.5768
vn -0.1158 0.7947 0.5959
vn -0.2828 0.7861 0.5496
vn -0.2871 0.7846 0.5495
vn -0.3902 0.7677 0.5083
vn -0.3932 0.7671 0.5068
vn 0.6478 0.7114 0.2724
vn 0.6319 0.7378 0.2374
vn 0.6328 0.7375 0.2359
vn 0.4687 0.8701 -0.1522
vn 0.5210 0.8534 0.0159
vn 0.4216 0.8956 -0.1419
vn 0.5914 0.7932 0.1452
vn 0.5930 0.7925 0.1424
vn 0.5348 0.8449 0.0096
vn 0.5529 0.8332 -0.0131
vn -0.1117 0.8684 -0.4832
vn -0.1098 0.8697 -0.4812
vn -0.1605 0.8410 -0.5167
vn -0.3265 0.4634 -0.8238
vn -0.3299 0.4587 -0.8251
vn -0.3867 0.3746 -0.8427
vn 0.2720 0.8986 -0.3442
vn 0.2659 0.8994 -0.3469
vn 0.0706 0.8301 -0.5532
vn 0.0687 0.8297 -0.5540
vn -0.1533 0.6641 -0.7317
vn -0.1575 0.6614 -0.7333
vn 0.4995 0.8530 -0.1511
vn 0.2404 0.9409 -0.2387
vn 0.2037 0.9511 -0.2324
vn 0.0702 0.9370 -0.3422
vn 0.0658 0.9368 -0.3436
vn -0.0203 0.9114 -0.4111
vn -0.0227 0.9103 -0.4132
vn 0.7304 0.6830 0.0031
vn 0.6990 0.7149 0.0163
vn 0.6982 0.7157 0.0149
vn 0.3234 0.9440 0.0650
vn 0.4840 0.8714 0.0795
vn 0.3110 0.9430 0.1181
vn 0.6142 0.7880 0.0423
vn 0.6127 0.7893 0.0397
vn 0.4848 0.8724 0.0622
vn 0.4741 0.8798 0.0338
vn -0.2654 0.8879 0.3758
vn -0.2625 0.8887 0.3758
vn -0.3252 0.8637 0.3850
vn -0.7448 0.6400 0.1890
vn -0.7487 0.6356 0.1886
vn -0.8123 0.5551 0.1789
vn 0.0658 0.9855 0.1563
vn 0.0605 0.9852 0.1603
vn -0.2286 0.9544 0.1919
vn -0.2303 0.9538 0.1929
vn -0.5318 0.8222 0.2027
vn -0.5360 0.8193 0.2038
vn 0.3377 0.9407 0.0330
vn 0.1421 0.9597 0.2425
vn 0.1290 0.9519 0.2780
vn -0.0364 0.9435 0.3295
vn -0.0400 0.9424 0.3321
vn -0.1475 0.9222 0.3576
vn -0.1508 0.9214 0.3581
vn 0.7944 0.3612 -0.4882
vn 0.7798 0.3853 -0.4935
vn 0.7782 0.3904 -0.4919
vn 0.7412 0.4500 -0.4981
vn 0.7400 0.4551 -0.4954
vn 0.6807 0.5390 -0.4961
vn 0.6802 0.5422 -0.4933
vn 0.5552 0.6816 -0.4766
vn 0.5422 0.6962 -0.4705
vn 0.3263 0.8503 -0.4130
vn 0.2974 0.8669 -0.4000
vn 0.0407 0.9517 -0.3043
vn 0.0061 0.9591 -0.2829
vn -0.2603 0.9556 -0.1380
vn -0.3014 0.9478 -0.1038
vn -0.5152 0.8542 0.0705
vn -0.5654 0.8180 0.1058
vn -0.6622 0.7322 0.1591
vn -0.8844 0.3578 0.2999
vn -0.8721 0.3833 0.3043
vn -0.8705 0.3883 0.3023
vn -0.8383 0.4507 0.3068
vn -0.8368 0.4555 0.3036
vn -0.7830 0.5431 0.3032
vn -0.7822 0.5459 0.3001
vn -0.6636 0.6911 0.2863
vn -0.6505 0.7057 0.2806
vn -0.4363 0.8672 0.2399
vn -0.4065 0.8843 0.2298
vn -0.1418 0.9756 0.1675
vn -0.1045 0.9830 0.1513
vn 0.1827 0.9817 0.0538
vn 0.2294 0.9729 0.0282
vn 0.4746 0.8751 -0.0949
vn 0.5320 0.8387 -0.1165
vn 0.6408 0.7545 -0.1416
vn 0.8803 0.4421 -0.1720
vn 0.8667 0.4672 -0.1747
vn 0.8647 0.4718 -0.1724
vn 0.8287 0.5323 -0.1731
vn 0.8266 0.5366 -0.1696
vn 0.7669 0.6202 -0.1649
vn 0.7657 0.6226 -0.1616
vn 0.6364 0.7578 -0.1435
vn 0.6219 0.7709 -0.1375
vn 0.3940 0.9136 -0.1004
vn 0.3623 0.9276 -0.0914
vn 0.0874 0.9951 -0.0454
vn 0.0484 0.9983 -0.0322
vn -0.2456 0.9687 0.0363
vn -0.2937 0.9542 0.0562
vn -0.5414 0.8284 0.1436
vn -0.5978 0.7864 0.1554
vn -0.7023 0.6935 0.1605
vn 0.0250 0.5066 0.8618
vn 0.0290 0.5308 0.8470
vn 0.0269 0.5352 0.8443
vn 0.0313 0.5931 0.8045
vn 0.0280 0.5972 0.8016
vn 0.0299 0.6763 0.7361
vn 0.0267 0.6785 0.7342
vn 0.0244 0.8039 0.5942
vn 0.0203 0.8158 0.5780
vn 0.0136 0.9412 0.3375
vn 0.0091 0.9527 0.3038
vn 0.0030 0.9998 0.0210
vn -0.0043 0.9998 -0.0197
vn -0.0270 0.9478 -0.3176
vn -0.0390 0.9294 -0.3669
vn -0.0845 0.7839 -0.6151
vn -0.0865 0.7378 -0.6695
vn -0.0731 0.6380 -0.7666
vn 0.0287 0.6603 0.7504
vn 0.0061 0.6737 0.7390
vn 0.0005 0.6742 0.7386
vn -0.0583 0.7010 0.7108
vn -0.0642 0.7005 0.7108
vn -0.1518 0.7304 0.6660
vn -0.1558 0.7291 0.6665
vn -0.3136 0.7601 0.5691
vn -0.3317 0.7594 0.5597
vn -0.5374 0.7515 0.3828
vn -0.5634 0.7439 0.3594
vn -0.7299 0.6695 0.1380
vn -0.7520 0.6501 0.1090
vn -0.8602 0.4938 -0.1273
vn -0.8749 0.4560 -0.1630
vn -0.9024 0.2408 -0.3574
vn -0.8939 0.1895 -0.4062
vn -0.8575 0.0976 -0.5051
vn -0.5922 -0.1026 0.7992
vn -0.5887 -0.0748 0.8049
vn -0.5903 -0.0695 0.8042
vn -0.5837 0.0002 0.8120
vn -0.5860 0.0054 0.8103
vn -0.5743 0.1075 0.8115
vn -0.5765 0.1106 0.8096
vn -0.5432 0.2941 0.7864
vn -0.5415 0.3135 0.7801
vn -0.4584 0.5567 0.6928
vn -0.4478 0.5861 0.6753
vn -0.3176 0.7911 0.5227
vn -0.3019 0.8157 0.4935
vn -0.1464 0.9513 0.2712
vn -0.1241 0.9666 0.2244
vn 0.0160 0.9995 -0.0288
vn 0.0574 0.9946 -0.0866
vn 0.1501 0.9705 -0.1886
vn -0.6762 0.5060 -0.5354
vn -0.6620 0.5302 -0.5297
vn -0.6580 0.5339 -0.5310
vn -0.6177 0.5904 -0.5195
vn -0.6130 0.5934 -0.5216
vn -0.5462 0.6694 -0.5035
vn -0.5427 0.6707 -0.5056
vn -0.4035 0.7894 -0.4627
vn -0.3858 0.7995 -0.4603
vn -0.1583 0.9159 -0.3690
vn -0.1256 0.9253 -0.3578
vn 0.1265 0.9656 -0.2270
vn 0.1649 0.9632 -0.2121
vn 0.4236 0.9035 -0.0655
vn 0.4691 0.8819 -0.0460
vn 0.6829 0.7265 0.0765
vn 0.7237 0.6808 0.1129
vn 0.7856 0.5868 0.1960
vn 0.2488 -0.0507 0.9672
vn 0.2562 -0.0231 0.9663
vn 0.2548 -0.0177 0.9668
vn 0.2671 0.0515 0.9623
vn 0.2645 0.0568 0.9627
vn 0.2758 0.1579 0.9482
vn 0.2730 0.1611 0.9484
vn 0.2813 0.3416 0.8967
vn 0.2780 0.3608 0.8903
vn 0.2693 0.5965 0.7561
vn 0.2632 0.6249 0.7350
vn 0.2319 0.8184 0.5257
vn 0.2197 0.8414 0.4937
vn 0.1480 0.9630 0.2252
vn 0.1259 0.9760 0.1777
vn 0.0174 0.9956 -0.0919
vn -0.0019 0.9871 -0.1600
vn -0.0240 0.9554 -0.2945
vn 0.9006 0.3289 0.2840
vn 0.8925 0.3556 0.2776
vn 0.8900 0.3604 0.2792
vn 0.8647 0.4250 0.2676
vn 0.8617 0.4295 0.2702
vn 0.8154 0.5199 0.2547
vn 0.8130 0.5224 0.2573
vn 0.7044 0.6727 0.2268
vn 0.6901 0.6873 0.2267
vn 0.4864 0.8572 0.1692
vn 0.4557 0.8749 0.1641
vn 0.1988 0.9762 0.0865
vn 0.1586 0.9840 0.0809
vn -0.1353 0.9908 0.0063
vn -0.1883 0.9821 0.0009
vn -0.4598 0.8869 -0.0446
vn -0.5193 0.8523 -0.0632
vn -0.6232 0.7737 -0.1141
vn -0.8817 -0.0745 0.4660
vn -0.8819 -0.0461 0.4691
vn -0.8833 -0.0410 0.4671
vn -0.8832 0.0294 0.4681
vn -0.8847 0.0342 0.4650
vn -0.8782 0.1365 0.4584
vn -0.8794 0.1393 0.4553
vn -0.8454 0.3218 0.4263
vn -0.8418 0.3406 0.4189
vn -0.7368 0.5803 0.3470
vn -0.7205 0.6086 0.3324
vn -0.5431 0.8082 0.2276
vn -0.5169 0.8311 0.2053
vn -0.2835 0.9572 0.0583
vn -0.2433 0.9696 0.0244
vn -0.0065 0.9896 -0.1440
vn 0.0564 0.9826 -0.1768
vn 0.1855 0.9568 -0.2241
vn 0.7728 0.4487 -0.4489
vn 0.7651 0.4618 -0.4487
vn 0.7647 0.4628 -0.4484
vn 0.7475 0.4909 -0.4475
vn 0.7467 0.4924 -0.4471
vn 0.7271 0.5215 -0.4465
vn 0.7267 0.5228 -0.4457
vn 0.6943 0.5535 -0.4600
vn 0.6616 0.5478 -0.5120
vn 0.6771 0.4235 -0.6018
vn 0.6996 0.5614 -0.4421
vn 0.7199 0.3406 -0.6048
vn 0.5678 0.7020 -0.4298
vn 0.5615 0.7070 -0.4300
vn 0.5123 0.7488 -0.4206
vn -0.4267 -0.1999 -0.8820
vn -0.4422 -0.1448 0.8851
vn -0.4368 -0.1327 0.8897
vn -0.4233 -0.1049 0.8999
vn -0.4252 -0.1033 0.8992
vn -0.4023 -0.1014 0.9099
vn -0.4075 -0.0285 0.9128
vn -0.1557 -0.1839 0.9705
vn -0.4153 -0.1235 0.9013
vn -0.3995 -0.1963 0.8955
vn -0.4325 -0.1720 0.8851
vn -0.4350 -0.1943 0.8792
vn -0.4381 -0.1870 0.8793
vn -0.4467 -0.1667 0.8790
vn -0.4339 -0.0197 0.9007
vn -0.3486 -0.0196 0.9371
vn -0.3615 0.0543 0.9308
vn -0.5240 -0.0088 0.8517
vn -0.4564 -0.0905 0.8851
vn -0.3975 -0.0397 0.9167
vn -0.4383 -0.0881 0.8945
vn -0.3683 0.0576 0.9279
vn -0.3226 0.1688 0.9314
vn -0.3048 0.2340 0.9232
vn -0.3070 0.2356 0.9221
vn 0.9545 -0.0440 0.2950
vn 0.9628 0.0480 0.2659
vn 0.9544 -0.0592 0.2926
vn 0.8586 -0.3634 0.3617
vn 0.8729 -0.3342 0.3554
vn 0.8774 -0.3213 0.3563
vn 0.9142 -0.2265 0.3362
vn 0.9180 -0.2164 0.3323
vn -0.3350 0.5513 0.7641
vn -0.3247 0.6210 0.7134
vn -0.3312 0.6295 0.7029
vn -0.3062 0.7728 0.5559
vn -0.3171 0.7818 0.5369
vn -0.2865 0.8951 0.3416
vn -0.2734 0.9116 0.3069
vn -0.2944 0.9543 -0.0519
vn -0.2340 0.9661 0.1096
vn -0.2400 0.8975 -0.3701
vn -0.2472 0.8875 -0.3888
vn -0.2454 0.8402 -0.4836
vn -0.2331 0.8194 -0.5237
vn -0.2036 0.7860 -0.5837
vn -0.2747 0.9216 0.2743
vn -0.5015 0.8569 0.1190
vn -0.5164 0.8508 0.0979
vn -0.6613 0.7501 0.0071
vn -0.7710 0.6105 -0.1813
vn -0.7801 0.5911 -0.2049
vn -0.7800 0.5766 -0.2433
vn 0.1626 0.9349 -0.3156
vn 0.1400 0.9616 -0.2362
vn 0.1450 0.9641 -0.2223
vn 0.0971 0.9950 -0.0236
vn 0.1068 0.9943 -0.0019
vn 0.0626 0.9733 0.2206
vn 0.0480 0.9650 0.2576
vn 0.0787 0.8089 0.5827
vn 0.0084 0.8933 0.4493
vn 0.0556 0.5780 0.8141
vn 0.0659 0.5613 0.8250
vn 0.0798 0.4708 0.8786
vn 0.0746 0.4295 0.9000
vn 0.0566 0.3635 0.9299
vn 0.0489 0.9557 0.2904
vn 0.2926 0.8674 0.4026
vn 0.3095 0.8541 0.4181
vn 0.4778 0.7541 0.4505
vn 0.6258 0.5619 0.5410
vn 0.6403 0.5353 0.5509
vn 0.6455 0.5025 0.5752
vn 0.6151 0.6494 0.4472
vn 0.5847 0.7098 0.3928
vn 0.5738 0.7198 0.3906
vn 0.4750 0.8419 0.2562
vn 0.4546 0.8538 0.2536
vn 0.3109 0.9449 0.1021
vn 0.2882 0.9550 0.0699
vn -0.0337 0.9953 -0.0906
vn 0.1378 0.9879 -0.0706
vn -0.3013 0.9166 -0.2626
vn -0.3226 0.9096 -0.2619
vn -0.4131 0.8628 -0.2914
vn -0.4464 0.8382 -0.3132
vn -0.4919 0.7954 -0.3541
vn 0.2601 0.9641 0.0529
vn 0.0142 0.9816 0.1907
vn -0.0119 0.9807 0.1953
vn -0.1702 0.9365 0.3065
vn -0.4058 0.8416 0.3565
vn -0.4336 0.8262 0.3596
vn -0.4698 0.8118 0.3467
vn -0.6854 0.3779 -0.6225
vn -0.6536 0.4564 -0.6037
vn -0.6431 0.4665 -0.6073
vn -0.5394 0.6364 -0.5513
vn -0.5196 0.6485 -0.5563
vn -0.3681 0.7986 -0.4761
vn -0.3433 0.8221 -0.4542
vn -0.0111 0.9322 -0.3617
vn -0.1831 0.9153 -0.3588
vn 0.2743 0.9404 -0.2009
vn 0.2958 0.9340 -0.2006
vn 0.3908 0.9059 -0.1629
vn 0.4272 0.8939 -0.1360
vn 0.4783 0.8740 -0.0853
vn -0.3143 0.8381 -0.4459
vn -0.0827 0.7946 -0.6015
vn -0.0571 0.7919 -0.6079
vn 0.0930 0.7044 -0.7037
vn 0.3279 0.5990 -0.7305
vn 0.3561 0.5842 -0.7293
vn 0.3941 0.5773 -0.7151
vn 0.5121 0.8358 -0.1980
vn 0.4506 0.8792 -0.1549
vn 0.4462 0.8837 -0.1413
vn 0.2915 0.9563 -0.0248
vn 0.2849 0.9585 -0.0021
vn 0.1075 0.9845 0.1385
vn 0.0716 0.9849 0.1574
vn -0.1420 0.8898 0.4337
vn -0.0934 0.9551 0.2812
vn -0.3523 0.7102 0.6096
vn -0.3548 0.6948 0.6256
vn -0.3967 0.6149 0.6815
vn -0.4225 0.5792 0.6972
vn -0.4684 0.5223 0.7127
vn 0.0497 0.9818 0.1834
vn 0.1436 0.8897 0.4333
vn 0.1439 0.8778 0.4570
vn 0.2291 0.7678 0.5984
vn 0.2437 0.5807 0.7768
vn 0.2429 0.5550 0.7956
vn 0.2248 0.5270 0.8196
vn 0.2281 -0.0490 -0.9724
vn 0.2535 0.0337 -0.9668
vn 0.2650 0.0428 -0.9633
vn 0.3267 0.2342 -0.9156
vn 0.3449 0.2459 -0.9059
vn 0.4077 0.4382 -0.8011
vn 0.4108 0.4726 -0.7797
vn 0.5505 0.6640 -0.5061
vn 0.4498 0.6226 -0.6403
vn 0.5812 0.7877 -0.2042
vn 0.5907 0.7856 -0.1840
vn 0.6045 0.7927 -0.0790
vn 0.5996 0.7996 -0.0330
vn 0.5816 0.8126 0.0383
vn 0.4247 0.4950 -0.7580
vn 0.6603 0.4256 -0.6187
vn 0.6785 0.4246 -0.5994
vn 0.8099 0.3294 -0.4853
vn 0.9279 0.2623 -0.2649
vn 0.9380 0.2542 -0.2357
vn 0.9454 0.2605 -0.1958
vn 0.6663 0.6114 -0.4269
vn 0.6245 0.6772 -0.3890
vn 0.6234 0.6853 -0.3763
vn 0.5105 0.8180 -0.2650
vn 0.5082 0.8263 -0.2429
vn 0.3656 0.9259 -0.0957
vn 0.3341 0.9396 -0.0740
vn 0.1474 0.9607 0.2353
vn 0.1872 0.9800 0.0682
vn -0.0719 0.8820 0.4658
vn -0.0757 0.8712 0.4851
vn -0.1271 0.8180 0.5610
vn -0.1583 0.7942 0.5866
vn -0.2139 0.7560 0.6187
vn 0.3162 0.9476 -0.0461
vn 0.4209 0.8829 0.2081
vn 0.4217 0.8761 0.2337
vn 0.4974 0.7762 0.3875
vn 0.4920 0.6298 0.6010
vn 0.4877 0.6094 0.6251
vn 0.4671 0.5925 0.6564
vn -0.8728 0.3703 0.3178
vn -0.8537 0.4428 0.2741
vn -0.8544 0.4495 0.2607
vn -0.7860 0.6023 0.1393
vn -0.7849 0.6086 0.1165
vn -0.6741 0.7378 -0.0350
vn -0.6477 0.7598 -0.0567
vn -0.4542 0.8161 -0.3573
vn -0.5125 0.8360 -0.1959
vn -0.2021 0.7992 -0.5661
vn -0.1931 0.7887 -0.5837
vn -0.1199 0.7503 -0.6501
vn -0.0803 0.7369 -0.6712
vn -0.0122 0.7182 -0.6957
vn -0.6314 0.7708 -0.0845
vn -0.6842 0.6485 -0.3335
vn -0.6804 0.6394 -0.3581
vn -0.7026 0.5045 -0.5019
vn -0.6277 0.3497 -0.6955
vn -0.6144 0.3299 -0.7167
vn -0.5865 0.3186 -0.7446
vn 0.9291 0.1367 -0.3435
vn 0.9353 0.2039 -0.2890
vn 0.9387 0.2080 -0.2750
vn 0.9264 0.3537 -0.1288
vn 0.9283 0.3565 -0.1054
vn 0.8699 0.4881 0.0713
vn 0.8526 0.5133 0.0980
vn 0.6998 0.5781 0.4197
vn 0.7541 0.6042 0.2576
vn 0.4646 0.6055 0.6462
vn 0.4536 0.5955 0.6630
vn 0.3752 0.5710 0.7302
vn 0.3344 0.5671 0.7527
vn 0.2651 0.5660 0.7806
vn 0.8418 0.5243 0.1284
vn 0.8655 0.3551 0.3533
vn 0.8602 0.3439 0.3767
vn 0.8461 0.1881 0.4987
vn 0.7360 0.0350 0.6761
vn 0.7182 0.0171 0.6956
vn 0.6895 0.0105 0.7242
vn -0.6235 0.5960 0.5060
vn -0.5872 0.6630 0.4644
vn -0.5876 0.6712 0.4519
vn -0.4898 0.8068 0.3303
vn -0.4901 0.8154 0.3081
vn -0.3664 0.9188 0.1472
vn -0.3377 0.9333 0.1223
vn -0.1871 0.9606 -0.2057
vn -0.2082 0.9775 -0.0350
vn 0.0063 0.8878 -0.4601
vn 0.0080 0.8773 -0.4798
vn 0.0514 0.8257 -0.5617
vn 0.0799 0.8028 -0.5909
vn 0.1321 0.7657 -0.6294
vn -0.3232 0.9418 0.0926
vn -0.4546 0.8781 -0.1491
vn -0.4582 0.8715 -0.1745
vn -0.5491 0.7720 -0.3201
vn -0.5654 0.6280 -0.5347
vn -0.5635 0.6079 -0.5594
vn -0.5463 0.5917 -0.5929
vn -0.8213 -0.1474 -0.5512
vn -0.8256 -0.1376 -0.5473
vn -0.8255 -0.1365 -0.5476
vn -0.8344 -0.1116 -0.5398
vn -0.8342 -0.1085 -0.5406
vn -0.8457 -0.0775 -0.5280
vn -0.8604 -0.0745 -0.5042
vn -0.8600 -0.0160 -0.5101
vn -0.8778 -0.0684 -0.4742
vn -0.8700 0.0486 -0.4906
vn -0.8558 -0.1967 -0.4784
vn -0.8363 -0.2162 -0.5038
vn -0.8330 -0.1997 -0.5159
vn -0.8697 0.0507 -0.4910
vn -0.8773 0.1466 -0.4569
vn -0.8796 0.2020 -0.4306
vn -0.8799 0.2018 -0.4303
vn -0.4429 -0.1260 0.8877
vn -0.4453 -0.1349 0.8852
vn -0.4450 -0.1354 0.8852
vn -0.4853 -0.2879 0.8256
vn -0.4782 -0.2559 0.8401
vn -0.4756 -0.2467 0.8443
vn -0.4559 -0.1683 0.8740
vn -0.4535 -0.1611 0.8766
vn -0.4429 -0.1244 0.8879
vn 0.5545 0.5839 0.5929
vn 0.5534 0.6168 0.5598
vn 0.5547 0.6166 0.5586
vn 0.5436 0.8224 0.1680
vn 0.5333 0.7754 0.3381
vn 0.4974 0.8514 0.1664
vn 0.5508 0.6893 0.4706
vn 0.5531 0.6889 0.4685
vn 0.5479 0.7664 0.3353
vn 0.5719 0.7561 0.3183
vn 0.1148 0.9364 -0.3317
vn 0.1160 0.9372 -0.3290
vn 0.0791 0.9201 -0.3837
vn 0.0075 0.6130 -0.7901
vn 0.0045 0.6090 -0.7931
vn -0.0476 0.5356 -0.8432
vn 0.4276 0.9012 -0.0703
vn 0.4230 0.9031 -0.0746
vn 0.3074 0.8877 -0.3429
vn 0.3059 0.8876 -0.3443
vn 0.1498 0.7766 -0.6119
vn 0.1463 0.7747 -0.6152
vn 0.5710 0.8019 0.1761
vn 0.3640 0.9311 0.0245
vn 0.3281 0.9444 0.0200
vn 0.2403 0.9621 -0.1286
vn 0.2367 0.9627 -0.1313
vn 0.1780 0.9575 -0.2270
vn 0.1763 0.9571 -0.2299
vn -0.5169 0.8517 -0.0864
vn -0.4830 0.8734 -0.0630
vn -0.4832 0.8733 -0.0613
vn -0.1544 0.9633 0.2196
vn -0.2706 0.9588 0.0864
vn -0.1105 0.9756 0.1896
vn -0.3979 0.9174 0.0005
vn -0.3984 0.9172 0.0037
vn -0.2824 0.9543 0.0983
vn -0.2923 0.9478 0.1273
vn 0.4914 0.8152 0.3065
vn 0.4892 0.8170 0.3053
vn 0.5415 0.7766 0.3220
vn 0.7212 0.3722 0.5842
vn 0.7236 0.3669 0.5846
vn 0.7615 0.2712 0.5888
vn 0.1026 0.9421 0.3193
vn 0.1092 0.9413 0.3194
vn 0.3475 0.8261 0.4436
vn 0.3494 0.8253 0.4437
vn 0.5779 0.6099 0.5423
vn 0.5816 0.6062 0.5425
vn -0.1862 0.9547 0.2320
vn 0.0992 0.9736 0.2057
vn 0.1318 0.9739 0.1849
vn 0.2904 0.9270 0.2374
vn 0.2948 0.9257 0.2371
vn 0.3918 0.8796 0.2698
vn 0.3946 0.8780 0.2709
vn 0.2370 0.6098 0.7563
vn 0.2108 0.6429 0.7364
vn 0.2118 0.6439 0.7353
vn 0.0071 0.8988 0.4382
vn 0.0601 0.8109 0.5821
vn -0.0465 0.8935 0.4467
vn 0.1497 0.7203 0.6774
vn 0.1514 0.7220 0.6752
vn 0.0763 0.8135 0.5765
vn 0.0979 0.8248 0.5569
vn -0.5027 0.8645 0.0076
vn -0.5016 0.8651 0.0104
vn -0.5327 0.8450 -0.0468
vn -0.5004 0.6819 -0.5335
vn -0.5012 0.6779 -0.5378
vn -0.5119 0.6051 -0.6098
vn -0.1788 0.9539 0.2412
vn -0.1845 0.9536 0.2378
vn -0.3232 0.9461 -0.0196
vn -0.3247 0.9456 -0.0209
vn -0.4420 0.8416 -0.3103
vn -0.4444 0.8390 -0.3141
vn 0.0423 0.8975 0.4389
vn -0.2272 0.9124 0.3405
vn -0.2644 0.9022 0.3409
vn -0.3751 0.9035 0.2073
vn -0.3789 0.9025 0.2049
vn -0.4425 0.8896 0.1132
vn -0.4442 0.8891 0.1103
vn -0.4067 0.6507 0.6413
vn -0.3829 0.6847 0.6202
vn -0.3813 0.6849 0.6209
vn -0.0690 0.9114 0.4056
vn -0.2183 0.8506 0.4783
vn -0.0911 0.9289 0.3590
vn -0.3160 0.7612 0.5664
vn -0.3130 0.7615 0.5676
vn -0.2084 0.8455 0.4917
vn -0.1816 0.8424 0.5074
vn 0.1877 0.9596 -0.2094
vn 0.1857 0.9605 -0.2073
vn 0.2228 0.9394 -0.2604
vn 0.6107 0.6558 -0.4439
vn 0.6129 0.6515 -0.4471
vn 0.6491 0.5719 -0.5016
vn 0.0851 0.9788 0.1863
vn 0.0868 0.9798 0.1799
vn 0.2838 0.9582 -0.0351
vn 0.2845 0.9580 -0.0370
vn 0.4806 0.8342 -0.2705
vn 0.4825 0.8317 -0.2748
vn -0.0618 0.8973 0.4371
vn -0.0308 0.9857 0.1655
vn -0.0436 0.9906 0.1294
vn 0.0515 0.9986 -0.0154
vn 0.0525 0.9984 -0.0199
vn 0.1156 0.9870 -0.1121
vn 0.1177 0.9864 -0.1148
vn 0.9909 0.0702 0.1149
vn 0.9893 0.1116 0.0936
vn 0.9895 0.1115 0.0919
vn 0.8781 0.4454 -0.1750
vn 0.9388 0.3415 -0.0455
vn 0.8618 0.4866 -0.1432
vn 0.9772 0.2096 0.0347
vn 0.9774 0.2093 0.0315
vn 0.9422 0.3299 -0.0579
vn 0.9435 0.3195 -0.0874
vn 0.3838 0.8885 -0.2516
vn 0.3865 0.8877 -0.2503
vn 0.3236 0.9075 -0.2676
vn -0.1030 0.8322 -0.5448
vn -0.1088 0.8311 -0.5454
vn -0.2085 0.8064 -0.5533
vn 0.7137 0.6469 -0.2686
vn 0.7092 0.6518 -0.2686
vn 0.4799 0.7850 -0.3918
vn 0.4781 0.7861 -0.3919
vn 0.1725 0.8516 -0.4949
vn 0.1673 0.8525 -0.4952
vn 0.8899 0.4152 -0.1888
vn 0.7384 0.6567 -0.1537
vn 0.7191 0.6822 -0.1320
vn 0.5900 0.7865 -0.1825
vn 0.5864 0.7893 -0.1821
vn 0.4932 0.8431 -0.2144
vn 0.4903 0.8445 -0.2155
vn 0.6981 0.7018 0.1423
vn 0.6652 0.7342 0.1357
vn 0.6651 0.7346 0.1340
vn 0.3080 0.9513 -0.0098
vn 0.4482 0.8904 0.0792
vn 0.2763 0.9605 0.0336
vn 0.5796 0.8072 0.1121
vn 0.5793 0.8078 0.1089
vn 0.4555 0.8879 0.0637
vn 0.4568 0.8890 0.0324
vn -0.3565 0.9325 0.0579
vn -0.3537 0.9335 0.0588
vn -0.4161 0.9080 0.0483
vn -0.7369 0.6309 -0.2428
vn -0.7405 0.6263 -0.2438
vn -0.7985 0.5428 -0.2605
vn 0.0368 0.9987 -0.0339
vn 0.0303 0.9990 -0.0323
vn -0.2499 0.9623 -0.1075
vn -0.2519 0.9618 -0.1072
vn -0.5389 0.8215 -0.1864
vn -0.5432 0.8186 -0.1864
vn 0.3333 0.9423 -0.0326
vn 0.0734 0.9942 0.0781
vn 0.0475 0.9932 0.1068
vn -0.1253 0.9879 0.0919
vn -0.1296 0.9872 0.0932
vn -0.2394 0.9677 0.0793
vn -0.2426 0.9669 0.0787
vn 0.1647 0.3691 -0.9147
vn 0.1297 0.3991 -0.9077
vn 0.1282 0.3985 -0.9082
vn -0.2503 0.5822 -0.7736
vn -0.0872 0.5474 -0.8323
vn -0.2372 0.6256 -0.7432
vn 0.0384 0.4650 -0.8845
vn 0.0356 0.4637 -0.8853
vn -0.0942 0.5338 -0.8404
vn -0.1177 0.5150 -0.8491
vn -0.5243 0.8241 -0.2142
vn -0.5226 0.8245 -0.2168
vn -0.5512 0.8198 -0.1550
vn -0.8169 0.5449 0.1890
vn -0.8176 0.5421 0.1941
vn -0.8244 0.4903 0.2829
vn -0.4243 0.6892 -0.5874
vn -0.4265 0.6924 -0.5820
vn -0.6086 0.7102 -0.3539
vn -0.6092 0.7106 -0.3519
vn -0.7545 0.6534 -0.0623
vn -0.7555 0.6527 -0.0572
vn -0.2511 0.5536 -0.7941
vn -0.3192 0.7426 -0.5888
vn -0.3101 0.7677 -0.5608
vn -0.4057 0.8104 -0.4226
vn -0.4066 0.8121 -0.4184
vn -0.4640 0.8249 -0.3227
vn -0.4658 0.8250 -0.3198
vn -0.6489 0.2605 0.7149
vn -0.6300 0.3031 0.7150
vn -0.6286 0.3033 0.7161
vn -0.3421 0.6383 0.6896
vn -0.4843 0.5335 0.6934
vn -0.3589 0.6707 0.6491
vn -0.5735 0.4032 0.7131
vn -0.5709 0.4033 0.7151
vn -0.4761 0.5246 0.7058
vn -0.4524 0.5187 0.7255
vn 0.0019 0.9742 0.2255
vn -0.0006 0.9739 0.2272
vn 0.0491 0.9822 0.1812
vn 0.5168 0.8561 0.0084
vn 0.5205 0.8539 0.0044
vn 0.5826 0.8101 -0.0651
vn -0.1707 0.8115 0.5589
vn -0.1682 0.8153 0.5541
vn 0.0635 0.9124 0.4043
vn 0.0645 0.9131 0.4027
vn 0.3215 0.9261 0.1975
vn 0.3246 0.9259 0.1933
vn -0.3376 0.6134 0.7140
vn -0.2797 0.8111 0.5138
vn -0.2866 0.8290 0.4803
vn -0.1716 0.9096 0.3784
vn -0.1699 0.9115 0.3746
vn -0.0905 0.9483 0.3042
vn -0.0880 0.9492 0.3021
vn 0.3022 0.7354 0.6066
vn 0.2986 0.7649 0.5707
vn 0.3000 0.7650 0.5698
vn 0.3019 0.9391 0.1638
vn 0.2765 0.9009 0.3346
vn 0.2511 0.9558 0.1532
vn 0.2929 0.8294 0.4757
vn 0.2956 0.8294 0.4740
vn 0.2931 0.8956 0.3347
vn 0.3213 0.8905 0.3221
vn -0.0582 0.9153 -0.3985
vn -0.0576 0.9165 -0.3958
vn -0.0805 0.8878 -0.4532
vn -0.0135 0.5499 -0.8351
vn -0.0150 0.5451 -0.8382
vn -0.0400 0.4584 -0.8879
vn 0.2094 0.9733 -0.0944
vn 0.2051 0.9737 -0.0995
vn 0.1398 0.9150 -0.3784
vn 0.1385 0.9145 -0.3800
vn 0.0567 0.7534 -0.6551
vn 0.0543 0.7505 -0.6587
vn 0.3318 0.9265 0.1776
vn 0.1266 0.9919 -0.0125
vn 0.0896 0.9957 -0.0231
vn 0.0244 0.9828 -0.1833
vn 0.0212 0.9822 -0.1866
vn -0.0189 0.9573 -0.2885
vn -0.0199 0.9563 -0.2916
vn 0.6928 0.1902 0.6955
vn 0.6827 0.2356 0.6917
vn 0.6837 0.2364 0.6905
vn 0.5666 0.6309 0.5300
vn 0.6029 0.4896 0.6299
vn 0.5216 0.6464 0.5568
vn 0.6558 0.3455 0.6712
vn 0.6575 0.3468 0.6688
vn 0.6162 0.4868 0.6191
vn 0.6347 0.4933 0.5948
vn 0.0182 0.9481 0.3174
vn 0.0201 0.9473 0.3197
vn -0.0302 0.9608 0.2757
vn -0.2083 0.9560 -0.2068
vn -0.2120 0.9542 -0.2110
vn -0.2755 0.9184 -0.2838
vn 0.3903 0.8164 0.4256
vn 0.3846 0.8197 0.4245
vn 0.2008 0.9502 0.2382
vn 0.1989 0.9508 0.2374
vn -0.0235 0.9997 -0.0001
vn -0.0278 0.9996 -0.0031
vn 0.5952 0.6147 0.5175
vn 0.3547 0.7713 0.5285
vn 0.3188 0.7782 0.5411
vn 0.1940 0.8668 0.4594
vn 0.1897 0.8682 0.4585
vn 0.1074 0.9120 0.3959
vn 0.1050 0.9132 0.3938
vn -0.4951 0.5600 -0.6644
vn -0.4860 0.5834 -0.6507
vn -0.4821 0.5874 -0.6500
vn -0.4537 0.6428 -0.6172
vn -0.4489 0.6463 -0.6171
vn -0.3998 0.7209 -0.5661
vn -0.3960 0.7226 -0.5666
vn -0.2917 0.8380 -0.4611
vn -0.2770 0.8483 -0.4512
vn -0.1067 0.9569 -0.2700
vn -0.0808 0.9657 -0.2468
vn 0.1059 0.9939 -0.0309
vn 0.1369 0.9906 -0.0038
vn 0.3338 0.9178 0.2150
vn 0.3716 0.8951 0.2462
vn 0.5438 0.7302 0.4136
vn 0.5737 0.6808 0.4554
vn 0.6118 0.5770 0.5411
vn -0.3336 0.6723 0.6608
vn -0.3417 0.6891 0.6390
vn -0.3455 0.6907 0.6353
vn -0.3688 0.7267 0.5795
vn -0.3735 0.7273 0.5758
vn -0.4076 0.7710 0.4893
vn -0.4113 0.7705 0.4871
vn -0.4663 0.8261 0.3162
vn -0.4745 0.8284 0.2976
vn -0.5234 0.8515 0.0316
vn -0.5300 0.8480 -0.0034
vn -0.5325 0.7968 -0.2856
vn -0.5346 0.7807 -0.3236
vn -0.4968 0.6379 -0.5885
vn -0.4922 0.6021 -0.6286
vn -0.4285 0.3883 -0.8159
vn -0.4003 0.3345 -0.8532
vn -0.3263 0.2337 -0.9159
vn 0.9349 0.3006 0.1888
vn 0.9255 0.3277 0.1898
vn 0.9234 0.3319 0.1928
vn 0.8961 0.3964 0.1998
vn 0.8935 0.4001 0.2037
vn 0.8447 0.4897 0.2162
vn 0.8428 0.4914 0.2196
vn 0.7296 0.6399 0.2411
vn 0.7155 0.6537 0.2466
vn 0.5039 0.8229 0.2627
vn 0.4726 0.8399 0.2668
vn 0.2055 0.9440 0.2581
vn 0.1650 0.9511 0.2613
vn -0.1375 0.9606 0.2414
vn -0.1906 0.9510 0.2435
vn -0.4654 0.8558 0.2260
vn -0.5270 0.8233 0.2109
vn -0.6378 0.7527 0.1630
vn -0.2076 0.8800 0.4271
vn -0.1932 0.8932 0.4061
vn -0.1931 0.8955 0.4010
vn -0.1615 0.9245 0.3452
vn -0.1625 0.9264 0.3397
vn -0.1186 0.9601 0.2531
vn -0.1202 0.9610 0.2492
vn -0.0414 0.9958 0.0822
vn -0.0363 0.9974 0.0624
vn 0.0780 0.9800 -0.1831
vn 0.0894 0.9722 -0.2162
vn 0.2042 0.8659 -0.4566
vn 0.2135 0.8447 -0.4908
vn 0.2986 0.6455 -0.7030
vn 0.3032 0.6039 -0.7372
vn 0.3288 0.3498 -0.8773
vn 0.3385 0.2822 -0.8977
vn 0.3675 0.1469 -0.9184
vn -0.7819 0.3775 0.4961
vn -0.7776 0.4026 0.4830
vn -0.7785 0.4060 0.4786
vn -0.7683 0.4643 0.4406
vn -0.7697 0.4669 0.4354
vn -0.7502 0.5461 0.3729
vn -0.7515 0.5469 0.3689
vn -0.6982 0.6741 0.2412
vn -0.6933 0.6848 0.2244
vn -0.5708 0.8207 0.0240
vn -0.5536 0.8327 -0.0051
vn -0.3724 0.9025 -0.2161
vn -0.3478 0.9038 -0.2493
vn -0.1302 0.8788 -0.4591
vn -0.0956 0.8624 -0.4972
vn 0.1064 0.7381 -0.6663
vn 0.1605 0.7013 -0.6945
vn 0.2737 0.6269 -0.7294
vn 0.9186 0.1782 -0.3529
vn 0.9174 0.2044 -0.3415
vn 0.9183 0.2078 -0.3371
vn 0.9141 0.2693 -0.3032
vn 0.9150 0.2719 -0.2979
vn 0.9020 0.3573 -0.2422
vn 0.9028 0.3582 -0.2381
vn 0.8559 0.5015 -0.1260
vn 0.8506 0.5141 -0.1107
vn 0.7263 0.6848 0.0598
vn 0.7072 0.7019 0.0849
vn 0.5107 0.8205 0.2568
vn 0.4815 0.8289 0.2848
vn 0.2301 0.8622 0.4512
vn 0.1867 0.8557 0.4827
vn -0.0634 0.7862 0.6148
vn -0.1282 0.7630 0.6335
vn -0.2588 0.7155 0.6489
vn 0.5652 0.5323 0.6302
vn 0.5644 0.5542 0.6118
vn 0.5619 0.5588 0.6099
vn 0.5532 0.6122 0.5650
vn 0.5495 0.6167 0.5636
vn 0.5282 0.6901 0.4948
vn 0.5249 0.6928 0.4945
vn 0.4673 0.8084 0.3579
vn 0.4570 0.8200 0.3446
vn 0.3416 0.9314 0.1257
vn 0.3215 0.9418 0.0979
vn 0.1714 0.9746 -0.1443
vn 0.1434 0.9741 -0.1747
vn -0.0442 0.9132 -0.4051
vn -0.0836 0.8954 -0.4374
vn -0.2780 0.7508 -0.5991
vn -0.3163 0.7036 -0.6364
vn -0.3733 0.5984 -0.7089
vn 0.5700 0.7614 -0.3089
vn 0.5490 0.7795 -0.3017
vn 0.5465 0.7827 -0.2978
vn 0.4950 0.8245 -0.2740
vn 0.4931 0.8273 -0.2692
vn 0.4153 0.8806 -0.2282
vn 0.4146 0.8819 -0.2242
vn 0.2638 0.9546 -0.1388
vn 0.2489 0.9603 -0.1260
vn 0.0157 0.9999 0.0072
vn -0.0135 0.9995 0.0280
vn -0.2606 0.9512 0.1653
vn -0.2912 0.9377 0.1895
vn -0.5158 0.7904 0.3305
vn -0.5463 0.7565 0.3594
vn -0.6926 0.5366 0.4821
vn -0.7244 0.4752 0.4995
vn -0.7844 0.3495 0.5124
vn -0.0775 -0.1633 -0.9835
vn -0.0819 -0.1353 -0.9874
vn -0.0799 -0.1301 -0.9883
vn -0.0850 -0.0602 -0.9946
vn -0.0818 -0.0552 -0.9951
vn -0.0842 0.0475 -0.9953
vn -0.0811 0.0504 -0.9954
vn -0.0783 0.2364 -0.9685
vn -0.0741 0.2559 -0.9639
vn -0.0632 0.5064 -0.8600
vn -0.0578 0.5368 -0.8418
vn -0.0428 0.7542 -0.6553
vn -0.0340 0.7803 -0.6245
vn 0.0020 0.9314 -0.3640
vn 0.0166 0.9489 -0.3151
vn 0.0772 0.9964 -0.0341
vn 0.0831 0.9959 0.0369
vn 0.0773 0.9814 0.1759
vn -0.8018 0.4017 0.4425
vn -0.7891 0.4274 0.4413
vn -0.7880 0.4321 0.4385
vn -0.7562 0.4942 0.4290
vn -0.7555 0.4986 0.4251
vn -0.7038 0.5847 0.4034
vn -0.7037 0.5872 0.3999
vn -0.5923 0.7282 0.3449
vn -0.5808 0.7419 0.3349
vn -0.3819 0.8948 0.2313
vn -0.3552 0.9102 0.2132
vn -0.1111 0.9901 0.0855
vn -0.0783 0.9951 0.0609
vn 0.1811 0.9788 -0.0955
vn 0.2212 0.9666 -0.1295
vn 0.4348 0.8522 -0.2911
vn 0.4865 0.8128 -0.3205
vn 0.5881 0.7247 -0.3590
vn 0.0016 0.0023 -1.0000
vn 0.0021 0.0174 -0.9998
vn 0.0025 0.0184 -0.9998
vn 0.0038 0.0514 -0.9987
vn 0.0042 0.0530 -0.9986
vn 0.0047 0.0881 -0.9961
vn 0.0055 0.0894 -0.9960
vn -0.0117 0.1327 -0.9911
vn -0.0718 0.1459 -0.9867
vn -0.1771 0.0335 -0.9836
vn 0.0083 0.1363 -0.9906
vn -0.1845 -0.0596 -0.9810
vn 0.0049 0.3242 -0.9460
vn 0.0036 0.3316 -0.9434
vn 0.0040 0.3925 -0.9198
vn -0.9974 0.0689 0.0222
vn -0.8148 0.4761 -0.3308
vn -0.8080 0.4882 -0.3300
vn -0.8080 0.4883 -0.3299
vn -0.7916 0.5162 -0.3270
vn -0.7906 0.5162 -0.3294
vn -0.7897 0.5304 -0.3084
vn -0.7427 0.5772 -0.3395
vn -0.8152 0.5774 -0.0467
vn -0.8030 0.5073 -0.3128
vn -0.8448 0.4608 -0.2720
vn -0.8308 0.4610 -0.3119
vn -0.8430 0.4422 -0.3064
vn -0.8389 0.4461 -0.3119
vn -0.8272 0.4568 -0.3272
vn -0.7364 0.5680 -0.3676
vn -0.7356 0.6137 -0.2869
vn -0.6842 0.6525 -0.3258
vn -0.7225 0.5186 -0.4571
vn -0.7814 0.5071 -0.3636
vn -0.7502 0.5753 -0.3260
vn -0.7807 0.5195 -0.3473
vn -0.6820 0.6509 -0.3335
vn -0.5942 0.7331 -0.3308
vn -0.5386 0.7718 -0.3380
vn -0.5374 0.7714 -0.3407
vn 0.0516 0.3995 0.9153
vn 0.1368 0.4372 0.8889
vn 0.0426 0.3882 0.9206
vn -0.2410 0.2284 0.9433
vn -0.2125 0.2451 0.9459
vn -0.2030 0.2548 0.9455
vn -0.1134 0.3072 0.9449
vn -0.1027 0.3114 0.9447
vn -0.3630 0.8927 -0.2669
vn -0.2816 0.9159 -0.2861
vn -0.2711 0.9157 -0.2968
vn -0.0706 0.9367 -0.3429
vn -0.0549 0.9314 -0.3599
vn 0.1661 0.8991 -0.4050
vn 0.2059 0.8909 -0.4048
vn 0.4903 0.6992 -0.5202
vn 0.3973 0.8119 -0.4278
vn 0.7126 0.4586 -0.5309
vn 0.7183 0.4389 -0.5398
vn 0.7622 0.3428 -0.5491
vn 0.7842 0.3021 -0.5421
vn 0.8195 0.2398 -0.5206
vn 0.2354 0.8783 -0.4162
vn 0.2373 0.7212 -0.6509
vn 0.2444 0.7025 -0.6683
vn 0.2051 0.5612 -0.8019
vn 0.2278 0.3300 -0.9161
vn 0.2311 0.2997 -0.9256
vn 0.2514 0.2643 -0.9311
vn -0.7969 0.3999 -0.4527
vn -0.7488 0.4708 -0.4665
vn -0.7389 0.4771 -0.4758
vn -0.5971 0.6252 -0.5026
vn -0.5788 0.6310 -0.5165
vn -0.3874 0.7537 -0.5310
vn -0.3529 0.7744 -0.5250
vn 0.0029 0.8186 -0.5744
vn -0.1568 0.8439 -0.5131
vn 0.3248 0.7903 -0.5195
vn 0.3436 0.7791 -0.5243
vn 0.4403 0.7373 -0.5123
vn 0.4816 0.7225 -0.4961
vn 0.5439 0.7014 -0.4606
vn -0.3209 0.7844 -0.5308
vn -0.1709 0.6575 -0.7338
vn -0.1501 0.6477 -0.7469
vn -0.0604 0.5100 -0.8581
vn 0.1297 0.3488 -0.9282
vn 0.1538 0.3282 -0.9320
vn 0.1927 0.3155 -0.9291
vn -0.3913 0.8109 -0.4350
vn -0.3242 0.8557 -0.4032
vn -0.3100 0.8598 -0.4058
vn -0.1347 0.9356 -0.3264
vn -0.1115 0.9370 -0.3309
vn 0.0946 0.9666 -0.2383
vn 0.1277 0.9683 -0.2149
vn 0.4687 0.8720 -0.1411
vn 0.3121 0.9423 -0.1212
vn 0.7170 0.6968 -0.0183
vn 0.7322 0.6808 -0.0220
vn 0.7994 0.6008 -0.0033
vn 0.8243 0.5660 0.0155
vn 0.8577 0.5114 0.0541
vn 0.1607 0.9651 -0.2068
vn 0.3393 0.8537 -0.3951
vn 0.3600 0.8405 -0.4049
vn 0.4454 0.7177 -0.5353
vn 0.5942 0.5206 -0.6131
vn 0.6109 0.4940 -0.6187
vn 0.6399 0.4659 -0.6111
vn -0.7340 0.6614 -0.1544
vn -0.6735 0.7158 -0.1847
vn -0.6657 0.7198 -0.1969
vn -0.5019 0.8209 -0.2723
vn -0.4885 0.8224 -0.2918
vn -0.2843 0.8834 -0.3725
vn -0.2452 0.8923 -0.3790
vn 0.0692 0.8334 -0.5483
vn -0.0449 0.8988 -0.4361
vn 0.3651 0.7055 -0.6075
vn 0.3768 0.6897 -0.6183
vn 0.4538 0.6201 -0.6400
vn 0.4913 0.5921 -0.6388
vn 0.5519 0.5501 -0.6267
vn -0.2154 0.8928 -0.3956
vn -0.1886 0.7479 -0.6365
vn -0.1775 0.7337 -0.6559
vn -0.1774 0.5872 -0.7898
vn -0.0817 0.3846 -0.9195
vn -0.0680 0.3582 -0.9312
vn -0.0364 0.3343 -0.9418
vn -0.6162 0.3951 -0.6814
vn -0.6149 0.4681 -0.6346
vn -0.6075 0.4809 -0.6322
vn -0.5757 0.6419 -0.5064
vn -0.5600 0.6591 -0.5020
vn -0.4831 0.8049 -0.3446
vn -0.4720 0.8249 -0.3110
vn -0.2181 0.9709 -0.0985
vn -0.3730 0.9154 -0.1516
vn 0.0089 0.9905 0.1370
vn 0.0307 0.9894 0.1421
vn 0.1193 0.9729 0.1981
vn 0.1509 0.9613 0.2306
vn 0.1933 0.9381 0.2875
vn -0.4519 0.8434 -0.2907
vn -0.1902 0.9071 -0.3754
vn -0.1643 0.9126 -0.3743
vn 0.0225 0.8978 -0.4398
vn 0.2783 0.8634 -0.4208
vn 0.3088 0.8558 -0.4151
vn 0.3430 0.8534 -0.3924
vn -0.4628 0.4893 0.7392
vn -0.4559 0.5610 0.6909
vn -0.4624 0.5691 0.6800
vn -0.4407 0.7182 0.5384
vn -0.4508 0.7265 0.5186
vn -0.4158 0.8479 0.3290
vn -0.4015 0.8667 0.2960
vn -0.3949 0.9166 -0.0624
vn -0.3509 0.9306 0.1041
vn -0.3059 0.8750 -0.3751
vn -0.3103 0.8649 -0.3946
vn -0.2945 0.8206 -0.4897
vn -0.2764 0.8025 -0.5288
vn -0.2381 0.7742 -0.5864
vn -0.4010 0.8773 0.2636
vn -0.6042 0.7921 0.0868
vn -0.6162 0.7849 0.0644
vn -0.7400 0.6713 -0.0412
vn -0.8158 0.5256 -0.2413
vn -0.8205 0.5060 -0.2660
vn -0.8152 0.4926 -0.3045
vn -0.5191 -0.0361 -0.8539
vn -0.5276 0.0500 -0.8480
vn -0.5211 0.0632 -0.8512
vn -0.5147 0.2666 -0.8149
vn -0.5004 0.2854 -0.8174
vn -0.4537 0.4950 -0.7411
vn -0.4486 0.5294 -0.7201
vn -0.2354 0.7834 -0.5752
vn -0.3782 0.6937 -0.6129
vn -0.0476 0.9344 -0.3530
vn -0.0269 0.9380 -0.3455
vn 0.0527 0.9590 -0.2785
vn 0.0794 0.9673 -0.2410
vn 0.1135 0.9779 -0.1754
vn -0.4325 0.5572 -0.7088
vn -0.1634 0.6008 -0.7826
vn -0.1381 0.6088 -0.7812
vn 0.0568 0.5846 -0.8093
vn 0.3079 0.5899 -0.7465
vn 0.3374 0.5890 -0.7343
vn 0.3677 0.6012 -0.7095
vn 0.1612 0.5503 -0.8193
vn 0.1382 0.6197 -0.7726
vn 0.1431 0.6302 -0.7631
vn 0.0945 0.7755 -0.6242
vn 0.1040 0.7882 -0.6066
vn 0.0592 0.9068 -0.4173
vn 0.0445 0.9227 -0.3830
vn 0.0745 0.9968 -0.0300
vn 0.0044 0.9823 -0.1873
vn 0.0512 0.9544 0.2942
vn 0.0615 0.9478 0.3130
vn 0.0754 0.9087 0.4106
vn 0.0703 0.8889 0.4526
vn 0.0523 0.8546 0.5166
vn 0.0453 0.9352 -0.3513
vn 0.2888 0.9345 -0.2082
vn 0.3057 0.9334 -0.1878
vn 0.4742 0.8746 -0.1011
vn 0.6224 0.7778 0.0879
vn 0.6369 0.7628 0.1120
vn 0.6421 0.7516 0.1512
vn -0.0924 -0.0263 0.9954
vn -0.1304 0.0515 0.9901
vn -0.1435 0.0585 0.9879
vn -0.2390 0.2361 0.9419
vn -0.2598 0.2444 0.9342
vn -0.3637 0.4194 0.8318
vn -0.3747 0.4517 0.8097
vn -0.5753 0.6051 0.5504
vn -0.4532 0.5864 0.6714
vn -0.6625 0.7058 0.2510
vn -0.6741 0.7012 0.2323
vn -0.7020 0.7002 0.1300
vn -0.7041 0.7051 0.0836
vn -0.6975 0.7165 0.0100
vn -0.3944 0.4706 0.7893
vn -0.6327 0.3601 0.6856
vn -0.6528 0.3554 0.6690
vn -0.7818 0.2358 0.5772
vn -0.9155 0.1401 0.3772
vn -0.9279 0.1290 0.3499
vn -0.9412 0.1318 0.3112
vn -0.6517 0.2990 -0.6971
vn -0.6135 0.3768 -0.6940
vn -0.6021 0.3851 -0.6994
vn -0.4846 0.5537 -0.6771
vn -0.4639 0.5628 -0.6841
vn -0.3004 0.7132 -0.6333
vn -0.2737 0.7385 -0.6162
vn 0.0665 0.8375 -0.5424
vn -0.1063 0.8357 -0.5389
vn 0.3517 0.8547 -0.3818
vn 0.3726 0.8467 -0.3798
vn 0.4650 0.8192 -0.3357
vn 0.5003 0.8099 -0.3064
vn 0.5496 0.7966 -0.2518
vn -0.2435 0.7534 -0.6108
vn -0.0164 0.6605 -0.7506
vn 0.0089 0.6546 -0.7559
vn 0.1511 0.5374 -0.8297
vn 0.3765 0.4100 -0.8308
vn 0.4033 0.3934 -0.8261
vn 0.4406 0.3865 -0.8102
vn 0.0105 0.4520 -0.8919
vn 0.0104 0.4622 -0.8867
vn 0.0113 0.4629 -0.8863
vn 0.0136 0.4870 -0.8733
vn 0.0158 0.4891 -0.8721
vn 0.0163 0.5196 -0.8542
vn -0.0067 0.5334 -0.8458
vn 0.0263 0.5738 -0.8186
vn -0.0341 0.5518 -0.8333
vn 0.0383 0.6272 -0.7779
vn -0.0838 0.4461 -0.8911
vn -0.0655 0.4172 -0.9065
vn -0.0468 0.4257 -0.9036
vn 0.0398 0.6284 -0.7769
vn 0.0569 0.7028 -0.7091
vn 0.0625 0.7446 -0.6645
vn 0.0620 0.7447 -0.6645
vn -0.9286 0.2754 0.2486
vn -0.9320 0.2707 0.2409
vn -0.9322 0.2702 0.2408
vn -0.9769 0.1890 0.1000
vn -0.9696 0.2071 0.1301
vn -0.9673 0.2119 0.1391
vn -0.9440 0.2543 0.2103
vn -0.9415 0.2578 0.2171
vn -0.9281 0.2765 0.2495
vn 0.8520 0.4547 0.2596
vn 0.8451 0.4849 0.2249
vn 0.8459 0.4844 0.2234
vn 0.7281 0.6661 -0.1616
vn 0.7749 0.6321 0.0054
vn 0.6923 0.7058 -0.1504
vn 0.8237 0.5512 0.1334
vn 0.8249 0.5500 0.1306
vn 0.7850 0.6195 -0.0011
vn 0.7977 0.6026 -0.0241
vn 0.1741 0.8589 -0.4816
vn 0.1764 0.8595 -0.4797
vn 0.1184 0.8495 -0.5141
vn -0.1691 0.5501 -0.8178
vn -0.1738 0.5469 -0.8190
vn -0.2557 0.4865 -0.8354
vn 0.5485 0.7594 -0.3499
vn 0.5430 0.7621 -0.3525
vn 0.3320 0.7627 -0.5550
vn 0.3301 0.7630 -0.5557
vn 0.0626 0.6814 -0.7292
vn 0.0577 0.6803 -0.7307
vn 0.7515 0.6398 -0.1611
vn 0.5347 0.8091 -0.2439
vn 0.5035 0.8309 -0.2368
vn 0.3710 0.8625 -0.3441
vn 0.3667 0.8638 -0.3454
vn 0.2759 0.8687 -0.4113
vn 0.2732 0.8686 -0.4134
vn -0.5622 0.7071 0.4289
vn -0.5442 0.7380 0.3990
vn -0.5427 0.7387 0.3996
vn -0.2673 0.9548 0.1302
vn -0.4062 0.8877 0.2166
vn -0.2895 0.9538 0.0803
vn -0.4901 0.8084 0.3260
vn -0.4873 0.8096 0.3272
vn -0.3964 0.8886 0.2308
vn -0.3705 0.8954 0.2469
vn 0.0122 0.8814 -0.4723
vn 0.0099 0.8823 -0.4705
vn 0.0535 0.8553 -0.5154
vn 0.4991 0.6161 -0.6094
vn 0.5023 0.6116 -0.6113
vn 0.5563 0.5290 -0.6408
vn -0.1160 0.9883 -0.0987
vn -0.1141 0.9879 -0.1051
vn 0.0960 0.9477 -0.3044
vn 0.0968 0.9470 -0.3062
vn 0.3268 0.8055 -0.4943
vn 0.3294 0.8024 -0.4976
vn -0.2595 0.9517 0.1644
vn -0.2296 0.9657 -0.1210
vn -0.2409 0.9578 -0.1571
vn -0.1404 0.9442 -0.2979
vn -0.1392 0.9430 -0.3021
vn -0.0696 0.9194 -0.3870
vn -0.0673 0.9186 -0.3894
vn -0.8303 0.3080 0.4645
vn -0.8109 0.3502 0.4689
vn -0.8099 0.3503 0.4704
vn -0.5179 0.6777 0.5221
vn -0.6578 0.5761 0.4852
vn -0.5201 0.7084 0.4771
vn -0.7531 0.4489 0.4809
vn -0.7513 0.4490 0.4836
vn -0.6542 0.5676 0.4999
vn -0.6381 0.5622 0.5261
vn -0.0346 0.9837 0.1767
vn -0.0375 0.9834 0.1775
vn 0.0243 0.9885 0.1492
vn 0.5179 0.8444 0.1369
vn 0.5225 0.8420 0.1343
vn 0.6017 0.7937 0.0895
vn -0.3083 0.8407 0.4452
vn -0.3043 0.8442 0.4412
vn -0.0342 0.9292 0.3681
vn -0.0327 0.9297 0.3668
vn 0.2758 0.9275 0.2523
vn 0.2801 0.9270 0.2492
vn -0.5221 0.6538 0.5476
vn -0.3977 0.8404 0.3682
vn -0.3932 0.8569 0.3335
vn -0.2494 0.9301 0.2698
vn -0.2465 0.9317 0.2667
vn -0.1479 0.9635 0.2233
vn -0.1447 0.9642 0.2222
vn 0.4991 0.3015 -0.8124
vn 0.4902 0.3456 -0.8002
vn 0.4887 0.3462 -0.8008
vn 0.2940 0.7090 -0.6410
vn 0.4058 0.5861 -0.7013
vn 0.3265 0.7288 -0.6019
vn 0.4582 0.4507 -0.7662
vn 0.4553 0.4516 -0.7673
vn 0.3932 0.5815 -0.7122
vn 0.3648 0.5839 -0.7253
vn 0.1496 0.9874 -0.0509
vn 0.1515 0.9870 -0.0533
vn 0.1171 0.9931 0.0053
vn -0.3115 0.9090 0.2768
vn -0.3145 0.9066 0.2813
vn -0.3660 0.8594 0.3570
vn 0.1992 0.8750 -0.4412
vn 0.1988 0.8780 -0.4354
vn 0.0354 0.9763 -0.2136
vn 0.0350 0.9767 -0.2116
vn -0.1568 0.9861 0.0557
vn -0.1588 0.9855 0.0605
vn 0.2786 0.6910 -0.6670
vn 0.3132 0.8475 -0.4286
vn 0.3316 0.8564 -0.3958
vn 0.2639 0.9304 -0.2543
vn 0.2636 0.9317 -0.2499
vn 0.2129 0.9647 -0.1552
vn 0.2112 0.9655 -0.1524
vn 0.0542 0.8211 -0.5683
vn 0.0669 0.8451 -0.5304
vn 0.0655 0.8458 -0.5295
vn 0.1064 0.9878 -0.1133
vn 0.1256 0.9503 -0.2850
vn 0.1589 0.9823 -0.0995
vn 0.0915 0.8976 -0.4311
vn 0.0889 0.8987 -0.4295
vn 0.1083 0.9520 -0.2862
vn 0.0797 0.9581 -0.2751
vn 0.3902 0.7971 0.4608
vn 0.3904 0.7986 0.4581
vn 0.3961 0.7606 0.5144
vn 0.1761 0.4609 0.8698
vn 0.1754 0.4558 0.8726
vn 0.1606 0.3642 0.9174
vn 0.1879 0.9706 0.1503
vn 0.1916 0.9691 0.1556
vn 0.2101 0.8768 0.4325
vn 0.2109 0.8758 0.4341
vn 0.2042 0.6834 0.7009
vn 0.2049 0.6795 0.7044
vn 0.0749 0.9888 -0.1291
vn 0.2764 0.9582 0.0733
vn 0.3111 0.9465 0.0857
vn 0.3552 0.9015 0.2473
vn 0.3577 0.8995 0.2507
vn 0.3780 0.8562 0.3523
vn 0.3783 0.8547 0.3554
vn -0.8871 0.4474 -0.1133
vn -0.8689 0.4858 -0.0943
vn -0.8691 0.4859 -0.0926
vn -0.6290 0.7619 0.1549
vn -0.7289 0.6839 0.0316
vn -0.5987 0.7918 0.1208
vn -0.8179 0.5739 -0.0410
vn -0.8181 0.5738 -0.0378
vn -0.7363 0.6752 0.0447
vn -0.7407 0.6677 0.0747
vn 0.0011 0.9789 0.2044
vn -0.0017 0.9791 0.2032
vn 0.0644 0.9736 0.2190
vn 0.4347 0.7506 0.4977
vn 0.4396 0.7473 0.4983
vn 0.5219 0.6860 0.5070
vn -0.3964 0.8871 0.2364
vn -0.3904 0.8899 0.2361
vn -0.1240 0.9283 0.3506
vn -0.1220 0.9286 0.3506
vn 0.1875 0.8740 0.4482
vn 0.1926 0.8728 0.4484
vn -0.6513 0.7395 0.1704
vn -0.4183 0.9002 0.1213
vn -0.3912 0.9151 0.0981
vn -0.2303 0.9627 0.1421
vn -0.2259 0.9638 0.1415
vn -0.1183 0.9783 0.1703
vn -0.1150 0.9785 0.1713
vn 0.7217 0.5436 -0.4285
vn 0.6906 0.5776 -0.4353
vn 0.6898 0.5774 -0.4368
vn 0.3147 0.7974 -0.5149
vn 0.4766 0.7447 -0.4671
vn 0.3046 0.8280 -0.4709
vn 0.6061 0.6534 -0.4536
vn 0.6045 0.6529 -0.4564
vn 0.4767 0.7353 -0.4817
vn 0.4647 0.7248 -0.5086
vn -0.2597 0.9434 -0.2064
vn -0.2568 0.9440 -0.2070
vn -0.3188 0.9301 -0.1823
vn -0.7436 0.6404 -0.1922
vn -0.7475 0.6366 -0.1898
vn -0.8105 0.5668 -0.1478
vn 0.0608 0.8885 -0.4548
vn 0.0556 0.8907 -0.4512
vn -0.2315 0.8887 -0.3957
vn -0.2332 0.8888 -0.3945
vn -0.5324 0.7927 -0.2969
vn -0.5365 0.7910 -0.2941
vn 0.3277 0.7757 -0.5394
vn 0.1409 0.9170 -0.3731
vn 0.1294 0.9317 -0.3393
vn -0.0336 0.9577 -0.2859
vn -0.0370 0.9584 -0.2830
vn -0.1431 0.9586 -0.2461
vn -0.1464 0.9584 -0.2452
vn -0.1392 0.7586 0.6366
vn -0.1206 0.7872 0.6048
vn -0.1189 0.7873 0.6050
vn 0.1280 0.9521 0.2778
vn 0.0043 0.9169 0.3991
vn 0.0939 0.9668 0.2378
vn -0.0680 0.8492 0.5236
vn -0.0647 0.8493 0.5239
vn 0.0174 0.9121 0.4095
vn 0.0474 0.9077 0.4169
vn 0.1856 0.9036 -0.3861
vn 0.1844 0.9049 -0.3836
vn 0.2016 0.8741 -0.4420
vn 0.4917 0.5300 -0.6909
vn 0.4925 0.5251 -0.6941
vn 0.5040 0.4364 -0.7453
vn 0.2116 0.9772 0.0156
vn 0.2114 0.9774 0.0089
vn 0.3304 0.9102 -0.2497
vn 0.3303 0.9097 -0.2517
vn 0.4351 0.7398 -0.5133
vn 0.4354 0.7366 -0.5175
vn 0.1434 0.9407 0.3074
vn 0.0958 0.9950 0.0293
vn 0.0730 0.9973 -0.0017
vn 0.1191 0.9786 -0.1679
vn 0.1186 0.9779 -0.1724
vn 0.1492 0.9493 -0.2766
vn 0.1503 0.9483 -0.2797
vn -0.3176 0.3672 -0.8743
vn -0.3399 0.4007 -0.8508
vn -0.3415 0.4003 -0.8504
vn -0.5658 0.6221 -0.5412
vn -0.4649 0.5706 -0.6769
vn -0.5340 0.6631 -0.5246
vn -0.3968 0.4759 -0.7849
vn -0.3997 0.4749 -0.7840
vn -0.4766 0.5580 -0.6794
vn -0.5028 0.5422 -0.6732
vn -0.4676 0.8814 0.0668
vn -0.4675 0.8817 0.0637
vn -0.4586 0.8789 0.1312
vn -0.5235 0.6282 0.5756
vn -0.5216 0.6254 0.5804
vn -0.4848 0.5728 0.6610
vn -0.5996 0.7438 -0.2953
vn -0.5981 0.7472 -0.2898
vn -0.6253 0.7804 -0.0005
vn -0.6247 0.7809 0.0014
vn -0.5956 0.7342 0.3259
vn -0.5938 0.7335 0.3307
vn -0.5805 0.5941 -0.5568
vn -0.5069 0.7853 -0.3554
vn -0.4816 0.8086 -0.3379
vn -0.4824 0.8589 -0.1719
vn -0.4808 0.8606 -0.1679
vn -0.4757 0.8777 -0.0571
vn -0.4756 0.8780 -0.0537
vn -0.7433 0.5849 -0.3246
vn -0.7232 0.6208 -0.3027
vn -0.7237 0.6209 -0.3010
vn -0.4996 0.8662 -0.0100
vn -0.5816 0.7992 -0.1516
vn -0.4576 0.8884 -0.0367
vn -0.6704 0.7019 -0.2407
vn -0.6713 0.7020 -0.2376
vn -0.5932 0.7927 -0.1404
vn -0.6056 0.7879 -0.1121
vn 0.1317 0.9748 0.1801
vn 0.1293 0.9754 0.1783
vn 0.1881 0.9596 0.2091
vn 0.4398 0.6938 0.5703
vn 0.4438 0.6898 0.5721
vn 0.5095 0.6159 0.6009
vn -0.2726 0.9545 0.1208
vn -0.2663 0.9562 0.1218
vn -0.0301 0.9553 0.2943
vn -0.0280 0.9552 0.2947
vn 0.2365 0.8545 0.4625
vn 0.2411 0.8524 0.4639
vn -0.5285 0.8489 0.0003
vn -0.2654 0.9641 0.0035
vn -0.2315 0.9727 -0.0130
vn -0.0787 0.9947 0.0661
vn -0.0742 0.9950 0.0666
vn 0.0250 0.9926 0.1192
vn 0.0279 0.9923 0.1210
vn 0.0925 0.7266 0.6808
vn 0.1063 0.7425 0.6614
vn 0.1062 0.7462 0.6572
vn 0.1349 0.7844 0.6055
vn 0.1336 0.7880 0.6010
vn 0.1704 0.8377 0.5189
vn 0.1685 0.8400 0.5158
vn 0.2264 0.9087 0.3508
vn 0.2285 0.9154 0.3315
vn 0.2946 0.9530 0.0710
vn 0.2984 0.9538 0.0354
vn 0.3432 0.9070 -0.2440
vn 0.3413 0.8961 -0.2838
vn 0.3386 0.7600 -0.5548
vn 0.3270 0.7310 -0.5989
vn 0.2649 0.5331 -0.8035
vn 0.2538 0.4747 -0.8428
vn 0.2438 0.3496 -0.9046
vn -0.4115 0.0430 -0.9104
vn -0.4049 0.0708 -0.9116
vn -0.4012 0.0748 -0.9129
vn -0.3784 0.1414 -0.9148
vn -0.3737 0.1448 -0.9162
vn -0.3333 0.2392 -0.9120
vn -0.3294 0.2407 -0.9130
vn -0.2424 0.4043 -0.8819
vn -0.2293 0.4197 -0.8782
vn -0.0869 0.6262 -0.7748
vn -0.0645 0.6488 -0.7582
vn 0.0910 0.8101 -0.5792
vn 0.1182 0.8254 -0.5521
vn 0.2852 0.9062 -0.3122
vn 0.3189 0.9085 -0.2701
vn 0.4701 0.8823 -0.0224
vn 0.4949 0.8679 0.0428
vn 0.5230 0.8340 0.1756
vn -0.2763 0.4741 -0.8360
vn -0.2683 0.4989 -0.8241
vn -0.2644 0.5027 -0.8231
vn -0.2389 0.5609 -0.7927
vn -0.2339 0.5640 -0.7919
vn -0.1907 0.6428 -0.7420
vn -0.1866 0.6441 -0.7418
vn -0.0983 0.7686 -0.6321
vn -0.0853 0.7795 -0.6206
vn 0.0493 0.9055 -0.4215
vn 0.0700 0.9163 -0.3943
vn 0.2050 0.9677 -0.1466
vn 0.2287 0.9670 -0.1127
vn 0.3632 0.9188 0.1548
vn 0.3906 0.8992 0.1970
vn 0.5040 0.7534 0.4223
vn 0.5187 0.7097 0.4767
vn 0.5263 0.6190 0.5829
vn -0.0661 -0.0565 -0.9962
vn -0.0507 -0.0324 -0.9982
vn -0.0457 -0.0299 -0.9985
vn -0.0032 0.0263 -0.9996
vn 0.0025 0.0279 -0.9996
vn 0.0677 0.1069 -0.9920
vn 0.0720 0.1071 -0.9916
vn 0.1928 0.2450 -0.9502
vn 0.2082 0.2568 -0.9438
vn 0.3695 0.4367 -0.8202
vn 0.3915 0.4558 -0.7994
vn 0.5260 0.6068 -0.5959
vn 0.5466 0.6201 -0.5627
vn 0.6462 0.7062 -0.2895
vn 0.6637 0.7090 -0.2384
vn 0.7119 0.7006 0.0487
vn 0.7088 0.6951 0.1197
vn 0.6811 0.6858 0.2565
vn 0.2913 0.5093 -0.8098
vn 0.2874 0.5337 -0.7953
vn 0.2895 0.5377 -0.7919
vn 0.2840 0.5952 -0.7517
vn 0.2870 0.5986 -0.7479
vn 0.2804 0.6764 -0.6810
vn 0.2833 0.6780 -0.6783
vn 0.2681 0.8003 -0.5363
vn 0.2696 0.8111 -0.5190
vn 0.2314 0.9320 -0.2790
vn 0.2285 0.9423 -0.2448
vn 0.1656 0.9857 0.0316
vn 0.1615 0.9842 0.0727
vn 0.0942 0.9271 0.3628
vn 0.0893 0.9065 0.4126
vn 0.0418 0.7537 0.6559
vn 0.0215 0.7076 0.7063
vn -0.0336 0.6108 0.7910
vn -0.9893 0.0546 -0.1350
vn -0.9869 0.0830 -0.1383
vn -0.9860 0.0874 -0.1417
vn -0.9756 0.1558 -0.1545
vn -0.9743 0.1597 -0.1588
vn -0.9494 0.2571 -0.1803
vn -0.9482 0.2589 -0.1839
vn -0.8759 0.4281 -0.2226
vn -0.8659 0.4443 -0.2299
vn -0.7029 0.6572 -0.2720
vn -0.6770 0.6808 -0.2794
vn -0.4431 0.8458 -0.2971
vn -0.4057 0.8621 -0.3037
vn -0.1139 0.9448 -0.3073
vn -0.0603 0.9479 -0.3129
vn 0.2299 0.9223 -0.3106
vn 0.2983 0.9067 -0.2983
vn 0.4256 0.8683 -0.2548
vn -0.9712 -0.1450 -0.1893
vn -0.9724 -0.1187 -0.2007
vn -0.9719 -0.1154 -0.2052
vn -0.9700 -0.0528 -0.2373
vn -0.9688 -0.0502 -0.2425
vn -0.9560 0.0397 -0.2908
vn -0.9547 0.0406 -0.2948
vn -0.9035 0.2008 -0.3787
vn -0.8952 0.2156 -0.3901
vn -0.7604 0.4307 -0.4862
vn -0.7375 0.4550 -0.4992
vn -0.5281 0.6431 -0.5546
vn -0.4929 0.6625 -0.5641
vn -0.2164 0.7861 -0.5791
vn -0.1634 0.7960 -0.5829
vn 0.1261 0.8187 -0.5602
vn 0.1947 0.8184 -0.5407
vn 0.3217 0.8149 -0.4821
vn -0.1819 0.7064 -0.6841
vn -0.1704 0.7258 -0.6665
vn -0.1659 0.7286 -0.6646
vn -0.1321 0.7725 -0.6212
vn -0.1267 0.7745 -0.6197
vn -0.0727 0.8303 -0.5525
vn -0.0684 0.8310 -0.5521
vn 0.0363 0.9084 -0.4165
vn 0.0506 0.9138 -0.4030
vn 0.1996 0.9629 -0.1815
vn 0.2212 0.9632 -0.1529
vn 0.3578 0.9288 0.0969
vn 0.3804 0.9158 0.1290
vn 0.5004 0.7814 0.3729
vn 0.5236 0.7478 0.4083
vn 0.6082 0.5341 0.5873
vn 0.6148 0.4764 0.6286
vn 0.6060 0.3618 0.7084
vn 0.5828 0.0441 -0.8115
vn 0.5831 0.0726 -0.8092
vn 0.5854 0.0772 -0.8070
vn 0.5885 0.1466 -0.7951
vn 0.5915 0.1507 -0.7921
vn 0.5938 0.2498 -0.7648
vn 0.5964 0.2519 -0.7621
vn 0.5880 0.4246 -0.6884
vn 0.5890 0.4415 -0.6769
vn 0.5387 0.6599 -0.5238
vn 0.5319 0.6844 -0.4986
vn 0.4290 0.8548 -0.2920
vn 0.4165 0.8721 -0.2567
vn 0.2780 0.9606 -0.0018
vn 0.2575 0.9651 0.0479
vn 0.1199 0.9451 0.3039
vn 0.0775 0.9300 0.3592
vn -0.0189 0.8914 0.4529
vn -0.7057 0.1052 0.7006
vn -0.7031 0.1336 0.6985
vn -0.7046 0.1384 0.6960
vn -0.6992 0.2076 0.6841
vn -0.7013 0.2120 0.6807
vn -0.6899 0.3106 0.6539
vn -0.6917 0.3129 0.6509
vn -0.6552 0.4833 0.5806
vn -0.6526 0.5001 0.5691
vn -0.5573 0.7115 0.4281
vn -0.5441 0.7351 0.4045
vn -0.3925 0.8932 0.2195
vn -0.3725 0.9090 0.1869
vn -0.1853 0.9819 -0.0403
vn -0.1562 0.9840 -0.0858
vn 0.0204 0.9490 -0.3147
vn 0.0700 0.9295 -0.3621
vn 0.1770 0.8813 -0.4382
vn -0.1428 -0.0537 -0.9883
vn -0.1468 -0.0390 -0.9884
vn -0.1467 -0.0380 -0.9884
vn -0.1552 -0.0061 -0.9879
vn -0.1553 -0.0044 -0.9879
vn -0.1651 0.0294 -0.9858
vn -0.1647 0.0308 -0.9859
vn -0.1933 0.0673 -0.9788
vn -0.2532 0.0623 -0.9654
vn -0.3183 -0.0759 -0.9450
vn -0.1755 0.0767 -0.9815
vn -0.2967 -0.1667 -0.9403
vn -0.2289 0.2573 -0.9388
vn -0.2320 0.2642 -0.9362
vn -0.2465 0.3236 -0.9135
vn -0.9577 -0.2286 0.1746
vn -0.0947 0.7733 0.6270
vn -0.0401 0.8168 0.5755
vn -0.0391 0.8254 0.5632
vn 0.0829 0.9053 0.4166
vn 0.0819 0.9150 0.3950
vn 0.1998 0.9582 0.2049
vn 0.2252 0.9588 0.1732
vn 0.2878 0.9401 -0.1828
vn 0.3185 0.9478 -0.0129
vn 0.3518 0.8065 -0.4751
vn 0.3434 0.7986 -0.4943
vn 0.3340 0.7408 -0.5828
vn 0.3390 0.7098 -0.6174
vn 0.3545 0.6557 -0.6666
vn 0.2347 0.9619 0.1406
vn 0.0373 0.9976 -0.0582
vn 0.0251 0.9963 -0.0817
vn -0.1348 0.9712 -0.1965
vn -0.2715 0.8775 -0.3954
vn -0.2859 0.8617 -0.4191
vn -0.2877 0.8425 -0.4554
vn 0.3603 0.8007 0.4787
vn 0.3544 0.8435 0.4035
vn 0.3453 0.8515 0.3947
vn 0.3096 0.9283 0.2060
vn 0.2921 0.9368 0.1926
vn 0.2233 0.9745 -0.0214
vn 0.2160 0.9745 -0.0613
vn -0.0099 0.9397 -0.3420
vn 0.1377 0.9574 -0.2537
vn -0.1796 0.7936 -0.5813
vn -0.1990 0.7844 -0.5875
vn -0.2681 0.7218 -0.6381
vn -0.2888 0.6892 -0.6645
vn -0.3123 0.6333 -0.7081
vn 0.1975 0.9762 -0.0899
vn -0.0838 0.9939 -0.0715
vn -0.1094 0.9910 -0.0777
vn -0.2989 0.9537 -0.0322
vn -0.5321 0.8446 -0.0588
vn -0.5585 0.8271 -0.0634
vn -0.5857 0.8060 -0.0858
vn -0.8260 0.5618 -0.0452
vn -0.7760 0.6302 -0.0265
vn -0.7671 0.6407 -0.0323
vn -0.6215 0.7834 0.0023
vn -0.6050 0.7961 -0.0091
vn -0.4102 0.9119 0.0149
vn -0.3741 0.9270 0.0256
vn -0.0266 0.9986 -0.0460
vn -0.1743 0.9838 0.0426
vn 0.2974 0.9526 -0.0640
vn 0.3146 0.9461 -0.0767
vn 0.4093 0.9065 -0.1035
vn 0.4515 0.8862 -0.1041
vn 0.5167 0.8509 -0.0951
vn -0.3426 0.9392 0.0212
vn -0.2307 0.9435 -0.2380
vn -0.2126 0.9426 -0.2574
vn -0.1480 0.8874 -0.4367
vn 0.0200 0.7926 -0.6094
vn 0.0420 0.7778 -0.6271
vn 0.0801 0.7664 -0.6374
vn -0.6616 0.4880 0.5693
vn -0.6621 0.5502 0.5089
vn -0.6682 0.5545 0.4959
vn -0.6556 0.6787 0.3310
vn -0.6640 0.6809 0.3090
vn -0.6253 0.7734 0.1043
vn -0.6102 0.7891 0.0700
vn -0.5583 0.7781 -0.2880
vn -0.5445 0.8296 -0.1235
vn -0.4152 0.7059 -0.5739
vn -0.4143 0.6919 -0.5913
vn -0.3754 0.6370 -0.6733
vn -0.3481 0.6172 -0.7057
vn -0.2963 0.5891 -0.7517
vn -0.6069 0.7940 0.0365
vn -0.7585 0.6361 -0.1420
vn -0.7652 0.6226 -0.1638
vn -0.8454 0.4676 -0.2582
vn -0.8579 0.2769 -0.4328
vn -0.8547 0.2528 -0.4535
vn -0.8409 0.2347 -0.4877
vn 0.1902 0.5521 -0.8118
vn 0.2120 0.6166 -0.7581
vn 0.2233 0.6225 -0.7501
vn 0.2782 0.7516 -0.5981
vn 0.2962 0.7562 -0.5835
vn 0.3546 0.8520 -0.3851
vn 0.3570 0.8671 -0.3475
vn 0.4989 0.8665 -0.0145
vn 0.3948 0.9070 -0.1464
vn 0.5363 0.7883 0.3015
vn 0.5467 0.7752 0.3164
vn 0.5644 0.7194 0.4048
vn 0.5611 0.6973 0.4460
vn 0.5455 0.6642 0.5111
vn 0.3706 0.8731 -0.3168
vn 0.6147 0.7489 -0.2476
vn 0.6337 0.7378 -0.2328
vn 0.7738 0.6015 -0.1987
vn 0.9036 0.4239 -0.0621
vn 0.9152 0.4007 -0.0436
vn 0.9239 0.3825 -0.0078
vn -0.0548 0.2075 0.9767
vn -0.0221 0.2857 0.9581
vn -0.0256 0.2996 0.9537
vn 0.0423 0.4791 0.8767
vn 0.0345 0.4988 0.8660
vn 0.0933 0.6740 0.7328
vn 0.1096 0.6998 0.7059
vn 0.0840 0.9078 0.4109
vn 0.1543 0.8242 0.5448
vn 0.0933 0.9912 0.0941
vn 0.0816 0.9938 0.0751
vn 0.0596 0.9978 -0.0286
vn 0.0607 0.9953 -0.0753
vn 0.0716 0.9863 -0.1486
vn 0.1101 0.7235 0.6815
vn -0.1335 0.8115 0.5689
vn -0.1509 0.8207 0.5511
vn -0.3283 0.8236 0.4624
vn -0.4939 0.8286 0.2635
vn -0.5112 0.8262 0.2367
vn -0.5189 0.8319 0.1968
vn 0.6655 0.7464 0.0098
vn 0.5985 0.8009 0.0176
vn 0.5892 0.8075 0.0274
vn 0.4117 0.9096 0.0561
vn 0.3962 0.9152 0.0731
vn 0.1809 0.9767 0.1155
vn 0.1408 0.9832 0.1160
vn -0.1847 0.9451 0.2694
vn -0.0643 0.9862 0.1524
vn -0.4755 0.8114 0.3399
vn -0.4872 0.7984 0.3540
vn -0.5609 0.7307 0.3891
vn -0.5960 0.7001 0.3932
vn -0.6520 0.6507 0.3893
vn 0.1095 0.9855 0.1292
vn 0.0677 0.9143 0.3993
vn 0.0557 0.9053 0.4211
vn 0.0517 0.8044 0.5919
vn -0.0426 0.6394 0.7677
vn -0.0556 0.6163 0.7855
vn -0.0864 0.5935 0.8002
vn 0.6216 0.6542 0.4308
vn 0.5520 0.6899 0.4683
vn 0.5428 0.6891 0.4801
vn 0.3611 0.7441 0.5620
vn 0.3460 0.7380 0.5793
vn 0.1295 0.7493 0.6495
vn 0.0892 0.7516 0.6536
vn -0.2271 0.6104 0.7588
vn -0.1142 0.7190 0.6856
vn -0.5065 0.4401 0.7414
vn -0.5169 0.4207 0.7456
vn -0.5851 0.3401 0.7362
vn -0.6182 0.3101 0.7223
vn -0.6713 0.2678 0.6911
vn 0.0583 0.7438 0.6659
vn 0.0319 0.5294 0.8478
vn 0.0213 0.5088 0.8606
vn 0.0302 0.3289 0.9439
vn -0.0472 0.0872 0.9951
vn -0.0581 0.0572 0.9967
vn -0.0869 0.0280 0.9958
vn -0.0534 0.4431 0.8949
vn -0.0661 0.5179 0.8529
vn -0.0764 0.5267 0.8466
vn -0.1151 0.6851 0.7193
vn -0.1327 0.6948 0.7068
vn -0.1826 0.8286 0.5293
vn -0.1841 0.8495 0.4944
vn -0.3392 0.9241 0.1761
vn -0.2236 0.9259 0.3046
vn -0.4043 0.9032 -0.1444
vn -0.4175 0.8944 -0.1603
vn -0.4487 0.8567 -0.2544
vn -0.4512 0.8410 -0.2984
vn -0.4446 0.8164 -0.3686
vn -0.1979 0.8623 0.4661
vn -0.4628 0.7924 0.3974
vn -0.4841 0.7870 0.3825
vn -0.6472 0.6827 0.3392
vn -0.8121 0.5524 0.1881
vn -0.8284 0.5346 0.1672
vn -0.8419 0.5238 0.1299
vn -0.3477 0.5730 0.7421
vn -0.3771 0.6274 0.6813
vn -0.3886 0.6303 0.6721
vn -0.4553 0.7330 0.5054
vn -0.4727 0.7328 0.4894
vn -0.5332 0.7984 0.2797
vn -0.5356 0.8094 0.2407
vn -0.6504 0.7533 -0.0979
vn -0.5654 0.8240 0.0350
vn -0.6496 0.6426 -0.4064
vn -0.6563 0.6265 -0.4205
vn -0.6569 0.5609 -0.5039
vn -0.6466 0.5365 -0.5424
vn -0.6204 0.5015 -0.6030
vn -0.5479 0.8100 0.2089
vn -0.7590 0.6361 0.1388
vn -0.7745 0.6203 0.1241
vn -0.8841 0.4573 0.0958
vn -0.9685 0.2472 -0.0297
vn -0.9742 0.2207 -0.0465
vn -0.9768 0.1981 -0.0807
vn -0.6408 0.6456 -0.4154
vn -0.6333 0.6540 -0.4138
vn -0.6324 0.6545 -0.4144
vn -0.6129 0.6739 -0.4126
vn -0.6104 0.6751 -0.4142
vn -0.5856 0.6998 -0.4092
vn -0.5830 0.7151 -0.3857
vn -0.5345 0.7409 -0.4066
vn -0.5772 0.7345 -0.3569
vn -0.4785 0.7797 -0.4038
vn -0.6782 0.6569 -0.3294
vn -0.6932 0.6298 -0.3505
vn -0.6810 0.6338 -0.3668
vn -0.4766 0.7804 -0.4048
vn -0.3888 0.8317 -0.3964
vn -0.3353 0.8597 -0.3854
vn -0.3355 0.8598 -0.3850
vn -0.0601 0.3709 0.9267
vn -0.0695 0.3689 0.9269
vn -0.0698 0.3685 0.9270
vn -0.2341 0.3335 0.9132
vn -0.1997 0.3421 0.9182
vn -0.1896 0.3441 0.9196
vn -0.1058 0.3629 0.9258
vn -0.0979 0.3641 0.9262
vn -0.0588 0.3716 0.9265
vn -0.1057 0.8982 -0.4266
vn -0.0752 0.9153 -0.3957
vn -0.0760 0.9158 -0.3943
vn 0.1568 0.9873 -0.0257
vn 0.0954 0.9769 -0.1912
vn 0.2091 0.9772 -0.0375
vn -0.0043 0.9500 -0.3121
vn -0.0058 0.9509 -0.3094
vn 0.0796 0.9796 -0.1843
vn 0.0595 0.9851 -0.1611
vn 0.6379 0.6941 0.3336
vn 0.6370 0.6960 0.3313
vn 0.6623 0.6492 0.3740
vn 0.5859 0.3069 0.7501
vn 0.5859 0.3014 0.7523
vn 0.5818 0.2046 0.7872
vn 0.3419 0.9243 0.1697
vn 0.3473 0.9217 0.1725
vn 0.4735 0.7855 0.3985
vn 0.4748 0.7842 0.3994
vn 0.5628 0.5520 0.6153
vn 0.5645 0.5476 0.6176
vn 0.1219 0.9922 -0.0256
vn 0.3864 0.9204 0.0605
vn 0.4214 0.9052 0.0546
vn 0.5259 0.8329 0.1727
vn 0.5293 0.8303 0.1743
vn 0.5866 0.7703 0.2501
vn 0.5881 0.7684 0.2525
vn -0.7391 0.6052 0.2959
vn -0.7069 0.6366 0.3082
vn -0.7064 0.6364 0.3099
vn -0.3343 0.8260 0.4538
vn -0.4890 0.7861 0.3780
vn -0.3141 0.8552 0.4124
vn -0.6211 0.7054 0.3415
vn -0.6200 0.7049 0.3445
vn -0.4924 0.7769 0.3923
vn -0.4862 0.7658 0.4209
vn 0.2956 0.9214 0.2522
vn 0.2927 0.9223 0.2523
vn 0.3567 0.9032 0.2389
vn 0.7479 0.5800 0.3227
vn 0.7518 0.5759 0.3211
vn 0.8153 0.5007 0.2907
vn -0.0671 0.8956 0.4399
vn -0.0613 0.8973 0.4373
vn 0.2300 0.8714 0.4333
vn 0.2319 0.8713 0.4324
vn 0.5348 0.7502 0.3889
vn 0.5391 0.7481 0.3869
vn -0.3531 0.8057 0.4755
vn -0.1290 0.9296 0.3454
vn -0.1105 0.9429 0.3142
vn 0.0609 0.9549 0.2905
vn 0.0649 0.9554 0.2883
vn 0.1754 0.9465 0.2707
vn 0.1788 0.9460 0.2703
vn 0.1109 0.6574 0.7453
vn 0.1184 0.6906 0.7135
vn 0.1201 0.6907 0.7131
vn 0.2449 0.9051 0.3476
vn 0.1692 0.8506 0.4978
vn 0.1997 0.9247 0.3242
vn 0.1419 0.7646 0.6287
vn 0.1451 0.7647 0.6279
vn 0.1849 0.8447 0.5022
vn 0.2155 0.8399 0.4981
vn 0.0700 0.9528 -0.2956
vn 0.0697 0.9537 -0.2927
vn 0.0649 0.9318 -0.3571
vn 0.2413 0.6323 -0.7362
vn 0.2408 0.6279 -0.7401
vn 0.2313 0.5477 -0.8040
vn 0.2343 0.9690 0.0788
vn 0.2318 0.9700 0.0728
vn 0.2528 0.9427 -0.2176
vn 0.2521 0.9425 -0.2196
vn 0.2555 0.8136 -0.5223
vn 0.2543 0.8111 -0.5268
vn 0.2692 0.8900 0.3681
vn 0.1309 0.9823 0.1339
vn 0.0988 0.9886 0.1132
vn 0.0847 0.9946 -0.0595
vn 0.0826 0.9945 -0.0637
vn 0.0747 0.9817 -0.1750
vn 0.0747 0.9811 -0.1783
vn 0.2447 0.0354 0.9690
vn 0.2475 0.0818 0.9654
vn 0.2491 0.0823 0.9650
vn 0.3168 0.4910 0.8115
vn 0.2656 0.3465 0.8997
vn 0.2687 0.5168 0.8128
vn 0.2584 0.1946 0.9462
vn 0.2613 0.1955 0.9452
vn 0.2817 0.3406 0.8970
vn 0.3111 0.3422 0.8866
vn 0.0400 0.9228 0.3832
vn 0.0403 0.9216 0.3860
vn 0.0246 0.9457 0.3242
vn 0.1304 0.9753 -0.1782
vn 0.1292 0.9744 -0.1839
vn 0.1078 0.9532 -0.2824
vn 0.2637 0.7106 0.6523
vn 0.2603 0.7151 0.6488
vn 0.2329 0.8818 0.4101
vn 0.2319 0.8828 0.4086
vn 0.1831 0.9783 0.0974
vn 0.1811 0.9791 0.0927
vn 0.3438 0.4685 0.8139
vn 0.1709 0.6763 0.7166
vn 0.1361 0.6914 0.7095
vn 0.0939 0.8052 0.5856
vn 0.0913 0.8076 0.5827
vn 0.0650 0.8682 0.4919
vn 0.0644 0.8699 0.4890
vn 0.7406 0.6245 0.2482
vn 0.7093 0.6590 0.2502
vn 0.7091 0.6598 0.2487
vn 0.3586 0.9175 0.1723
vn 0.4988 0.8331 0.2391
vn 0.3292 0.9187 0.2183
vn 0.6268 0.7390 0.2469
vn 0.6264 0.7403 0.2440
vn 0.5054 0.8336 0.2230
vn 0.5054 0.8411 0.1927
vn -0.3025 0.9142 0.2697
vn -0.2997 0.9149 0.2707
vn -0.3637 0.8950 0.2584
vn -0.7112 0.6998 -0.0667
vn -0.7151 0.6957 -0.0684
vn -0.7781 0.6202 -0.0990
vn 0.0895 0.9808 0.1730
vn 0.0832 0.9811 0.1750
vn -0.2016 0.9734 0.1087
vn -0.2036 0.9730 0.1090
vn -0.5008 0.8654 0.0177
vn -0.5054 0.8627 0.0173
vn 0.3823 0.9123 0.1469
vn 0.1306 0.9512 0.2796
vn 0.1059 0.9453 0.3087
vn -0.0674 0.9508 0.3022
vn -0.0717 0.9501 0.3036
vn -0.1828 0.9389 0.2918
vn -0.1862 0.9384 0.2912
vn -0.9322 0.2965 -0.2077
vn -0.9147 0.3364 -0.2241
vn -0.9145 0.3376 -0.2228
vn -0.6613 0.6943 -0.2839
vn -0.7739 0.5588 -0.2980
vn -0.6408 0.6911 -0.3344
vn -0.8635 0.4341 -0.2566
vn -0.8632 0.4363 -0.2542
vn -0.7779 0.5619 -0.2814
vn -0.7761 0.5772 -0.2542
vn -0.0569 0.8509 -0.5222
vn -0.0599 0.8504 -0.5226
vn 0.0081 0.8536 -0.5209
vn 0.5775 0.7923 -0.1969
vn 0.5103 0.8485 -0.1400
vn 0.5363 0.8167 -0.2132
vn -0.5202 0.8133 -0.2607
vn -0.6232 0.7021 -0.3445
vn -0.3765 0.9000 -0.2198
vn -0.0790 0.9577 -0.2767
vn 0.2749 0.9590 -0.0686
vn -0.6781 0.6899 -0.2533
vn -0.4748 0.7601 -0.4437
vn -0.4539 0.7535 -0.4756
vn -0.2931 0.8093 -0.5090
vn -0.2890 0.8095 -0.5111
vn -0.1799 0.8337 -0.5221
vn -0.1765 0.8344 -0.5221
vn -0.3842 0.6643 -0.6412
vn -0.3799 0.6970 -0.6082
vn -0.3813 0.6971 -0.6072
vn -0.3658 0.9049 -0.2178
vn -0.3498 0.8535 -0.3862
vn -0.3154 0.9249 -0.2122
vn -0.3715 0.7695 -0.5195
vn -0.3741 0.7696 -0.5175
vn -0.3660 0.8474 -0.3847
vn -0.3930 0.8420 -0.3697
vn 0.0322 0.9478 0.3173
vn 0.0313 0.9487 0.3145
vn 0.0596 0.9262 0.3723
vn 0.0381 0.6192 0.7843
vn 0.0401 0.6148 0.7877
vn 0.0733 0.5340 0.8423
vn -0.2582 0.9656 0.0295
vn -0.2536 0.9667 0.0342
vn -0.1664 0.9355 0.3116
vn -0.1650 0.9353 0.3131
vn -0.0556 0.8027 0.5938
vn -0.0528 0.8002 0.5974
vn -0.3957 0.8896 -0.2282
vn -0.1823 0.9814 -0.0594
vn -0.1450 0.9881 -0.0518
vn -0.0685 0.9922 0.1038
vn -0.0651 0.9921 0.1069
vn -0.0168 0.9781 0.2073
vn -0.0155 0.9775 0.2104
vn -0.2147 0.7248 0.6546
vn -0.1917 0.7548 0.6273
vn -0.1900 0.7549 0.6277
vn 0.1004 0.9327 0.3463
vn -0.0389 0.8933 0.4478
vn 0.0722 0.9502 0.3031
vn -0.1279 0.8202 0.5575
vn -0.1248 0.8203 0.5582
vn -0.0274 0.8877 0.4596
vn 0.0014 0.8823 0.4706
vn 0.2461 0.9198 -0.3057
vn 0.2445 0.9210 -0.3033
vn 0.2691 0.8931 -0.3605
vn 0.5859 0.5578 -0.5878
vn 0.5871 0.5531 -0.5911
vn 0.6044 0.4672 -0.6453
vn 0.2188 0.9707 0.0994
vn 0.2194 0.9712 0.0928
vn 0.3712 0.9162 -0.1510
vn 0.3715 0.9158 -0.1530
vn 0.5084 0.7585 -0.4076
vn 0.5093 0.7556 -0.4119
vn 0.1116 0.9195 0.3770
vn 0.1024 0.9898 0.0986
vn 0.0839 0.9944 0.0650
vn 0.1517 0.9839 -0.0943
vn 0.1518 0.9834 -0.0989
vn 0.1958 0.9601 -0.1996
vn 0.1973 0.9592 -0.2025
vn -0.1171 0.8601 -0.4964
vn -0.0896 0.8808 -0.4650
vn -0.0905 0.8814 -0.4636
vn 0.1138 0.9897 -0.0873
vn 0.0641 0.9648 -0.2551
vn 0.1672 0.9813 -0.0950
vn -0.0261 0.9247 -0.3798
vn -0.0278 0.9257 -0.3773
vn 0.0478 0.9672 -0.2495
vn 0.0259 0.9733 -0.2280
vn 0.5826 0.7463 0.3221
vn 0.5818 0.7479 0.3196
vn 0.6062 0.7055 0.3670
vn 0.5203 0.3867 0.7614
vn 0.5204 0.3815 0.7640
vn 0.5183 0.2872 0.8055
vn 0.2882 0.9496 0.1235
vn 0.2935 0.9475 0.1269
vn 0.4102 0.8337 0.3696
vn 0.4116 0.8326 0.3707
vn 0.4953 0.6205 0.6080
vn 0.4971 0.6164 0.6107
vn 0.0788 0.9928 -0.0897
vn 0.3399 0.9403 0.0179
vn 0.3759 0.9265 0.0154
vn 0.4754 0.8678 0.1448
vn 0.4789 0.8655 0.1468
vn 0.5336 0.8138 0.2302
vn 0.5350 0.8122 0.2328
vn -0.8617 0.4224 -0.2812
vn -0.8475 0.4620 -0.2612
vn -0.8480 0.4621 -0.2596
vn -0.6569 0.7539 0.0115
vn -0.7335 0.6685 -0.1230
vn -0.6218 0.7830 -0.0184
vn -0.8074 0.5535 -0.2043
vn -0.8082 0.5535 -0.2011
vn -0.7428 0.6602 -0.1110
vn -0.7522 0.6539 -0.0818
vn -0.0474 0.9867 0.1557
vn -0.0499 0.9868 0.1540
vn 0.0126 0.9834 0.1810
vn 0.3339 0.7810 0.5278
vn 0.3386 0.7779 0.5294
vn 0.4191 0.7188 0.5547
vn -0.4432 0.8877 0.1249
vn -0.4372 0.8905 0.1255
vn -0.1946 0.9397 0.2811
vn -0.1926 0.9401 0.2814
vn 0.0968 0.8967 0.4320
vn 0.1018 0.8956 0.4331
vn -0.6812 0.7317 0.0241
vn -0.4456 0.8952 0.0072
vn -0.4152 0.9097 -0.0117
vn -0.2647 0.9627 0.0563
vn -0.2602 0.9639 0.0564
vn -0.1592 0.9819 0.1021
vn -0.1562 0.9823 0.1037
vn -0.1413 0.1381 -0.9803
vn -0.1238 0.1607 -0.9792
vn -0.1186 0.1628 -0.9795
vn -0.0710 0.2143 -0.9742
vn -0.0651 0.2154 -0.9744
vn 0.0081 0.2858 -0.9583
vn 0.0124 0.2855 -0.9583
vn 0.1489 0.4023 -0.9033
vn 0.1659 0.4113 -0.8963
vn 0.3526 0.5504 -0.7568
vn 0.3779 0.5632 -0.7349
vn 0.5407 0.6612 -0.5201
vn 0.5649 0.6662 -0.4869
vn 0.6915 0.6905 -0.2124
vn 0.7127 0.6822 -0.1634
vn 0.7800 0.6157 0.1121
vn 0.7814 0.5973 0.1809
vn 0.7625 0.5647 0.3157
vn 0.6374 0.4281 -0.6406
vn 0.6331 0.4532 -0.6275
vn 0.6345 0.4568 -0.6234
vn 0.6258 0.5154 -0.5855
vn 0.6278 0.5183 -0.5807
vn 0.6124 0.5978 -0.5173
vn 0.6144 0.5989 -0.5136
vn 0.5731 0.7255 -0.3811
vn 0.5704 0.7364 -0.3639
vn 0.4738 0.8683 -0.1473
vn 0.4611 0.8798 -0.1158
vn 0.3155 0.9408 0.1237
vn 0.2974 0.9411 0.1608
vn 0.1252 0.9045 0.4078
vn 0.1000 0.8864 0.4520
vn -0.0546 0.7508 0.6583
vn -0.0988 0.7103 0.6969
vn -0.1959 0.6272 0.7538
vn 0.3362 0.5448 0.7682
vn 0.3170 0.5651 0.7617
vn 0.3119 0.5672 0.7622
vn 0.2601 0.6123 0.7466
vn 0.2544 0.6134 0.7476
vn 0.1739 0.6713 0.7205
vn 0.1697 0.6711 0.7217
vn 0.0154 0.7553 0.6552
vn -0.0034 0.7607 0.6491
vn -0.2266 0.8294 0.5107
vn -0.2569 0.8319 0.4918
vn -0.4696 0.8306 0.2994
vn -0.5005 0.8213 0.2737
vn -0.6846 0.7270 0.0519
vn -0.7151 0.6988 0.0174
vn -0.8341 0.5212 -0.1805
vn -0.8487 0.4749 -0.2327
vn -0.8565 0.3871 -0.3413
vn 0.6278 0.5544 -0.5464
vn 0.6071 0.5739 -0.5496
vn 0.6045 0.5785 -0.5477
vn 0.5532 0.6267 -0.5488
vn 0.5510 0.6313 -0.5458
vn 0.4726 0.6974 -0.5387
vn 0.4716 0.7004 -0.5358
vn 0.3176 0.8033 -0.5038
vn 0.3020 0.8140 -0.4961
vn 0.0606 0.9078 -0.4149
vn 0.0298 0.9165 -0.3989
vn -0.2299 0.9326 -0.2781
vn -0.2630 0.9309 -0.2535
vn -0.5050 0.8589 -0.0854
vn -0.5393 0.8407 -0.0479
vn -0.7051 0.6947 0.1419
vn -0.7410 0.6467 0.1805
vn -0.8076 0.5388 0.2397
vn -0.5026 0.3428 -0.7937
vn -0.4980 0.3696 -0.7845
vn -0.4947 0.3741 -0.7844
vn -0.4769 0.4384 -0.7619
vn -0.4726 0.4425 -0.7622
vn -0.4385 0.5318 -0.7245
vn -0.4349 0.5340 -0.7251
vn -0.3566 0.6816 -0.6390
vn -0.3443 0.6956 -0.6305
vn -0.2067 0.8609 -0.4650
vn -0.1844 0.8776 -0.4425
vn -0.0232 0.9739 -0.2257
vn 0.0054 0.9805 -0.1966
vn 0.1897 0.9808 0.0442
vn 0.2272 0.9704 0.0817
vn 0.4039 0.8679 0.2893
vn 0.4360 0.8324 0.3421
vn 0.4796 0.7537 0.4493
vn -0.3966 -0.1223 0.9098
vn -0.4064 -0.0954 0.9087
vn -0.4104 -0.0917 0.9073
vn -0.4374 -0.0273 0.8988
vn -0.4421 -0.0244 0.8966
vn -0.4808 0.0681 0.8742
vn -0.4844 0.0693 0.8721
vn -0.5455 0.2338 0.8048
vn -0.5539 0.2493 0.7944
vn -0.6059 0.4684 0.6430
vn -0.6123 0.4932 0.6179
vn -0.6108 0.6821 0.4021
vn -0.6115 0.7017 0.3657
vn -0.5606 0.8229 0.0924
vn -0.5526 0.8325 0.0398
vn -0.4686 0.8506 -0.2385
vn -0.4352 0.8484 -0.3014
vn -0.3518 0.8398 -0.4134
vn -0.0597 0.1578 -0.9857
vn -0.0524 0.1852 -0.9813
vn -0.0484 0.1891 -0.9808
vn -0.0251 0.2540 -0.9669
vn -0.0201 0.2572 -0.9661
vn 0.0181 0.3482 -0.9373
vn 0.0221 0.3495 -0.9367
vn 0.0957 0.5038 -0.8585
vn 0.1069 0.5179 -0.8488
vn 0.2075 0.7042 -0.6790
vn 0.2229 0.7236 -0.6532
vn 0.3079 0.8568 -0.4138
vn 0.3239 0.8676 -0.3773
vn 0.3963 0.9141 -0.0864
vn 0.4128 0.9101 -0.0351
vn 0.4654 0.8505 0.2451
vn 0.4651 0.8282 0.3128
vn 0.4434 0.7797 0.4422
vn 0.9511 0.2881 0.1115
vn 0.9424 0.3153 0.1118
vn 0.9405 0.3198 0.1146
vn 0.9150 0.3852 0.1202
vn 0.9128 0.3891 0.1241
vn 0.8667 0.4802 0.1352
vn 0.8650 0.4822 0.1387
vn 0.7565 0.6341 0.1600
vn 0.7430 0.6484 0.1657
vn 0.5363 0.8230 0.1872
vn 0.5057 0.8409 0.1925
vn 0.2407 0.9506 0.1962
vn 0.2006 0.9587 0.2017
vn -0.1023 0.9742 0.2013
vn -0.1553 0.9659 0.2073
vn -0.4324 0.8762 0.2128
vn -0.4955 0.8445 0.2034
vn -0.6107 0.7742 0.1665
vn -0.6108 0.4830 0.6274
vn -0.5931 0.5055 0.6266
vn -0.5915 0.5103 0.6242
vn -0.5488 0.5656 0.6156
vn -0.5478 0.5703 0.6121
vn -0.4826 0.6468 0.5905
vn -0.4826 0.6497 0.5873
vn -0.3533 0.7724 0.5278
vn -0.3409 0.7849 0.5173
vn -0.1329 0.9090 0.3950
vn -0.1067 0.9213 0.3739
vn 0.1249 0.9693 0.2116
vn 0.1535 0.9713 0.1819
vn 0.3739 0.9272 -0.0217
vn 0.4043 0.9124 -0.0639
vn 0.5583 0.7829 -0.2745
vn 0.5946 0.7388 -0.3172
vn 0.6667 0.6390 -0.3836
vn -0.9841 0.0719 -0.1625
vn -0.9833 0.0988 -0.1527
vn -0.9826 0.1043 -0.1537
vn -0.9760 0.1716 -0.1344
vn -0.9747 0.1771 -0.1365
vn -0.9551 0.2747 -0.1110
vn -0.9539 0.2780 -0.1134
vn -0.8907 0.4493 -0.0687
vn -0.8814 0.4675 -0.0674
vn -0.7305 0.6829 -0.0004
vn -0.7059 0.7083 0.0051
vn -0.4822 0.8726 0.0775
vn -0.4457 0.8915 0.0812
vn -0.1598 0.9780 0.1338
vn -0.1063 0.9853 0.1337
vn 0.1846 0.9723 0.1437
vn 0.2533 0.9553 0.1524
vn 0.3807 0.9064 0.1829
vn -0.6814 0.5628 0.4680
vn -0.6765 0.5749 0.4602
vn -0.6764 0.5756 0.4595
vn -0.6654 0.6015 0.4422
vn -0.6650 0.6027 0.4410
vn -0.6517 0.6297 0.4228
vn -0.6518 0.6305 0.4215
vn -0.6226 0.6658 0.4113
vn -0.5761 0.6839 0.4475
vn -0.5437 0.6086 0.5780
vn -0.6340 0.6651 0.3946
vn -0.5687 0.5328 0.6267
vn -0.5378 0.7929 0.2864
vn -0.5327 0.7978 0.2825
vn -0.4963 0.8337 0.2421
vn 0.6859 0.2091 0.6970
vn 0.2569 0.1854 -0.9485
vn 0.2601 0.1985 -0.9450
vn 0.2600 0.1986 -0.9450
vn 0.2665 0.2292 -0.9362
vn 0.2690 0.2288 -0.9356
vn 0.2521 0.2478 -0.9355
vn 0.3011 0.2941 -0.9071
vn 0.0069 0.3535 -0.9354
vn 0.2487 0.2220 -0.9428
vn 0.1915 0.1795 -0.9649
vn 0.2324 0.1726 -0.9572
vn 0.2207 0.1536 -0.9632
vn 0.2276 0.1568 -0.9611
vn 0.2469 0.1654 -0.9548
vn 0.3273 0.2796 -0.9026
vn 0.2602 0.3435 -0.9024
vn 0.3158 0.3813 -0.8688
vn 0.4051 0.2132 -0.8890
vn 0.3015 0.2134 -0.9293
vn 0.2864 0.2941 -0.9119
vn 0.2887 0.2295 -0.9295
vn 0.3233 0.3784 -0.8674
vn 0.3558 0.4756 -0.8045
vn 0.3819 0.5223 -0.7624
vn 0.3847 0.5216 -0.7615
vn -0.7795 0.6220 0.0735
vn -0.7293 0.6694 0.1414
vn -0.7888 0.6108 0.0686
vn -0.9010 0.4041 -0.1577
vn -0.8943 0.4268 -0.1345
vn -0.8899 0.4379 -0.1279
vn -0.8603 0.5067 -0.0560
vn -0.8571 0.5130 -0.0470
vn -0.4527 0.8722 -0.1852
vn -0.3889 0.9105 -0.1406
vn -0.3750 0.9162 -0.1416
vn -0.2055 0.9778 -0.0405
vn -0.1824 0.9822 -0.0441
vn 0.0214 0.9982 0.0567
vn 0.0544 0.9953 0.0801
vn 0.4020 0.9066 0.1282
vn 0.2407 0.9565 0.1652
vn 0.6632 0.7216 0.1986
vn 0.6795 0.7085 0.1906
vn 0.7525 0.6317 0.1862
vn 0.7800 0.5948 0.1945
vn 0.8176 0.5338 0.2159
vn 0.0876 0.9923 0.0875
vn 0.2730 0.9542 -0.1221
vn 0.2946 0.9460 -0.1351
vn 0.3882 0.8733 -0.2942
vn 0.5508 0.7191 -0.4238
vn 0.5694 0.6965 -0.4366
vn 0.6005 0.6696 -0.4371
vn -0.9616 0.1392 0.2365
vn -0.9455 0.2245 0.2359
vn -0.9447 0.2366 0.2271
vn -0.8780 0.4314 0.2073
vn -0.8736 0.4478 0.1907
vn -0.7567 0.6377 0.1442
vn -0.7302 0.6684 0.1415
vn -0.4944 0.8680 -0.0471
vn -0.5842 0.8069 0.0874
vn -0.2081 0.9622 -0.1757
vn -0.1945 0.9616 -0.1935
vn -0.1053 0.9622 -0.2510
vn -0.0610 0.9621 -0.2659
vn 0.0125 0.9601 -0.2795
vn -0.7108 0.6920 0.1263
vn -0.6976 0.6993 -0.1557
vn -0.6880 0.7030 -0.1802
vn -0.6629 0.6509 -0.3700
vn -0.5313 0.6090 -0.5889
vn -0.5115 0.6022 -0.6130
vn -0.4775 0.6065 -0.6357
vn -0.4774 0.4126 -0.7758
vn -0.4206 0.4780 -0.7711
vn -0.4070 0.4827 -0.7755
vn -0.2522 0.6165 -0.7458
vn -0.2292 0.6195 -0.7507
vn -0.0380 0.7257 -0.6870
vn -0.0074 0.7443 -0.6678
vn 0.3377 0.7569 -0.5595
vn 0.1710 0.7998 -0.5754
vn 0.5999 0.7102 -0.3684
vn 0.6176 0.6972 -0.3639
vn 0.6947 0.6497 -0.3087
vn 0.7232 0.6334 -0.2753
vn 0.7616 0.6114 -0.2151
vn 0.0250 0.7513 -0.6595
vn 0.2326 0.5946 -0.7696
vn 0.2558 0.5821 -0.7719
vn 0.3689 0.4280 -0.8251
vn 0.5519 0.2471 -0.7964
vn 0.5729 0.2245 -0.7883
vn 0.6052 0.2092 -0.7681
vn -0.5725 0.7871 0.2297
vn -0.5083 0.8375 0.2006
vn -0.5024 0.8439 0.1883
vn -0.3379 0.9355 0.1028
vn -0.3287 0.9409 0.0816
vn -0.1364 0.9902 -0.0302
vn -0.0984 0.9942 -0.0442
vn 0.1525 0.9418 -0.2996
vn 0.0821 0.9856 -0.1480
vn 0.3916 0.7928 -0.4670
vn 0.3969 0.7796 -0.4844
vn 0.4493 0.7090 -0.5436
vn 0.4785 0.6763 -0.5600
vn 0.5287 0.6233 -0.5762
vn -0.0734 0.9950 -0.0672
vn -0.1306 0.9325 -0.3366
vn -0.1273 0.9237 -0.3614
vn -0.1887 0.8299 -0.5251
vn -0.1717 0.6667 -0.7253
vn -0.1672 0.6436 -0.7469
vn -0.1449 0.6194 -0.7716
vn -0.5840 0.2111 -0.7838
vn -0.5892 0.2922 -0.7533
vn -0.5825 0.3056 -0.7532
vn -0.5666 0.4905 -0.6621
vn -0.5519 0.5091 -0.6604
vn -0.4926 0.6882 -0.5327
vn -0.4847 0.7153 -0.5034
vn -0.2528 0.9160 -0.3114
vn -0.4010 0.8421 -0.3607
vn -0.0436 0.9964 -0.0722
vn -0.0222 0.9976 -0.0657
vn 0.0628 0.9980 -0.0024
vn 0.0926 0.9951 0.0336
vn 0.1320 0.9865 0.0966
vn -0.4669 0.7387 -0.4862
vn -0.2029 0.7985 -0.5668
vn -0.1774 0.8055 -0.5654
vn 0.0139 0.7883 -0.6152
vn 0.2690 0.7731 -0.5744
vn 0.2993 0.7685 -0.5655
vn 0.3319 0.7729 -0.5408
vn 0.0847 0.7492 0.6570
vn 0.0524 0.8015 0.5957
vn 0.0397 0.8067 0.5896
vn -0.0483 0.9021 0.4287
vn -0.0695 0.9055 0.4186
vn -0.1762 0.9585 0.2243
vn -0.1883 0.9643 0.1860
vn -0.4194 0.9037 -0.0859
vn -0.2796 0.9601 -0.0013
vn -0.5505 0.7585 -0.3488
vn -0.5656 0.7437 -0.3564
vn -0.6113 0.6714 -0.4191
vn -0.6212 0.6399 -0.4523
vn -0.6270 0.5906 -0.5081
vn -0.2098 0.9646 0.1595
vn -0.4706 0.8612 0.1918
vn -0.4937 0.8495 0.1860
vn -0.6459 0.7289 0.2270
vn -0.8200 0.5429 0.1812
vn -0.8379 0.5177 0.1731
vn -0.8576 0.4929 0.1470
vn -0.1654 0.6394 0.7508
vn -0.2069 0.6899 0.6937
vn -0.2201 0.6925 0.6871
vn -0.3207 0.7841 0.5314
vn -0.3413 0.7832 0.5197
vn -0.4461 0.8343 0.3239
vn -0.4570 0.8424 0.2856
vn -0.6451 0.7640 -0.0135
vn -0.5317 0.8421 0.0910
vn -0.7146 0.6299 -0.3043
vn -0.7245 0.6130 -0.3152
vn -0.7446 0.5412 -0.3907
vn -0.7435 0.5135 -0.4284
vn -0.7319 0.4732 -0.4903
vn -0.4760 0.8409 0.2574
vn -0.6999 0.6690 0.2502
vn -0.7185 0.6526 0.2407
vn -0.8340 0.4916 0.2507
vn -0.9472 0.2752 0.1648
vn -0.9569 0.2477 0.1519
vn -0.9674 0.2226 0.1210
vn 0.1294 0.9071 -0.4004
vn 0.1038 0.9402 -0.3244
vn 0.1084 0.9443 -0.3107
vn 0.0545 0.9917 -0.1168
vn 0.0637 0.9934 -0.0950
vn 0.0153 0.9917 0.1276
vn 0.0002 0.9863 0.1650
vn 0.0300 0.8632 0.5040
vn -0.0408 0.9314 0.3618
vn 0.0114 0.6545 0.7560
vn 0.0222 0.6394 0.7686
vn 0.0387 0.5551 0.8309
vn 0.0348 0.5158 0.8560
vn 0.0190 0.4522 0.8917
vn 0.0007 0.9801 0.1985
vn 0.2452 0.9140 0.3233
vn 0.2624 0.9030 0.3403
vn 0.4341 0.8143 0.3854
vn 0.5880 0.6384 0.4967
vn 0.6034 0.6135 0.5094
vn 0.6094 0.5835 0.5368
vn 0.8097 0.5863 -0.0272
vn 0.7582 0.6496 -0.0565
vn 0.7488 0.6607 -0.0524
vn 0.6001 0.7924 -0.1096
vn 0.5831 0.8062 -0.1005
vn 0.3857 0.9113 -0.1438
vn 0.3494 0.9237 -0.1572
vn -0.0011 0.9948 -0.1015
vn 0.1484 0.9715 -0.1850
vn -0.3240 0.9426 -0.0812
vn -0.3413 0.9375 -0.0679
vn -0.4353 0.8995 -0.0368
vn -0.4769 0.8783 -0.0338
vn -0.5410 0.8401 -0.0384
vn 0.3175 0.9355 -0.1550
vn 0.2010 0.9745 0.0993
vn 0.1826 0.9760 0.1183
vn 0.1164 0.9459 0.3029
vn -0.0520 0.8727 0.4854
vn -0.0739 0.8600 0.5049
vn -0.1118 0.8491 0.5162
vn 0.1385 0.6473 0.7496
vn 0.1108 0.7095 0.6959
vn 0.0987 0.7165 0.6906
vn 0.0193 0.8389 0.5440
vn -0.0015 0.8452 0.5344
vn -0.1024 0.9314 0.3493
vn -0.1138 0.9432 0.3121
vn -0.3471 0.9371 0.0355
vn -0.2039 0.9708 0.1262
vn -0.4875 0.8384 -0.2438
vn -0.5036 0.8260 -0.2532
vn -0.5543 0.7663 -0.3247
vn -0.5665 0.7404 -0.3617
vn -0.5757 0.6994 -0.4235
vn -0.1351 0.9487 0.2860
vn -0.4033 0.8626 0.3054
vn -0.4272 0.8536 0.2982
vn -0.5886 0.7409 0.3235
vn -0.7764 0.5767 0.2542
vn -0.7961 0.5543 0.2430
vn -0.8175 0.5347 0.2140
vn -0.9124 0.0622 -0.4046
vn -0.9142 0.0718 -0.3987
vn -0.9141 0.0730 -0.3989
vn -0.9171 0.0973 -0.3865
vn -0.9166 0.1005 -0.3869
vn -0.9204 0.1305 -0.3685
vn -0.9303 0.1318 -0.3422
vn -0.9209 0.1898 -0.3405
vn -0.9413 0.1357 -0.3090
vn -0.9165 0.2513 -0.3113
vn -0.9427 0.0078 -0.3336
vn -0.9311 -0.0102 -0.3645
vn -0.9271 0.0074 -0.3748
vn -0.9158 0.2534 -0.3115
vn -0.9013 0.3429 -0.2646
vn -0.8898 0.3932 -0.2315
vn -0.8900 0.3930 -0.2311
vn -0.3089 -0.1973 0.9304
vn -0.3131 -0.2053 0.9273
vn -0.3129 -0.2059 0.9272
vn -0.3878 -0.3395 0.8569
vn -0.3731 -0.3116 0.8739
vn -0.3683 -0.3037 0.8787
vn -0.3309 -0.2346 0.9140
vn -0.3270 -0.2283 0.9170
vn -0.3085 -0.1959 0.9308
vn -0.7415 0.5319 -0.4089
vn -0.7128 0.5686 -0.4107
vn -0.7129 0.5695 -0.4092
vn -0.3954 0.8623 -0.3165
vn -0.5187 0.7601 -0.3913
vn -0.3601 0.8615 -0.3581
vn -0.6374 0.6552 -0.4054
vn -0.6375 0.6569 -0.4026
vn -0.5275 0.7617 -0.3764
vn -0.5322 0.7721 -0.3473
vn 0.2714 0.9055 -0.3261
vn 0.2687 0.9058 -0.3275
vn 0.3317 0.8928 -0.3049
vn 0.6439 0.7608 0.0819
vn 0.6477 0.7572 0.0845
vn 0.7111 0.6907 0.1311
vn -0.1339 0.9479 -0.2891
vn -0.1274 0.9484 -0.2902
vn 0.1453 0.9716 -0.1870
vn 0.1473 0.9713 -0.1870
vn 0.4360 0.8987 -0.0466
vn 0.4406 0.8966 -0.0454
vn -0.4220 0.8577 -0.2939
vn -0.1577 0.9045 -0.3962
vn -0.1288 0.8979 -0.4210
vn 0.0410 0.9187 -0.3927
vn 0.0456 0.9182 -0.3934
vn 0.1545 0.9177 -0.3661
vn 0.1577 0.9175 -0.3650
vn 0.3673 0.3664 0.8549
vn 0.3727 0.4075 0.8337
vn 0.3743 0.4077 0.8329
vn 0.4486 0.7200 0.5295
vn 0.3996 0.6252 0.6704
vn 0.4029 0.7495 0.5253
vn 0.3884 0.5032 0.7719
vn 0.3913 0.5034 0.7704
vn 0.4148 0.6169 0.6688
vn 0.4427 0.6114 0.6559
vn 0.1486 0.9889 -0.0036
vn 0.1492 0.9888 -0.0006
vn 0.1274 0.9897 -0.0652
vn 0.1704 0.8187 -0.5484
vn 0.1684 0.8159 -0.5531
vn 0.1333 0.7620 -0.6336
vn 0.3902 0.8690 0.3041
vn 0.3867 0.8722 0.2995
vn 0.3403 0.9401 0.0189
vn 0.3391 0.9406 0.0172
vn 0.2577 0.9182 -0.3009
vn 0.2552 0.9174 -0.3054
vn 0.4741 0.6972 0.5377
vn 0.3043 0.8713 0.3849
vn 0.2699 0.8865 0.3759
vn 0.2200 0.9498 0.2223
vn 0.2171 0.9513 0.2190
vn 0.1836 0.9763 0.1148
vn 0.1828 0.9768 0.1115
vn 0.8276 0.2215 -0.5157
vn 0.8095 0.2635 -0.5247
vn 0.8085 0.2635 -0.5262
vn 0.5258 0.5922 -0.6106
vn 0.6633 0.4910 -0.5648
vn 0.5301 0.6280 -0.5697
vn 0.7546 0.3620 -0.5473
vn 0.7527 0.3619 -0.5500
vn 0.6590 0.4810 -0.5782
vn 0.6421 0.4730 -0.6033
vn 0.0613 0.9537 -0.2943
vn 0.0642 0.9533 -0.2951
vn 0.0033 0.9639 -0.2663
vn -0.4941 0.8394 -0.2263
vn -0.4988 0.8375 -0.2234
vn -0.5783 0.7976 -0.1714
vn 0.3235 0.7704 -0.5494
vn 0.3197 0.7745 -0.5459
vn 0.0543 0.8768 -0.4777
vn 0.0529 0.8776 -0.4765
vn -0.2525 0.8997 -0.3559
vn -0.2568 0.8998 -0.3528
vn 0.5286 0.5653 -0.6332
vn 0.4147 0.7762 -0.4749
vn 0.4116 0.7968 -0.4423
vn 0.2719 0.8820 -0.3849
vn 0.2691 0.8842 -0.3819
vn 0.1727 0.9242 -0.3406
vn 0.1696 0.9252 -0.3394
vn 0.2002 0.8147 0.5442
vn 0.1863 0.8409 0.5082
vn 0.1876 0.8412 0.5071
vn 0.1069 0.9893 0.0989
vn 0.1094 0.9559 0.2724
vn 0.0527 0.9942 0.0939
vn 0.1563 0.8974 0.4127
vn 0.1588 0.8979 0.4106
vn 0.1266 0.9543 0.2708
vn 0.1536 0.9546 0.2550
vn -0.2993 0.8589 -0.4155
vn -0.2987 0.8604 -0.4129
vn -0.3209 0.8244 -0.4663
vn -0.2247 0.4881 -0.8434
vn -0.2255 0.4830 -0.8461
vn -0.2363 0.3903 -0.8898
vn -0.0188 0.9889 -0.1474
vn -0.0236 0.9881 -0.1519
vn -0.1050 0.9018 -0.4192
vn -0.1063 0.9010 -0.4206
vn -0.1810 0.7114 -0.6791
vn -0.1831 0.7078 -0.6823
vn 0.1401 0.9841 0.1093
vn -0.0942 0.9939 -0.0567
vn -0.1320 0.9892 -0.0630
vn -0.2101 0.9540 -0.2138
vn -0.2134 0.9526 -0.2167
vn -0.2581 0.9143 -0.3123
vn -0.2593 0.9129 -0.3152
vn 0.6200 0.7846 -0.0001
vn 0.5828 0.8126 0.0001
vn 0.5822 0.8130 -0.0015
vn 0.1797 0.9812 -0.0708
vn 0.3411 0.9399 -0.0117
vn 0.1562 0.9875 -0.0219
vn 0.4858 0.8741 -0.0058
vn 0.4847 0.8746 -0.0089
vn 0.3455 0.9380 -0.0284
vn 0.3404 0.9384 -0.0593
vn -0.4506 0.8834 0.1286
vn -0.4478 0.8848 0.1289
vn -0.5074 0.8517 0.1311
vn -0.8429 0.5306 -0.0900
vn -0.8459 0.5256 -0.0902
vn -0.8953 0.4353 -0.0950
vn -0.0947 0.9947 -0.0400
vn -0.1007 0.9942 -0.0372
vn -0.3835 0.9219 -0.0548
vn -0.3853 0.9212 -0.0541
vn -0.6627 0.7452 -0.0743
vn -0.6666 0.7418 -0.0734
vn 0.2008 0.9747 -0.0981
vn -0.0557 0.9939 0.0956
vn -0.2259 0.9673 0.1157
vn -0.2298 0.9661 0.1178
vn -0.3368 0.9331 0.1262
vn -0.3400 0.9319 0.1262
vn 0.6931 -0.0969 -0.7143
vn 0.6868 -0.0520 -0.7250
vn 0.6855 -0.0517 -0.7262
vn 0.5033 0.3452 -0.7922
vn 0.6109 0.2077 -0.7640
vn 0.5286 0.3802 -0.7589
vn 0.6603 0.0573 -0.7488
vn 0.6578 0.0577 -0.7509
vn 0.6004 0.1988 -0.7746
vn 0.5760 0.1952 -0.7938
vn 0.2677 0.8592 -0.4361
vn 0.2700 0.8577 -0.4375
vn 0.2247 0.8896 -0.3977
vn -0.2590 0.9382 -0.2298
vn -0.2631 0.9380 -0.2256
vn -0.3347 0.9300 -0.1520
vn 0.3871 0.5835 -0.7139
vn 0.3858 0.5889 -0.7102
vn 0.1907 0.7769 -0.6001
vn 0.1899 0.7781 -0.5987
vn -0.0526 0.9072 -0.4175
vn -0.0557 0.9088 -0.4135
vn 0.4920 0.3175 -0.8107
vn 0.4919 0.5640 -0.6633
vn 0.5036 0.5866 -0.6342
vn 0.4159 0.7165 -0.5600
vn 0.4148 0.7197 -0.5568
vn 0.3490 0.7918 -0.5013
vn 0.3468 0.7938 -0.4996
vn 0.8236 0.5474 -0.1483
vn 0.7964 0.5826 -0.1622
vn 0.7961 0.5826 -0.1639
vn 0.4657 0.8172 -0.3396
vn 0.6043 0.7573 -0.2477
vn 0.4426 0.8454 -0.2991
vn 0.7224 0.6617 -0.2008
vn 0.7217 0.6614 -0.2040
vn 0.6088 0.7488 -0.2622
vn 0.6057 0.7402 -0.2921
vn -0.1749 0.9608 -0.2151
vn -0.1719 0.9614 -0.2147
vn -0.2387 0.9478 -0.2113
vn -0.6419 0.6712 -0.3707
vn -0.6463 0.6674 -0.3699
vn -0.7199 0.5970 -0.3541
vn 0.2064 0.9117 -0.3552
vn 0.2004 0.9138 -0.3533
vn -0.0898 0.9167 -0.3894
vn -0.0918 0.9167 -0.3888
vn -0.4074 0.8235 -0.3949
vn -0.4121 0.8217 -0.3936
vn 0.4854 0.7966 -0.3603
vn 0.2575 0.9331 -0.2511
vn 0.2361 0.9461 -0.2216
vn 0.0649 0.9734 -0.2197
vn 0.0607 0.9741 -0.2179
vn -0.0516 0.9751 -0.2157
vn -0.0550 0.9749 -0.2158
vn 0.3601 0.5841 -0.7274
vn 0.3420 0.6210 -0.7053
vn 0.3403 0.6213 -0.7058
vn 0.0784 0.8823 -0.4642
vn 0.2113 0.8062 -0.5526
vn 0.1080 0.9001 -0.4220
vn 0.2890 0.7051 -0.6476
vn 0.2859 0.7055 -0.6485
vn 0.1993 0.8013 -0.5641
vn 0.1704 0.7996 -0.5759
vn -0.0862 0.9806 0.1759
vn -0.0844 0.9812 0.1735
vn -0.1152 0.9658 0.2324
vn -0.4935 0.7235 0.4828
vn -0.4956 0.7195 0.4866
vn -0.5295 0.6458 0.5500
vn -0.0384 0.9723 -0.2304
vn -0.0391 0.9738 -0.2239
vn -0.2054 0.9785 0.0166
vn -0.2058 0.9784 0.0186
vn -0.3761 0.8822 0.2833
vn -0.3775 0.8801 0.2879
vn 0.0659 0.8673 -0.4935
vn 0.0795 0.9709 -0.2259
vn 0.0974 0.9765 -0.1922
vn 0.0242 0.9990 -0.0365
vn 0.0239 0.9992 -0.0319
vn -0.0264 0.9973 0.0684
vn -0.0282 0.9971 0.0713
vn -0.8880 0.1883 -0.4195
vn -0.8888 0.2291 -0.3969
vn -0.8895 0.2290 -0.3954
vn -0.8332 0.5452 -0.0921
vn -0.8604 0.4503 -0.2388
vn -0.8032 0.5845 -0.1152
vn -0.8854 0.3245 -0.3329
vn -0.8866 0.3242 -0.3299
vn -0.8689 0.4391 -0.2286
vn -0.8806 0.4288 -0.2016
vn -0.3438 0.9258 0.1570
vn -0.3460 0.9254 0.1549
vn -0.2902 0.9375 0.1921
vn 0.0144 0.8099 0.5864
vn 0.0195 0.8081 0.5888
vn 0.1081 0.7717 0.6268
vn -0.6862 0.7251 0.0577
vn -0.6815 0.7294 0.0594
vn -0.4904 0.8334 0.2548
vn -0.4886 0.8343 0.2554
vn -0.2268 0.8623 0.4528
vn -0.2219 0.8625 0.4547
vn -0.8521 0.5166 -0.0842
vn -0.6716 0.7386 -0.0585
vn -0.6438 0.7618 -0.0718
vn -0.5269 0.8496 0.0216
vn -0.5231 0.8520 0.0225
vn -0.4398 0.8941 0.0850
vn -0.4373 0.8951 0.0871
vn -0.4197 0.9074 0.0226
vn -0.4527 0.8904 0.0474
vn -0.4526 0.8904 0.0474
vn -0.6937 0.6710 0.2617
vn -0.6908 0.6723 0.2660
vn -0.6907 0.6723 0.2662
vn -0.2518 0.9594 0.1269
vn -0.2822 0.9465 0.1567
vn -0.2827 0.9464 0.1560
vn -0.0255 0.9965 -0.0798
vn -0.1568 0.8654 -0.4759
vn -0.1568 0.8654 -0.4760
vn -0.1801 0.8525 -0.4908
vn -0.1811 0.8568 -0.4829
vn -0.1800 0.8520 -0.4917
vn 0.2521 0.9036 -0.3463
vn -0.2058 0.8517 -0.4820
vn -0.2061 0.8502 -0.4844
vn -0.2057 0.8519 -0.4816
vn 0.0994 0.9950 -0.0046
vn -0.1732 0.8793 -0.4436
vn -0.2635 0.8815 -0.3919
vn -0.2915 0.8802 -0.3746
vn -0.0160 0.9928 -0.1190
vn -0.0165 0.9928 -0.1187
vn -0.0167 0.9928 -0.1186
vn 0.0349 0.9971 -0.0682
vn 0.0862 0.9961 -0.0177
vn -0.2130 0.9467 0.2418
vn -0.2388 0.9491 0.2054
vn -0.2388 0.9491 0.2055
vn -0.4447 0.8876 -0.1200
vn -0.4487 0.8860 -0.1171
vn -0.4489 0.8859 -0.1170
vn 0.3597 0.8737 -0.3275
vn 0.3980 0.8531 -0.3373
vn 0.3982 0.8533 -0.3365
vn 0.3982 0.8534 -0.3364
vn 0.0758 0.9656 -0.2488
vn 0.1863 0.9719 -0.1441
vn 0.2153 0.9649 -0.1500
vn 0.2090 0.9653 -0.1564
vn 0.2161 0.9649 -0.1493
vn -0.1743 0.9805 0.0911
vn 0.2253 0.9585 -0.1745
vn 0.2277 0.9583 -0.1730
vn 0.2249 0.9586 -0.1747
vn 0.1052 0.9850 0.1370
vn 0.1052 0.9850 0.1369
vn -0.0097 0.7884 0.6151
vn 0.0905 0.7678 0.6342
vn 0.1221 0.7596 0.6388
vn 0.1124 0.9488 0.2953
vn 0.1130 0.9487 0.2954
vn 0.1132 0.9486 0.2955
vn 0.1100 0.9679 0.2258
vn 0.1063 0.9821 0.1554
vn 0.0138 0.9982 0.0575
vn 0.0334 0.9947 0.0975
vn 0.2047 0.8800 0.4286
vn 0.2094 0.8801 0.4261
vn 0.2096 0.8801 0.4260
vn -0.2114 0.9727 0.0961
vn -0.2113 0.9727 0.0961
vn -0.1889 0.9803 0.0584
vn -0.1882 0.9804 0.0590
vn -0.3593 0.8669 0.3455
vn -0.2929 0.9471 -0.1312
vn -0.2871 0.9443 -0.1610
vn -0.2951 0.9424 -0.1573
vn -0.2862 0.9445 -0.1614
vn -0.1984 0.9366 0.2888
vn -0.3047 0.9354 -0.1796
vn -0.3026 0.9357 -0.1813
vn -0.3051 0.9353 -0.1794
vn 0.1634 0.9762 -0.1426
vn 0.4395 0.8497 0.2912
vn 0.5216 0.8204 0.2343
vn 0.5464 0.8093 0.2157
vn 0.2852 0.9578 -0.0365
vn 0.2857 0.9576 -0.0369
vn 0.2859 0.9575 -0.0370
vn 0.2323 0.9690 -0.0842
vn 0.1778 0.9754 -0.1306
vn 0.3308 0.9162 -0.2261
vn 0.3308 0.9162 -0.2260
vn 0.3542 0.9161 -0.1880
vn 0.5298 0.8347 0.1506
vn 0.5339 0.8325 0.1479
vn 0.5341 0.8324 0.1478
vn -0.3615 0.9235 -0.1283
vn -0.3614 0.9235 -0.1283
vn -0.3938 0.9063 -0.1536
vn -0.3932 0.9064 -0.1542
vn -0.3932 0.9064 -0.1543
vn -0.1242 0.9906 0.0574
vn 0.2515 0.9490 -0.1903
vn 0.2390 0.9463 -0.2180
vn 0.2344 0.9490 -0.2107
vn 0.2395 0.9459 -0.2188
vn 0.5197 0.8444 0.1300
vn 0.2129 0.9511 -0.2239
vn 0.2138 0.9503 -0.2264
vn 0.2128 0.9512 -0.2235
vn -0.4448 0.8906 0.0945
vn -0.1019 0.9468 -0.3052
vn -0.1715 0.9114 -0.3741
vn -0.1932 0.8981 -0.3950
vn -0.3813 0.9230 -0.0517
vn -0.3817 0.9228 -0.0521
vn -0.3819 0.9227 -0.0522
vn -0.4112 0.9115 0.0129
vn -0.4111 0.9115 0.0129
vn -0.4381 0.8955 0.0777
vn -0.3911 0.8028 -0.4501
vn -0.3561 0.8266 -0.4358
vn -0.0231 0.9591 -0.2820
vn -0.0206 0.9579 -0.2865
vn -0.0205 0.9578 -0.2867
vn -0.0097 0.9964 -0.0839
vn -0.0524 0.9940 -0.0962
vn -0.0521 0.9939 -0.0970
vn -0.0520 0.9939 -0.0971
vn 0.2816 0.9595 0.0112
vn -0.2951 0.9016 0.3164
vn -0.2951 0.9015 0.3164
vn -0.2675 0.9059 0.3285
vn -0.2696 0.9082 0.3200
vn -0.2672 0.9056 0.3294
vn -0.6694 0.6967 0.2579
vn -0.2461 0.9165 0.3155
vn -0.2449 0.9159 0.3179
vn -0.2463 0.9165 0.3151
vn -0.1567 0.9846 -0.0776
vn 0.3141 0.8992 -0.3046
vn 0.2696 0.8777 -0.3962
vn 0.2549 0.8689 -0.4243
vn -0.0349 0.9821 -0.1854
vn -0.0352 0.9819 -0.1859
vn -0.0353 0.9819 -0.1861
vn -0.0895 0.9863 -0.1384
vn -0.1429 0.9856 -0.0903
vn 0.2608 0.8770 0.4036
vn 0.2357 0.8974 0.3729
vn -0.0050 0.9966 0.0824
vn -0.0090 0.9963 0.0857
vn -0.0092 0.9963 0.0859
vn 0.0609 0.9905 0.1236
vn 0.0884 0.9835 0.1578
vn 0.0877 0.9835 0.1583
vn -0.1264 0.9845 -0.1217
vn -0.1286 0.9616 -0.2423
vn -0.1417 0.9529 -0.2683
vn -0.1463 0.9543 -0.2607
vn -0.1412 0.9527 -0.2692
vn 0.1864 0.9812 0.0507
vn -0.1682 0.9476 -0.2716
vn -0.1673 0.9470 -0.2742
vn -0.1683 0.9477 -0.2711
vn 0.1184 0.8884 0.4435
vn 0.5613 0.8112 0.1637
vn 0.5181 0.8518 0.0781
vn 0.5032 0.8627 0.0508
vn 0.2411 0.9094 0.3389
vn 0.2408 0.9097 0.3384
vn 0.2407 0.9098 0.3382
vn 0.1870 0.9033 0.3862
vn 0.1326 0.8921 0.4319
vn -0.2052 0.9785 0.0187
vn -0.1826 0.9830 -0.0195
vn 0.0212 0.9369 -0.3488
vn 0.0167 0.9361 -0.3514
vn 0.0165 0.9360 -0.3515
vn -0.2658 0.8565 0.4424
vn -0.2870 0.8327 0.4735
vn -0.2876 0.8328 0.4730
vn -0.2877 0.8328 0.4729
vn -0.1012 0.9727 0.2086
vn -0.1013 0.9728 0.2086
vn 0.0397 0.9971 -0.0651
vn 0.0396 0.9971 -0.0651
vn 0.0555 0.9943 -0.0910
vn 0.0466 0.9948 -0.0908
vn 0.0565 0.9942 -0.0910
vn -0.0418 0.9346 0.3531
vn -0.0418 0.9347 0.3531
vn 0.0449 0.9923 -0.1159
vn 0.0475 0.9921 -0.1165
vn 0.0444 0.9923 -0.1158
vn -0.2505 0.8528 -0.4583
vn -0.6800 0.7099 -0.1834
vn -0.6450 0.7579 -0.0978
vn -0.6325 0.7714 -0.0705
vn -0.3765 0.8554 -0.3557
vn -0.3763 0.8557 -0.3552
vn -0.3763 0.8558 -0.3551
vn -0.3215 0.8572 -0.4022
vn -0.2653 0.8543 -0.4471
vn -0.2653 0.8543 -0.4470
vn -0.0225 0.9899 0.1399
vn 0.0105 0.9855 0.1696
vn 0.0105 0.9855 0.1695
vn 0.2974 0.8648 0.4047
vn 0.3008 0.8654 0.4007
vn 0.3010 0.8655 0.4005
vn 0.0378 0.9944 0.0988
vn -0.0026 0.9931 0.1174
vn -0.0029 0.9932 0.1166
vn -0.0029 0.9932 0.1165
vn 0.3154 0.9485 -0.0282
vn -0.3146 0.9169 -0.2455
vn -0.2922 0.9287 -0.2286
vn -0.2912 0.9267 -0.2373
vn -0.2923 0.9289 -0.2276
vn -0.6639 0.6761 -0.3195
vn -0.2670 0.9340 -0.2374
vn -0.2667 0.9347 -0.2348
vn -0.2671 0.9339 -0.2378
vn -0.0782 0.9214 0.3807
vn -0.0576 0.9879 -0.1444
vn -0.1605 0.9751 -0.1532
vn -0.1927 0.9688 -0.1556
vn -0.1144 0.9667 0.2288
vn -0.1150 0.9667 0.2287
vn -0.1153 0.9666 0.2287
vn -0.0991 0.9497 0.2971
vn -0.0826 0.9279 0.3637
vn 0.1220 0.9795 -0.1601
vn 0.1350 0.9838 -0.1176
vn 0.2410 0.9365 0.2548
vn 0.2459 0.9356 0.2532
vn 0.2461 0.9356 0.2531
vn 0.3263 0.9218 0.2096
vn 0.3262 0.9218 0.2096
vn 0.3121 0.9348 0.1695
vn 0.3128 0.9346 0.1692
vn 0.3129 0.9346 0.1692
vn 0.4001 0.7835 0.4754
vn -0.0913 0.9593 0.2672
vn -0.0613 0.9629 0.2629
vn -0.0674 0.9642 0.2564
vn -0.0606 0.9627 0.2636
vn -0.4436 0.7812 0.4392
vn -0.0495 0.9697 0.2394
vn -0.0473 0.9694 0.2409
vn -0.0499 0.9697 0.2391
vn -0.1866 0.9772 -0.1012
vn 0.3404 0.9380 -0.0660
vn 0.3492 0.9218 -0.1684
vn 0.3512 0.9146 -0.2005
vn -0.0278 0.9906 -0.1336
vn -0.0278 0.9906 -0.1342
vn -0.0278 0.9905 -0.1344
vn -0.0986 0.9879 -0.1201
vn -0.1685 0.9801 -0.1052
vn -0.1685 0.9801 -0.1051
vn 0.2968 0.9021 0.3132
vn 0.2606 0.9039 0.3392
vn -0.0684 0.8397 0.5387
vn -0.0655 0.8375 0.5425
vn -0.0654 0.8374 0.5427
vn -0.1158 0.9931 0.0153
vn -0.1158 0.9932 0.0154
vn -0.1570 0.9871 0.0312
vn -0.1572 0.9871 0.0304
vn -0.1572 0.9871 0.0303
vn 0.1746 0.9807 -0.0884
vn 0.1746 0.9807 -0.0885
vn -0.0427 0.9991 -0.0040
vn -0.0124 0.9999 -0.0010
vn -0.0165 0.9998 -0.0090
vn -0.0119 0.9999 -0.0001
vn -0.4444 0.8895 0.1061
vn 0.0054 0.9998 -0.0215
vn 0.0072 0.9998 -0.0194
vn 0.0051 0.9997 -0.0218
vn -0.6212 0.7835 0.0138
vn -0.2466 0.8952 0.3711
vn -0.1849 0.9364 0.2982
vn -0.1649 0.9474 0.2744
vn -0.5026 0.8593 0.0953
vn -0.5023 0.8595 0.0949
vn -0.5021 0.8596 0.0947
vn -0.5568 0.8285 0.0590
vn -0.5568 0.8286 0.0590
vn -0.6083 0.7934 0.0231
vn 0.1533 0.8760 -0.4573
vn 0.1091 0.8798 -0.4627
vn -0.2790 0.8412 -0.4632
vn -0.2792 0.8436 -0.4586
vn -0.2792 0.8438 -0.4584
vn -0.0347 0.9974 0.0630
vn -0.0347 0.9974 0.0629
vn -0.0667 0.9934 0.0937
vn -0.0671 0.9934 0.0931
vn -0.0672 0.9934 0.0931
vn 0.1898 0.9707 -0.1471
vn 0.1898 0.9707 -0.1472
vn 0.1071 0.8637 -0.4926
vn 0.1071 0.8636 -0.4926
vn 0.1335 0.8681 -0.4780
vn 0.1329 0.8638 -0.4859
vn 0.1336 0.8686 -0.4771
vn -0.3165 0.7919 -0.5221
vn -0.3165 0.7920 -0.5221
vn -0.3165 0.7919 -0.5222
vn 0.1577 0.8594 -0.4864
vn 0.1585 0.8605 -0.4841
vn 0.1576 0.8592 -0.4868
vn -0.0487 0.9888 -0.1409
vn 0.0221 0.9247 0.3801
vn 0.1255 0.9210 0.3687
vn 0.1579 0.9178 0.3643
vn 0.0117 0.9999 0.0097
vn 0.0122 0.9999 0.0097
vn 0.0124 0.9999 0.0096
vn -0.0147 0.9982 -0.0574
vn -0.0417 0.9914 -0.1237
vn -0.0860 0.8100 -0.5801
vn -0.0561 0.8306 -0.5541
vn -0.0561 0.8305 -0.5541
vn 0.2101 0.9342 -0.2885
vn 0.2139 0.9323 -0.2916
vn 0.2140 0.9322 -0.2918
vn 0.0058 0.9704 0.2413
vn -0.0001 0.9589 0.2838
vn -0.0009 0.9589 0.2836
vn -0.0010 0.9589 0.2836
vn 0.0519 0.9967 -0.0628
vn -0.2126 0.9478 -0.2375
vn -0.2126 0.9479 -0.2375
vn -0.2339 0.9480 -0.2157
vn -0.2254 0.9504 -0.2142
vn -0.2349 0.9477 -0.2159
vn -0.0174 0.8046 -0.5936
vn -0.2298 0.9546 -0.1897
vn -0.2325 0.9540 -0.1896
vn -0.2293 0.9547 -0.1897
vn -0.0831 0.9081 0.4104
vn -0.0830 0.9081 0.4104
vn 0.3645 0.9224 0.1277
vn 0.3128 0.9489 0.0413
vn 0.2957 0.9552 0.0139
vn 0.0312 0.9523 0.3035
vn 0.0309 0.9525 0.3030
vn 0.0308 0.9525 0.3029
vn -0.0198 0.9359 0.3518
vn -0.0700 0.9145 0.3986
vn -0.0862 0.9963 0.0040
vn -0.0459 0.9987 0.0230
vn -0.0459 0.9987 0.0231
vn 0.3063 0.9351 0.1782
vn 0.3084 0.9353 0.1733
vn 0.3085 0.9353 0.1730
vn -0.2499 0.8858 -0.3911
vn -0.2094 0.8880 -0.4094
vn -0.2092 0.8884 -0.4087
vn -0.2092 0.8884 -0.4086
vn -0.5161 0.8193 -0.2497
vn 0.0062 0.9924 0.1230
vn 0.0351 0.9929 0.1132
vn 0.0280 0.9938 0.1077
vn 0.0359 0.9928 0.1139
vn -0.3185 0.8694 0.3778
vn 0.0428 0.9953 0.0873
vn 0.0453 0.9950 0.0885
vn 0.0424 0.9953 0.0871
vn 0.2299 0.9221 -0.3112
vn -0.0587 0.9901 0.1277
vn 0.0256 0.9818 0.1882
vn 0.0523 0.9770 0.2069
vn 0.1818 0.9697 -0.1633
vn 0.1823 0.9696 -0.1629
vn 0.1825 0.9696 -0.1628
vn 0.2042 0.9517 -0.2294
vn 0.2248 0.9289 -0.2945
vn 0.1814 0.9728 -0.1441
vn 0.2248 0.9646 -0.1377
vn 0.5787 0.8118 -0.0781
vn 0.5791 0.8110 -0.0833
vn 0.5791 0.8109 -0.0835
vn -0.2337 0.9360 0.2633
vn -0.2338 0.9360 0.2633
vn -0.2404 0.9215 0.3049
vn -0.2412 0.9214 0.3046
vn -0.2413 0.9214 0.3046
vn -0.1693 0.9850 -0.0345
vn -0.1692 0.9850 -0.0345
vn -0.2699 0.9097 -0.3157
vn -0.2555 0.9043 -0.3420
vn -0.2642 0.9023 -0.3406
vn -0.2545 0.9045 -0.3421
vn -0.3035 0.9462 0.1121
vn -0.3034 0.9462 0.1121
vn -0.2665 0.8925 -0.3638
vn -0.2639 0.8929 -0.3648
vn -0.2669 0.8925 -0.3637
vn -0.1045 0.9733 0.2041
vn 0.3710 0.9283 -0.0248
vn 0.3294 0.9365 -0.1198
vn 0.3155 0.9370 -0.1497
vn 0.0216 0.9944 0.1036
vn 0.0213 0.9944 0.1031
vn 0.0213 0.9945 0.1029
vn -0.0347 0.9883 0.1483
vn -0.0901 0.9771 0.1927
vn 0.4062 0.9064 0.1157
vn 0.3661 0.9217 0.1281
vn -0.0068 0.9731 0.2304
vn -0.0055 0.9719 0.2354
vn -0.0054 0.9718 0.2356
vn -0.3598 0.9315 0.0526
vn -0.3470 0.9378 0.0104
vn -0.3463 0.9381 0.0108
vn -0.3462 0.9381 0.0108
vn -0.4335 0.8359 0.3367
vn 0.1742 0.9224 -0.3448
vn 0.1742 0.9224 -0.3447
vn 0.1441 0.9267 -0.3472
vn 0.1487 0.9287 -0.3398
vn 0.1436 0.9264 -0.3481
vn 0.5487 0.7233 -0.4191
vn 0.5487 0.7233 -0.4192
vn 0.1279 0.9361 -0.3275
vn 0.1260 0.9357 -0.3295
vn 0.1282 0.9362 -0.3272
vn -0.0471 0.9834 -0.1752
vn 0.4664 0.8589 -0.2114
vn 0.4563 0.8334 -0.3118
vn 0.4521 0.8234 -0.3429
vn 0.1047 0.9673 -0.2311
vn 0.1047 0.9671 -0.2317
vn 0.1047 0.9671 -0.2319
vn 0.0374 0.9775 -0.2074
vn -0.0297 0.9829 -0.1820
vn -0.2569 0.9465 0.1952
vn -0.2213 0.9496 0.2219
vn 0.1067 0.8981 0.4267
vn 0.1095 0.8997 0.4225
vn 0.1096 0.8998 0.4223
vn -0.0870 0.9228 -0.3754
vn -0.0740 0.9068 -0.4149
vn -0.0731 0.9070 -0.4146
vn -0.0731 0.9071 -0.4146
vn -0.1775 0.9803 -0.0860
vn -0.1776 0.9803 -0.0861
vn 0.0605 0.9600 0.2734
vn 0.0732 0.9512 0.2997
vn 0.0780 0.9531 0.2924
vn 0.0727 0.9510 0.3006
vn -0.2448 0.9691 -0.0301
vn -0.2449 0.9691 -0.0300
vn 0.0998 0.9475 0.3039
vn 0.0989 0.9468 0.3064
vn 0.0999 0.9476 0.3035
vn 0.0399 0.9330 -0.3577
vn 0.1715 0.9731 0.1537
vn 0.2715 0.9532 0.1328
vn 0.3026 0.9448 0.1259
vn 0.1204 0.9679 -0.2208
vn 0.1210 0.9677 -0.2209
vn 0.1212 0.9677 -0.2210
vn 0.0854 0.9554 -0.2826
vn 0.0494 0.9383 -0.3424
vn 0.0494 0.9382 -0.3424
vn 0.1202 0.9923 0.0308
vn 0.1212 0.9925 -0.0138
vn 0.1133 0.9115 -0.3953
vn 0.1080 0.9122 -0.3953
vn 0.1077 0.9122 -0.3953
vn -0.3426 0.9392 0.0219
vn -0.3249 0.9437 0.0624
vn -0.3256 0.9434 0.0627
vn -0.3257 0.9434 0.0627
vn -0.4403 0.8594 -0.2598
vn -0.2525 0.8607 0.4420
vn -0.2526 0.8607 0.4420
vn -0.2603 0.8451 0.4670
vn -0.2521 0.8483 0.4656
vn -0.2613 0.8447 0.4671
vn -0.2665 0.9635 0.0240
vn -0.2436 0.8386 0.4873
vn -0.2459 0.8374 0.4882
vn -0.2432 0.8388 0.4871
vn -0.0090 0.9878 -0.1556
vn 0.0636 0.9286 0.3657
vn 0.1666 0.9205 0.3536
vn 0.1989 0.9158 0.3489
vn 0.0531 0.9986 -0.0057
vn 0.0537 0.9985 -0.0058
vn 0.0539 0.9985 -0.0058
vn 0.0261 0.9970 -0.0725
vn -0.0017 0.9904 -0.1386
vn 0.2218 0.9000 0.3753
vn 0.2641 0.8867 0.3795
vn 0.6065 0.6998 0.3774
vn 0.6074 0.7016 0.3726
vn 0.6074 0.7017 0.3724
vn -0.1106 0.9311 0.3475
vn -0.1397 0.9155 0.3773
vn -0.1403 0.9157 0.3766
vn -0.1404 0.9157 0.3766
vn 0.0998 0.9867 0.1286
vn 0.0997 0.9867 0.1285
vn -0.0777 0.9424 -0.3252
vn -0.0652 0.9339 -0.3516
vn -0.0740 0.9338 -0.3501
vn -0.0642 0.9339 -0.3518
vn -0.0957 0.9901 0.1024
vn -0.0788 0.9244 -0.3731
vn -0.0762 0.9242 -0.3741
vn -0.0793 0.9245 -0.3729
vn -0.0421 0.9973 -0.0594
vn 0.0014 0.8893 0.4572
vn 0.1052 0.8863 0.4511
vn 0.1379 0.8833 0.4481
vn 0.0103 0.9955 0.0945
vn 0.0109 0.9955 0.0945
vn 0.0111 0.9955 0.0944
vn -0.0125 0.9996 0.0262
vn -0.0360 0.9985 -0.0418
vn 0.3560 0.9200 -0.1637
vn 0.3522 0.9126 -0.2075
vn 0.2828 0.7746 -0.5657
vn 0.2779 0.7766 -0.5654
vn 0.2777 0.7767 -0.5654
vn 0.1144 0.9740 -0.1956
vn 0.1143 0.9740 -0.1955
vn 0.1560 0.9712 -0.1801
vn 0.1557 0.9714 -0.1794
vn 0.1556 0.9714 -0.1793
vn -0.1752 0.9389 -0.2963
vn 0.0545 0.9890 0.1378
vn 0.0775 0.9900 0.1177
vn 0.0688 0.9909 0.1153
vn 0.0785 0.9899 0.1180
vn -0.1482 0.8568 0.4940
vn 0.0746 0.9931 0.0909
vn 0.0774 0.9928 0.0910
vn 0.0742 0.9931 0.0908
vn 0.3131 0.9104 -0.2704
vn -0.2049 0.9019 -0.3804
vn -0.2291 0.9312 -0.2835
vn -0.2363 0.9384 -0.2521
vn 0.1552 0.9488 -0.2752
vn 0.1551 0.9490 -0.2746
vn 0.1550 0.9490 -0.2744
vn 0.2259 0.9349 -0.2735
vn 0.2259 0.9350 -0.2735
vn 0.2953 0.9161 -0.2712
vn 0.2953 0.9161 -0.2713
vn 0.0060 0.9995 -0.0301
vn 0.0316 0.9995 0.0065
vn 0.0315 0.9995 0.0065
vn 0.2532 0.9144 0.3160
vn 0.2575 0.9143 0.3128
vn 0.2577 0.9142 0.3127
vn -0.0653 0.9755 0.2101
vn -0.1061 0.9682 0.2265
vn -0.1063 0.9684 0.2257
vn 0.2198 0.9712 0.0919
vn 0.2198 0.9712 0.0920
vn -0.2614 0.9416 -0.2121
vn -0.2327 0.9503 -0.2067
vn -0.2357 0.9478 -0.2149
vn -0.2324 0.9506 -0.2058
vn -0.6399 0.7596 -0.1167
vn -0.2128 0.9508 -0.2251
vn -0.2113 0.9517 -0.2229
vn -0.2130 0.9507 -0.2255
vn -0.2681 0.9596 0.0853
vn -0.0912 0.8203 0.5646
vn 0.0070 0.8427 0.5383
vn 0.0382 0.8479 0.5288
vn -0.1844 0.9568 0.2247
vn -0.1838 0.9570 0.2245
vn -0.1836 0.9570 0.2245
vn -0.2219 0.9613 0.1632
vn -0.2587 0.9606 0.1015
vn 0.2259 0.9438 -0.2412
vn 0.2062 0.9374 -0.2808
vn 0.2063 0.9373 -0.2808
vn 0.0146 0.8047 -0.5935
vn 0.0100 0.8064 -0.5913
vn 0.0098 0.8064 -0.5912
vn 0.0342 0.9994 -0.0078
vn 0.0408 0.9985 0.0363
vn 0.0399 0.9985 0.0363
vn 0.0398 0.9985 0.0363
vn -0.0067 0.9508 -0.3098
vn -0.0992 0.8714 0.4804
vn -0.0962 0.8566 0.5069
vn -0.0893 0.8600 0.5024
vn -0.0970 0.8562 0.5074
vn -0.2750 0.9566 0.0966
vn -0.2749 0.9566 0.0966
vn -0.0727 0.8514 0.5195
vn -0.0744 0.8501 0.5213
vn -0.0724 0.8516 0.5192
vn 0.1902 0.9817 -0.0092
vn 0.1902 0.9817 -0.0093
vn -0.3355 0.9402 -0.0583
vn -0.3480 0.9364 0.0450
vn -0.3512 0.9331 0.0776
vn 0.0305 0.9994 0.0156
vn 0.0304 0.9994 0.0163
vn 0.0304 0.9994 0.0165
vn 0.1016 0.9948 0.0051
vn 0.1720 0.9851 -0.0063
vn -0.2214 0.9180 -0.3291
vn -0.2638 0.9049 -0.3341
vn -0.6059 0.7178 -0.3429
vn -0.6068 0.7194 -0.3380
vn -0.6069 0.7194 -0.3378
vn 0.1346 0.9851 0.1070
vn 0.1058 0.9917 0.0737
vn 0.1064 0.9916 0.0732
vn 0.1065 0.9916 0.0732
vn 0.3202 0.8868 0.3332
vn 0.3201 0.8868 0.3332
vn 0.1755 0.9616 0.2109
vn 0.2054 0.9564 0.2077
vn 0.2001 0.9589 0.2010
vn 0.2060 0.9561 0.2085
vn -0.2174 0.9006 0.3764
vn 0.2192 0.9581 0.1845
vn 0.2213 0.9573 0.1861
vn 0.2189 0.9582 0.1842
vn -0.1786 0.9730 0.1462
vn -0.5314 0.8187 -0.2174
vn -0.5985 0.7881 -0.1439
vn -0.6184 0.7766 -0.1203
vn -0.3186 0.9454 0.0682
vn -0.3190 0.9453 0.0686
vn -0.3191 0.9452 0.0688
vn -0.2576 0.9607 0.1035
vn -0.1951 0.9711 0.1375
vn 0.0457 0.9233 -0.3813
vn 0.0457 0.9233 -0.3812
vn 0.0011 0.9243 -0.3817
vn -0.3816 0.8566 -0.3474
vn -0.3814 0.8586 -0.3426
vn -0.3814 0.8587 -0.3424
vn 0.1385 0.9903 0.0098
vn 0.0976 0.9952 -0.0072
vn 0.0980 0.9952 -0.0079
vn 0.0980 0.9951 -0.0080
vn 0.4085 0.9033 0.1314
vn 0.4085 0.9033 0.1315
vn 0.0261 0.9368 -0.3490
vn -0.0008 0.9420 -0.3356
vn 0.0071 0.9434 -0.3315
vn -0.0017 0.9418 -0.3361
vn 0.3002 0.7326 -0.6109
vn 0.3003 0.7326 -0.6109
vn -0.0043 0.9507 -0.3102
vn -0.0069 0.9504 -0.3109
vn -0.0038 0.9507 -0.3101
vn -0.0968 0.9921 -0.0794
vn -0.2650 0.7973 -0.5422
vn -0.3613 0.7838 -0.5051
vn -0.3910 0.7777 -0.4922
vn -0.1889 0.9594 -0.2093
vn -0.1895 0.9594 -0.2091
vn -0.1897 0.9593 -0.2090
vn -0.1489 0.9771 -0.1520
vn -0.1076 0.9897 -0.0945
vn -0.0747 0.9741 0.2135
vn -0.1076 0.9643 0.2420
vn -0.3759 0.7980 0.4711
vn -0.3722 0.7975 0.4749
vn -0.3720 0.7974 0.4751
vn 0.0563 0.9805 -0.1882
vn 0.0186 0.9861 -0.1652
vn 0.0182 0.9860 -0.1660
vn 0.3150 0.8898 -0.3300
vn 0.3151 0.8899 -0.3300
vn 0.1952 0.9691 -0.1511
vn 0.2247 0.9622 -0.1542
vn 0.2190 0.9623 -0.1611
vn 0.2253 0.9621 -0.1534
vn -0.1850 0.9814 0.0509
vn 0.2368 0.9552 -0.1775
vn 0.2390 0.9550 -0.1758
vn 0.2365 0.9552 -0.1777
vn -0.5416 0.8384 0.0609
vn -0.0507 0.9780 0.2025
vn -0.0234 0.9944 0.1034
vn -0.0147 0.9973 0.0718
vn -0.3982 0.9148 0.0677
vn -0.3981 0.9149 0.0671
vn -0.3980 0.9149 0.0669
vn -0.4633 0.8839 0.0645
vn -0.5258 0.8484 0.0617
vn 0.1525 0.8231 -0.5470
vn 0.1169 0.8415 -0.5274
vn -0.1943 0.9307 -0.3098
vn -0.1910 0.9327 -0.3061
vn -0.1908 0.9327 -0.3059
vn -0.0264 0.9985 -0.0476
vn -0.0238 0.9955 -0.0919
vn -0.0230 0.9955 -0.0918
vn -0.0229 0.9955 -0.0918
vn -0.0487 0.9648 0.2584
vn -0.1002 0.9721 -0.2120
vn -0.1002 0.9721 -0.2119
vn -0.1188 0.9647 -0.2349
vn -0.1217 0.9664 -0.2266
vn -0.1185 0.9645 -0.2358
vn 0.2669 0.9636 0.0130
vn 0.2669 0.9636 0.0131
vn -0.1457 0.9615 -0.2329
vn -0.1454 0.9609 -0.2356
vn -0.1457 0.9616 -0.2325
vn 0.2041 0.9136 -0.3518
vn 0.3734 0.9155 0.1500
vn 0.4659 0.8764 0.1222
vn 0.4941 0.8620 0.1131
vn 0.2985 0.9286 -0.2204
vn 0.2991 0.9284 -0.2205
vn 0.2993 0.9283 -0.2206
vn 0.2579 0.9248 -0.2798
vn 0.2153 0.9165 -0.3372
vn -0.3795 0.9236 -0.0537
vn -0.3416 0.9392 -0.0359
vn -0.3416 0.9392 -0.0360
vn 0.0146 0.9934 0.1134
vn 0.0165 0.9940 0.1085
vn 0.0166 0.9940 0.1083
vn -0.2792 0.9521 -0.1246
vn -0.3008 0.9399 -0.1615
vn -0.3001 0.9401 -0.1619
vn -0.3000 0.9401 -0.1620
vn -0.1211 0.9829 0.1387
vn -0.1210 0.9829 0.1386
vn 0.4600 0.8854 -0.0665
vn 0.4734 0.8799 -0.0397
vn 0.4770 0.8776 -0.0476
vn 0.4730 0.8802 -0.0388
vn 0.1266 0.9337 -0.3348
vn 0.4970 0.8670 -0.0364
vn 0.4964 0.8674 -0.0337
vn 0.4971 0.8669 -0.0368
vn -0.1787 0.8889 -0.4219
vn -0.1787 0.8888 -0.4219
vn -0.6468 0.7252 -0.2360
vn -0.6272 0.7658 -0.1422
vn -0.6196 0.7769 -0.1121
vn -0.3202 0.8834 -0.3422
vn -0.3201 0.8836 -0.3416
vn -0.3201 0.8837 -0.3414
vn -0.2582 0.8889 -0.3784
vn -0.1952 0.8895 -0.4132
vn 0.1746 0.9603 0.2175
vn 0.1633 0.9708 0.1756
vn 0.1634 0.9708 0.1756
vn 0.0465 0.9794 -0.1964
vn 0.0414 0.9800 -0.1947
vn 0.0412 0.9800 -0.1947
vn 0.2425 0.9691 0.0458
vn 0.2425 0.9691 0.0457
vn 0.2042 0.9786 0.0252
vn 0.2046 0.9785 0.0245
vn 0.2047 0.9785 0.0244
vn 0.4890 0.8515 0.1896
vn -0.2567 0.9595 -0.1161
vn -0.2568 0.9595 -0.1161
vn -0.2472 0.9650 -0.0877
vn -0.2418 0.9657 -0.0950
vn -0.2478 0.9649 -0.0869
vn -0.4919 0.7633 -0.4189
vn -0.2218 0.9717 -0.0807
vn -0.2230 0.9717 -0.0782
vn -0.2217 0.9717 -0.0811
vn -0.2347 0.9677 -0.0921
vn -0.5227 0.7917 0.3160
vn -0.4449 0.8097 0.3827
vn -0.4192 0.8135 0.4030
vn -0.3002 0.9522 0.0559
vn -0.2998 0.9523 0.0563
vn -0.2996 0.9524 0.0564
vn -0.2717 0.9623 -0.0095
vn -0.2425 0.9672 -0.0751
vn 0.2067 0.9696 -0.1308
vn 0.2500 0.9590 -0.1336
vn 0.5991 0.7860 -0.1527
vn 0.5984 0.7855 -0.1579
vn 0.5984 0.7854 -0.1582
vn 0.2884 0.9543 0.0789
vn 0.2999 0.9533 0.0359
vn 0.3006 0.9531 0.0361
vn 0.3006 0.9531 0.0362
vn 0.1886 0.9106 0.3677
vn 0.1886 0.9106 0.3676
vn -0.3627 0.9279 -0.0861
vn -0.3493 0.9301 -0.1134
vn -0.3577 0.9271 -0.1122
vn -0.3484 0.9305 -0.1135
vn -0.3763 0.8621 0.3393
vn -0.3605 0.9227 -0.1370
vn -0.3580 0.9235 -0.1379
vn -0.3609 0.9225 -0.1368
vn -0.0835 0.8646 0.4955
vn -0.4148 0.9060 0.0843
vn -0.4915 0.8600 0.1375
vn -0.5147 0.8434 0.1540
vn -0.2176 0.8874 0.4063
vn -0.2180 0.8872 0.4066
vn -0.2182 0.8871 0.4067
vn -0.1590 0.8800 0.4476
vn -0.0992 0.8684 0.4859
vn 0.0039 0.9886 -0.1507
vn 0.0472 0.9859 -0.1608
vn 0.0472 0.9858 -0.1608
vn 0.4135 0.8781 -0.2409
vn 0.4121 0.8773 -0.2459
vn 0.4120 0.8773 -0.2461
vn -0.0299 0.9333 0.3578
vn -0.0729 0.9271 0.3678
vn -0.0730 0.9273 0.3670
vn -0.0730 0.9274 0.3670
vn 0.2674 0.9233 0.2756
vn -0.1215 0.9916 0.0454
vn -0.1216 0.9915 0.0454
vn -0.1118 0.9936 0.0166
vn -0.1204 0.9925 0.0188
vn -0.1108 0.9937 0.0164
vn -0.0945 0.8823 0.4611
vn -0.0944 0.8823 0.4611
vn -0.1275 0.9918 -0.0054
vn -0.1251 0.9921 -0.0067
vn -0.1279 0.9918 -0.0052
vn -0.1217 0.9620 -0.2444
vn -0.3893 0.6892 -0.6111
vn -0.4744 0.6863 -0.5513
vn -0.5004 0.6838 -0.5311
vn -0.2407 0.9086 -0.3414
vn -0.2412 0.9086 -0.3411
vn -0.2414 0.9086 -0.3409
vn -0.1889 0.9353 -0.2991
vn -0.1356 0.9571 -0.2559
vn -0.0296 0.9844 0.1735
vn 0.0110 0.9878 0.1553
vn 0.0109 0.9878 0.1553
vn 0.3553 0.9345 -0.0201
vn 0.3529 0.9353 -0.0247
vn 0.3528 0.9354 -0.0250
vn 0.1614 0.9138 -0.3728
vn 0.1206 0.9126 -0.3907
vn 0.1210 0.9123 -0.3913
vn 0.1210 0.9122 -0.3914
vn 0.4294 0.8747 -0.2249
vn 0.4294 0.8747 -0.2248
vn -0.1489 0.9704 -0.1900
vn -0.1772 0.9638 -0.1990
vn -0.1751 0.9659 -0.1905
vn -0.1775 0.9636 -0.2000
vn 0.2807 0.9399 -0.1945
vn -0.1990 0.9628 -0.1828
vn -0.2002 0.9621 -0.1852
vn -0.1988 0.9629 -0.1824
vn -0.1587 0.8547 0.4943
vn 0.1037 0.9931 0.0556
vn 0.0153 0.9999 0.0011
vn -0.0128 0.9998 -0.0162
vn -0.1179 0.9275 0.3548
vn -0.1184 0.9275 0.3545
vn -0.1186 0.9275 0.3544
vn -0.1369 0.8981 0.4179
vn -0.1368 0.8981 0.4179
vn -0.1543 0.8642 0.4788
vn -0.1543 0.8642 0.4789
vn -0.0776 0.9879 -0.1343
vn -0.0484 0.9846 -0.1678
vn 0.2010 0.8722 -0.4459
vn 0.1969 0.8715 -0.4491
vn 0.1967 0.8715 -0.4493
vn 0.1029 0.9623 0.2518
vn 0.1029 0.9623 0.2519
vn 0.1355 0.9657 0.2217
vn 0.1360 0.9654 0.2224
vn 0.1361 0.9654 0.2224
vn -0.1302 0.8884 0.4401
vn 0.0008 0.9948 -0.1016
vn -0.0273 0.9956 -0.0899
vn -0.0199 0.9962 -0.0849
vn -0.0282 0.9955 -0.0905
vn 0.3053 0.8729 -0.3807
vn 0.3052 0.8729 -0.3807
vn -0.0333 0.9974 -0.0635
vn -0.0358 0.9973 -0.0644
vn -0.0328 0.9975 -0.0633
vn 0.2382 0.9671 -0.0893
vn -0.2841 0.9588 -0.0024
vn -0.2701 0.9575 0.1008
vn -0.2651 0.9550 0.1332
vn 0.0914 0.9955 -0.0254
vn 0.0915 0.9955 -0.0248
vn 0.0915 0.9955 -0.0246
vn 0.1572 0.9861 -0.0535
vn 0.2216 0.9717 -0.0819
vn 0.2149 0.9045 -0.3684
vn 0.2149 0.9045 -0.3683
vn 0.2581 0.8952 -0.3633
vn 0.2580 0.8956 -0.3625
vn 0.2580 0.8956 -0.3624
vn -0.0928 0.9166 -0.3889
vn 0.2538 0.9670 -0.0213
vn 0.2827 0.9589 -0.0266
vn 0.2767 0.9604 -0.0332
vn 0.2833 0.9587 -0.0258
vn -0.1183 0.9736 0.1954
vn 0.2936 0.9546 -0.0511
vn 0.2958 0.9540 -0.0495
vn 0.2933 0.9547 -0.0513
vn 0.0661 0.9976 0.0189
vn -0.3800 0.8916 -0.2461
vn -0.4349 0.8865 -0.1579
vn -0.4514 0.8829 -0.1295
vn -0.0898 0.9956 -0.0273
vn -0.0901 0.9956 -0.0268
vn -0.0902 0.9956 -0.0266
vn -0.0209 0.9998 -0.0064
vn 0.0481 0.9987 0.0137
vn -0.8145 0.2801 0.5080
vn -0.7916 0.3543 0.4979
vn -0.6940 0.5777 0.4298
vn 0.7232 0.3276 0.6080
vn 0.5400 0.0138 0.8415
vn 0.9262 0.3748 0.0404
vn 0.3506 0.9323 -0.0888
vn -0.8250 -0.0118 -0.5650
vn -0.7128 0.3681 0.5971
vn -0.4807 0.3687 -0.7956
vn 0.7252 0.2438 -0.6439
vn 0.5132 0.8372 -0.1891
vn 0.2021 0.6233 -0.7554
vn 0.6954 0.7089 0.1180
vn -0.4401 0.5375 -0.7193
vn -0.5678 0.0581 -0.8211
vn -0.6045 0.7870 0.1229
vn 0.9462 -0.0961 -0.3089
vn 0.9558 0.1090 -0.2729
vn 0.9401 0.2363 0.2458
vn 0.9265 0.3077 0.2166
vn 0.8389 0.5286 0.1295
vn 0.0383 0.0861 -0.9956
vn 0.2955 -0.2529 -0.9213
vn -0.9355 0.2397 0.2596
vn -0.8227 0.5659 -0.0544
vn -0.7515 0.3508 -0.5588
vn 0.7339 0.6789 -0.0215
vn 0.4171 0.8701 0.2627
vn 0.3586 0.5812 0.7305
vn 0.5551 0.3362 0.7608
vn 0.3618 0.7239 0.5875
vn -0.1866 0.7300 0.6575
vn 0.4082 0.9123 -0.0313
vn -0.0115 0.9874 0.1580
vn -0.0581 0.7523 0.6563
vn 0.5900 0.8063 0.0421
vn 0.1947 0.9703 -0.1436
vn -0.2256 0.9502 0.2151
vn 0.6805 0.5155 0.5208
vn 0.3698 0.8405 0.3960
vn -0.1209 0.7605 0.6380
vn -0.9740 -0.0460 0.2219
vn -0.8699 0.4049 0.2815
vn -0.7344 0.6500 -0.1952
vn 0.5342 0.6248 0.5694
vn 0.2806 0.9110 0.3021
vn -0.2596 0.8727 0.4136
vn -0.2248 0.6668 0.7106
vn -0.0997 0.9322 0.3478
vn -0.4556 0.8872 -0.0731
vn 0.1162 0.7376 0.6652
vn -0.3164 0.8040 0.5035
vn -0.6555 0.3911 0.6460
vn -0.9557 0.1970 -0.2188
vn -0.8410 0.4825 -0.2448
vn -0.1610 0.2189 0.9624
vn 0.2632 0.9450 -0.1940
vn 0.7538 0.6562 -0.0347
vn -0.8473 0.5300 0.0352
vn 0.5460 0.7906 0.2771
vn -0.4175 0.8778 -0.2350
vn -0.0096 0.6204 0.7842
vn 0.8020 0.5811 0.1381
vn 0.0403 0.8793 0.4745
vn -0.4308 0.4272 -0.7949
vn -0.4690 0.8752 0.1188
vn -0.5863 0.6752 -0.4476
vn 0.8837 0.3491 -0.3117
vn 0.2563 0.7333 0.6298
vn -0.8062 0.2870 0.5173
vn 0.2272 0.7777 -0.5862
vn -0.7881 0.4915 -0.3707
vn 0.8246 0.5643 -0.0403
vn -0.3512 0.3495 0.8686
vn -0.0376 0.6901 0.7228
vn -0.6368 0.6654 -0.3894
vn 0.3267 0.4769 0.8160
vn 0.3248 0.6446 0.6921
vn 0.8290 0.2257 0.5117
vn 0.8113 0.3012 0.5011
vn 0.7115 0.5303 0.4610
vn 0.2205 0.3861 -0.8957
vn 0.5044 0.0624 -0.8612
vn 0.4025 0.9105 0.0942
vn 0.0115 0.9377 0.3473
vn 0.0306 0.6097 0.7921
vn -0.0352 0.8382 0.5443
vn -0.1865 0.9745 0.1245
vn -0.6707 0.7417 -0.0059
vn 0.4353 0.5116 0.7408
vn 0.1522 0.8255 0.5435
vn -0.3806 0.6940 0.6112
vn -0.3597 0.3572 -0.8620
vn 0.0574 0.5629 -0.8245
vn 0.4712 0.1979 -0.8595
vn 0.7549 0.3573 -0.5499
vn 0.5678 0.7403 -0.3601
vn 0.6326 0.7511 0.1889
vn -0.0636 0.8716 -0.4860
vn 0.1003 0.9927 -0.0663
vn 0.6084 0.7933 0.0220
vn 0.1688 0.4961 0.8517
vn -0.0326 0.8156 0.5777
vn -0.5584 0.6877 0.4640
vn -0.4575 0.8050 0.3776
vn -0.4994 0.8623 -0.0835
vn -0.8229 0.4757 -0.3108
vn 0.0442 0.7175 -0.6952
vn 0.1537 0.9413 -0.3007
vn 0.6351 0.7670 -0.0916
vn 0.0179 0.1248 -0.9920
vn 0.1234 0.5484 -0.8271
vn 0.6112 0.5526 -0.5667
vn -0.9136 0.3859 -0.1281
vn -0.7614 0.6456 -0.0593
vn -0.1619 -0.0924 0.9825
vn -0.4300 0.4181 -0.8002
vn -0.5459 0.8057 -0.2300
vn 0.3197 0.6235 0.7135
vn -0.7565 0.0363 -0.6529
vn 0.3797 0.6029 0.7016
vn -0.6821 0.3713 -0.6300
vn -0.8595 0.1329 -0.4935
vn 0.5619 0.5719 0.5976
vn 0.6473 0.7118 0.2726
vn 0.7303 0.6831 0.0037
vn 0.7944 0.3596 -0.4895
vn -0.8844 0.3563 0.3013
vn 0.8806 0.4408 -0.1736
vn 0.0265 0.5055 0.8624
vn 0.0307 0.6608 0.7499
vn -0.5910 -0.1041 0.7999
vn -0.6777 0.5053 -0.5342
vn 0.2501 -0.0522 0.9668
vn 0.9015 0.3276 0.2827
vn -0.8808 -0.0758 0.4674
vn 0.7727 0.4486 -0.4491
vn 0.6537 0.6191 -0.4352
vn -0.4421 -0.1450 0.8852
vn -0.4153 -0.0746 0.9066
vn -0.3265 0.1611 0.9314
vn 0.9607 0.0438 0.2742
vn 0.8581 -0.3672 0.3589
vn -0.3303 0.5489 0.7679
vn -0.2996 0.8572 0.4190
vn -0.6622 0.7491 0.0158
vn 0.1584 0.9339 -0.3204
vn 0.0795 0.9875 0.1363
vn 0.4785 0.7583 0.4428
vn 0.6201 0.6455 0.4458
vn 0.3685 0.9157 0.1606
vn -0.1630 0.9361 0.3116
vn -0.6901 0.3750 -0.6190
vn -0.4290 0.7459 -0.5095
vn 0.0854 0.7017 -0.7074
vn 0.5117 0.8345 -0.2044
vn 0.1761 0.9807 0.0848
vn 0.2353 0.7703 0.5927
vn 0.2220 -0.0508 -0.9737
vn 0.3856 0.3672 -0.8465
vn 0.8079 0.3242 -0.4922
vn 0.6647 0.6090 -0.4328
vn 0.4223 0.8934 -0.1533
vn 0.5032 0.7757 0.3809
vn -0.8710 0.3693 0.3240
vn -0.7206 0.6930 0.0235
vn -0.7083 0.5027 -0.4955
vn 0.9268 0.1372 -0.3496
vn 0.8976 0.4409 0.0034
vn 0.8507 0.1857 0.4917
vn -0.6212 0.5936 0.5116
vn -0.4158 0.8848 0.2104
vn -0.5541 0.7714 -0.3129
vn -0.8213 -0.1477 -0.5510
vn -0.8766 0.1420 -0.4597
vn -0.4857 -0.2874 0.8255
vn 0.5541 0.5843 0.5929
vn -0.5165 0.8519 -0.0868
vn 0.2364 0.6098 0.7565
vn -0.4070 0.6509 0.6408
vn 0.9908 0.0707 0.1153
vn 0.6978 0.7019 0.1428
vn 0.1649 0.3697 -0.9144
vn -0.6491 0.2609 0.7145
vn 0.3016 0.7356 0.6065
vn 0.6924 0.1904 0.6959
vn -0.4968 0.5590 -0.6639
vn -0.3318 0.6724 0.6616
vn 0.9355 0.2997 0.1871
vn -0.2067 0.8794 0.4288
vn -0.7810 0.3770 0.4979
vn 0.9179 0.1778 -0.3548
vn 0.5667 0.5308 0.6302
vn 0.5701 0.7606 -0.3107
vn -0.0791 -0.1646 -0.9832
vn -0.8015 0.4005 0.4441
vn 0.0014 0.0022 -1.0000
vn 0.0117 0.2092 -0.9778
vn -0.8150 0.4760 -0.3306
vn -0.7728 0.5420 -0.3303
vn -0.6006 0.7275 -0.3318
vn 0.1278 0.4403 0.8887
vn -0.2419 0.2238 0.9441
vn -0.3656 0.8934 -0.2610
vn 0.0822 0.9173 -0.3896
vn 0.1978 0.5658 -0.8005
vn -0.8005 0.3989 -0.4473
vn -0.4635 0.7114 -0.5282
vn -0.0690 0.5085 -0.8583
vn -0.3969 0.8100 -0.4317
vn 0.0156 0.9613 -0.2749
vn 0.4376 0.7201 -0.5385
vn -0.7356 0.6610 -0.1481
vn -0.3645 0.8656 -0.3433
vn -0.1856 0.5884 -0.7870
vn -0.6204 0.3902 -0.6803
vn -0.5161 0.7537 -0.4070
vn 0.0171 0.8948 -0.4461
vn -0.4582 0.4873 0.7434
vn -0.4314 0.8066 0.4042
vn -0.7416 0.6700 -0.0326
vn -0.5233 -0.0403 -0.8512
vn -0.4749 0.4174 -0.7747
vn 0.0526 0.5785 -0.8140
vn 0.1569 0.5466 -0.8226
vn 0.0763 0.8668 -0.4929
vn 0.4749 0.8732 -0.1097
vn -0.0859 -0.0271 0.9959
vn -0.3255 0.3550 0.8764
vn -0.7782 0.2314 0.5838
vn -0.6566 0.2973 -0.6932
vn -0.3655 0.6600 -0.6564
vn 0.1434 0.5347 -0.8328
vn 0.0102 0.4519 -0.8920
vn 0.0571 0.6990 -0.7129
vn -0.9768 0.1896 0.1000
vn 0.8517 0.4552 0.2598
vn -0.5626 0.7071 0.4283
vn -0.8304 0.3084 0.4640
vn 0.4996 0.3018 -0.8120
vn 0.0548 0.8211 -0.5682
vn -0.8869 0.4477 -0.1137
vn 0.7217 0.5440 -0.4280
vn -0.1396 0.7588 0.6362
vn -0.3172 0.3677 -0.8742
vn -0.7429 0.5852 -0.3250
vn 0.0934 0.7253 0.6820
vn -0.4133 0.0423 -0.9096
vn -0.2782 0.4733 -0.8358
vn -0.0681 -0.0565 -0.9961
vn 0.2899 0.5084 -0.8109
vn -0.9896 0.0537 -0.1332
vn -0.9715 -0.1453 -0.1873
vn -0.1839 0.7059 -0.6840
vn 0.5813 0.0431 -0.8125
vn -0.7046 0.1041 0.7019
vn -0.1429 -0.0538 -0.9883
vn -0.1924 0.1479 -0.9701
vn -0.0927 0.7695 0.6319
vn 0.1562 0.9473 0.2796
vn -0.1375 0.9724 -0.1883
vn 0.3655 0.7972 0.4804
vn 0.2517 0.9659 0.0606
vn -0.2945 0.9553 -0.0247
vn -0.8288 0.5581 -0.0407
vn -0.4878 0.8730 0.0064
vn -0.1567 0.8860 -0.4363
vn -0.6574 0.4878 0.5743
vn -0.6436 0.7429 0.1839
vn -0.8480 0.4674 -0.2498
vn 0.1841 0.5510 -0.8139
vn 0.3338 0.8207 -0.4638
vn 0.7717 0.6012 -0.2072
vn -0.0511 0.2023 0.9780
vn 0.0718 0.6106 0.7887
vn -0.3291 0.8191 0.4699
vn 0.6678 0.7443 0.0040
vn 0.2648 0.9592 0.0994
vn 0.0601 0.8055 0.5895
vn 0.6238 0.6560 0.4249
vn 0.2135 0.7500 0.6261
vn 0.0384 0.3317 0.9426
vn -0.0475 0.4407 0.8964
vn -0.1640 0.7824 0.6008
vn -0.6448 0.6808 0.3474
vn -0.3417 0.5734 0.7447
vn -0.5128 0.7784 0.3621
vn -0.8827 0.4582 0.1044
vn -0.6410 0.6456 -0.4152
vn -0.3932 0.8289 -0.3980
vn -0.2339 0.3340 0.9131
vn -0.1051 0.8982 -0.4268
vn -0.7389 0.6056 0.2955
vn 0.1104 0.6577 0.7452
vn 0.2442 0.0357 0.9691
vn 0.7403 0.6245 0.2487
vn -0.9321 0.2964 -0.2083
vn 0.0720 0.9659 -0.2486
vn -0.3836 0.6646 -0.6412
vn -0.2151 0.7251 0.6542
vn -0.1165 0.8601 -0.4966
vn -0.8614 0.4228 -0.2816
vn -0.1434 0.1382 -0.9800
vn 0.6363 0.4275 -0.6422
vn 0.3381 0.5448 0.7674
vn 0.6280 0.5528 -0.5477
vn -0.5042 0.3417 -0.7931
vn -0.3948 -0.1227 0.9105
vn -0.0616 0.1572 -0.9856
vn 0.9516 0.2871 0.1098
vn -0.6106 0.4815 0.6288
vn -0.9844 0.0703 -0.1612
vn -0.6813 0.5627 0.4682
vn -0.6028 0.7164 0.3512
vn 0.2567 0.1853 -0.9486
vn 0.2789 0.2568 -0.9254
vn 0.3542 0.4687 -0.8093
vn -0.7303 0.6703 0.1320
vn -0.9030 0.3999 -0.1572
vn -0.4581 0.8700 -0.1824
vn -0.0571 0.9982 0.0188
vn 0.3802 0.8760 -0.2967
vn -0.9608 0.1354 0.2418
vn -0.8062 0.5686 0.1635
vn -0.6694 0.6461 -0.3666
vn -0.4830 0.4124 -0.7724
vn -0.1121 0.6897 -0.7154
vn 0.3611 0.4271 -0.8290
vn -0.5729 0.7849 0.2359
vn -0.2110 0.9774 0.0131
vn -0.1957 0.8314 -0.5200
vn -0.5881 0.2064 -0.7820
vn -0.5189 0.6235 -0.5848
vn 0.0091 0.7837 -0.6210
vn 0.0910 0.7479 0.6576
vn -0.1357 0.9442 0.3002
vn -0.6415 0.7305 0.2344
vn -0.1590 0.6398 0.7519
vn -0.4081 0.8201 0.4010
vn -0.8306 0.4931 0.2587
vn 0.1253 0.9056 -0.4052
vn 0.0334 0.9985 0.0427
vn 0.4347 0.8177 0.3773
vn 0.8126 0.5819 -0.0311
vn 0.4641 0.8764 -0.1286
vn 0.1251 0.9448 0.3029
vn 0.1447 0.6454 0.7500
vn -0.0637 0.9041 0.4224
vn -0.5841 0.7411 0.3311
vn -0.9125 0.0620 -0.4045
vn -0.9019 0.3387 -0.2680
vn -0.3881 -0.3390 0.8570
vn -0.7412 0.5320 -0.4094
vn 0.3668 0.3667 0.8550
vn 0.8278 0.2219 -0.5153
vn 0.1996 0.8149 0.5442
vn 0.6198 0.7848 0.0005
vn 0.6935 -0.0965 -0.7140
vn 0.8234 0.5478 -0.1478
vn 0.3605 0.5844 -0.7270
vn -0.8877 0.1888 -0.4198
vn -0.6938 0.6710 0.2615
vn -0.2821 0.9465 0.1568
vn -0.1569 0.8654 -0.4759
vn -0.1813 0.8578 -0.4810
vn -0.2062 0.8500 -0.4847
vn -0.1517 0.8774 -0.4551
vn -0.0158 0.9927 -0.1192
vn -0.4445 0.8877 -0.1202
vn 0.3980 0.8531 -0.3374
vn 0.2075 0.9654 -0.1579
vn 0.2280 0.9582 -0.1727
vn -0.0333 0.7920 0.6096
vn 0.1122 0.9488 0.2953
vn 0.0138 0.9982 0.0576
vn 0.2044 0.8800 0.4288
vn -0.2970 0.9420 -0.1565
vn -0.3022 0.9358 -0.1815
vn 0.4195 0.8553 0.3042
vn 0.2850 0.9578 -0.0364
vn 0.5296 0.8348 0.1507
vn 0.2333 0.9497 -0.2091
vn 0.2139 0.9502 -0.2268
vn -0.0854 0.9536 -0.2886
vn -0.3812 0.9231 -0.0515
vn -0.0232 0.9592 -0.2818
vn -0.2700 0.9088 0.3181
vn -0.2447 0.9159 0.3183
vn 0.3241 0.9028 -0.2826
vn -0.0348 0.9821 -0.1851
vn -0.0048 0.9966 0.0822
vn 0.0885 0.9835 0.1578
vn -0.1474 0.9546 -0.2590
vn -0.1672 0.9469 -0.2746
vn 0.5706 0.8004 0.1836
vn 0.2411 0.9093 0.3390
vn 0.0215 0.9370 -0.3487
vn -0.2869 0.8327 0.4736
vn 0.0445 0.9949 -0.0907
vn 0.0479 0.9920 -0.1166
vn -0.6871 0.6976 -0.2032
vn -0.3766 0.8553 -0.3559
vn 0.2972 0.8647 0.4049
vn 0.0379 0.9944 0.0988
vn -0.2910 0.9263 -0.2394
vn -0.2667 0.9349 -0.2344
vn -0.0332 0.9893 -0.1421
vn -0.1142 0.9668 0.2288
vn -0.0826 0.9279 0.3636
vn 0.2407 0.9365 0.2548
vn 0.3120 0.9348 0.1695
vn -0.0688 0.9645 0.2549
vn -0.0469 0.9694 0.2411
vn 0.3378 0.9403 -0.0418
vn -0.0278 0.9907 -0.1334
vn -0.0685 0.8398 0.5385
vn -0.1570 0.9871 0.0313
vn -0.0175 0.9998 -0.0108
vn 0.0075 0.9998 -0.0191
vn -0.2608 0.8841 0.3877
vn -0.5027 0.8592 0.0955
vn -0.6083 0.7934 0.0232
vn -0.2790 0.8411 -0.4634
vn -0.0666 0.9934 0.0938
vn 0.1328 0.8628 -0.4877
vn 0.1587 0.8607 -0.4837
vn -0.0023 0.9241 0.3821
vn 0.0114 0.9999 0.0097
vn 0.2099 0.9343 -0.2883
vn -0.0000 0.9589 0.2838
vn -0.2234 0.9510 -0.2139
vn -0.2328 0.9539 -0.1895
vn 0.3761 0.9147 0.1478
vn 0.0313 0.9522 0.3037
vn -0.0198 0.9359 0.3517
vn 0.3062 0.9351 0.1784
vn -0.2094 0.8880 -0.4095
vn 0.0264 0.9940 0.1064
vn 0.0457 0.9950 0.0886
vn -0.0784 0.9905 0.1133
vn 0.1816 0.9697 -0.1634
vn 0.5787 0.8118 -0.0778
vn -0.2662 0.9018 -0.3403
vn -0.2636 0.8929 -0.3649
vn 0.3801 0.9249 -0.0023
vn 0.0217 0.9944 0.1039
vn -0.0068 0.9731 0.2301
vn -0.3471 0.9378 0.0104
vn 0.1498 0.9291 -0.3381
vn 0.1257 0.9357 -0.3298
vn 0.4680 0.8636 -0.1875
vn 0.1048 0.9673 -0.2308
vn 0.1066 0.8980 0.4269
vn -0.0740 0.9068 -0.4150
vn 0.0791 0.9536 0.2906
vn 0.0987 0.9467 0.3067
vn 0.1477 0.9763 0.1584
vn 0.1202 0.9679 -0.2208
vn 0.0493 0.9383 -0.3424
vn 0.1213 0.9925 -0.0138
vn 0.1135 0.9115 -0.3953
vn -0.3248 0.9437 0.0624
vn -0.2501 0.8491 0.4653
vn -0.2462 0.8372 0.4884
vn 0.0392 0.9290 0.3679
vn 0.0528 0.9986 -0.0057
vn 0.6065 0.6997 0.3777
vn -0.0761 0.9337 -0.3498
vn -0.0759 0.9242 -0.3743
vn -0.0231 0.8887 0.4580
vn 0.0101 0.9955 0.0945
vn 0.2831 0.7745 -0.5657
vn 0.1560 0.9712 -0.1802
vn 0.0668 0.9911 0.1148
vn 0.0779 0.9928 0.0910
vn -0.1988 0.8935 -0.4026
vn 0.1552 0.9487 -0.2754
vn 0.0315 0.9995 0.0066
vn 0.2530 0.9144 0.3162
vn -0.1060 0.9682 0.2265
vn -0.2363 0.9472 -0.2168
vn -0.2111 0.9518 -0.2226
vn -0.1141 0.8137 0.5699
vn -0.1846 0.9568 0.2247
vn -0.2218 0.9613 0.1632
vn 0.0148 0.8046 -0.5936
vn 0.0409 0.9985 0.0362
vn -0.0876 0.8608 0.5013
vn -0.0747 0.8500 0.5215
vn -0.3321 0.9396 -0.0825
vn 0.0305 0.9994 0.0154
vn -0.6059 0.7177 -0.3432
vn 0.1057 0.9917 0.0737
vn 0.1989 0.9595 0.1994
vn 0.2216 0.9572 0.1864
vn -0.5148 0.8246 -0.2344
vn -0.3184 0.9455 0.0680
vn -0.3816 0.8565 -0.3477
vn 0.0976 0.9952 -0.0071
vn 0.0089 0.9437 -0.3306
vn -0.0073 0.9504 -0.3110
vn -0.2420 0.7993 -0.5501
vn -0.1887 0.9595 -0.2094
vn -0.3761 0.7980 0.4709
vn 0.2176 0.9624 -0.1627
vn 0.2393 0.9549 -0.1755
vn -0.0571 0.9726 0.2255
vn -0.3983 0.9147 0.0679
vn 0.1170 0.8415 -0.5274
vn -0.1944 0.9306 -0.3100
vn -0.0238 0.9955 -0.0920
vn -0.1224 0.9667 -0.2247
vn -0.1454 0.9608 -0.2360
vn 0.3511 0.9232 0.1563
vn 0.2983 0.9287 -0.2203
vn 0.2579 0.9248 -0.2797
vn 0.0145 0.9934 0.1137
vn -0.3009 0.9399 -0.1615
vn 0.4779 0.8770 -0.0494
vn 0.4963 0.8675 -0.0333
vn -0.6504 0.7145 -0.2577
vn -0.3203 0.8833 -0.3424
vn 0.0467 0.9794 -0.1965
vn 0.2041 0.9786 0.0253
vn -0.2406 0.9658 -0.0966
vn -0.2231 0.9717 -0.0778
vn -0.5402 0.7863 0.2998
vn -0.3004 0.9522 0.0558
vn 0.5991 0.7860 -0.1525
vn 0.2998 0.9533 0.0358
vn 0.1886 0.9107 0.3676
vn -0.3596 0.9264 -0.1120
vn -0.3577 0.9236 -0.1381
vn -0.0835 0.8646 0.4954
vn -0.3961 0.9154 0.0717
vn -0.2174 0.8875 0.4062
vn 0.4135 0.8781 -0.2406
vn -0.0728 0.9270 0.3678
vn -0.1224 0.9923 0.0193
vn -0.1247 0.9922 -0.0069
vn -0.3687 0.6888 -0.6242
vn -0.2405 0.9086 -0.3416
vn 0.0109 0.9878 0.1552
vn 0.3554 0.9345 -0.0198
vn -0.1746 0.9664 -0.1885
vn -0.2004 0.9620 -0.1856
vn 0.1244 0.9899 0.0683
vn -0.1177 0.9275 0.3549
vn -0.0484 0.9846 -0.1679
vn 0.2012 0.8723 -0.4458
vn 0.1355 0.9657 0.2216
vn -0.0181 0.9963 -0.0837
vn -0.0362 0.9973 -0.0646
vn -0.2870 0.9576 -0.0266
vn 0.0914 0.9955 -0.0257
vn 0.2582 0.8952 -0.3634
vn 0.2754 0.9607 -0.0347
vn 0.2961 0.9539 -0.0493
vn -0.3665 0.8914 -0.2665
vn -0.0897 0.9956 -0.0275
vt 0.864770 0.458646
vt 0.791093 0.512836
vt 0.783040 0.473405
vt 0.691778 0.492095
vt 0.698718 0.537845
vt 0.581287 0.520632
vt 0.507985 0.591914
vt 0.496510 0.536169
vt 0.575651 0.488727
vt 0.425988 0.527876
vt 0.447984 0.478239
vt 0.314840 0.440731
vt 0.278319 0.483058
vt 0.180603 0.372312
vt 0.391496 0.587665
vt 0.385435 0.554967
vt 0.287683 0.571662
vt 0.400182 0.617851
vt 0.309787 0.639582
vt 0.217343 0.640983
vt 0.296538 0.609777
vt 0.292799 0.609174
vt 0.208505 0.581465
vt 0.001950 0.632609
vt 0.001621 0.559355
vt 0.055098 0.630612
vt 0.053342 0.564883
vt 0.161393 0.626618
vt 0.156784 0.575937
vt 0.108245 0.628615
vt 0.105063 0.570410
vt 0.868262 0.834544
vt 0.791040 0.883549
vt 0.785713 0.843659
vt 0.532174 0.887835
vt 0.622938 0.910832
vt 0.543391 0.927725
vt 0.708490 0.892664
vt 0.703163 0.852775
vt 0.615942 0.870659
vt 0.612758 0.852372
vt 0.192927 0.858483
vt 0.193588 0.893842
vt 0.107976 0.877521
vt 0.211152 0.955193
vt 0.220659 0.989000
vt 0.135663 0.989328
vt 0.463535 0.943629
vt 0.452318 0.903739
vt 0.383680 0.959532
vt 0.372462 0.919642
vt 0.292606 0.935546
vt 0.303824 0.975436
vt 0.530098 0.852004
vt 0.447537 0.889857
vt 0.445796 0.853104
vt 0.362900 0.891878
vt 0.361493 0.854204
vt 0.278264 0.893900
vt 0.277191 0.855304
vt 0.851138 0.732932
vt 0.785894 0.797026
vt 0.772329 0.759137
vt 0.713292 0.810988
vt 0.704376 0.773670
vt 0.634026 0.824344
vt 0.629759 0.787596
vt 0.556727 0.829261
vt 0.552649 0.794307
vt 0.472765 0.833572
vt 0.468874 0.800411
vt 0.388802 0.837883
vt 0.385100 0.806516
vt 0.306522 0.845559
vt 0.303009 0.815986
vt 0.211679 0.854989
vt 0.208353 0.827209
vt 0.120818 0.848796
vt 0.839217 0.519159
vt 0.783637 0.591793
vt 0.764878 0.556188
vt 0.707193 0.625874
vt 0.688434 0.590269
vt 0.630749 0.659955
vt 0.611989 0.624350
vt 0.543643 0.652403
vt 0.449817 0.704300
vt 0.436813 0.667650
vt 0.554304 0.694036
vt 0.314101 0.704553
vt 0.401641 0.764521
vt 0.382882 0.728917
vt 0.297131 0.808691
vt 0.278372 0.773086
vt 0.906597 0.286463
vt 0.844879 0.353958
vt 0.829304 0.316850
vt 0.762650 0.377903
vt 0.749169 0.340138
vt 0.680421 0.401848
vt 0.669034 0.363426
vt 0.563612 0.435863
vt 0.555199 0.396508
vt 0.451605 0.438495
vt 0.449686 0.398504
vt 0.342033 0.438411
vt 0.341736 0.398168
vt 0.262704 0.413030
vt 0.509101 0.360936
vt 0.385226 0.384888
vt 0.414905 0.350812
vt 0.319482 0.311431
vt 0.194380 0.306126
vt 0.224059 0.272050
vt 0.123844 0.219095
vt 0.936627 0.116479
vt 0.863953 0.174522
vt 0.854828 0.130846
vt 0.767761 0.189538
vt 0.758355 0.144167
vt 0.681918 0.201862
vt 0.660872 0.157487
vt 0.568676 0.213323
vt 0.565417 0.165696
vt 0.472266 0.173668
vt 0.536772 0.077236
vt 0.492108 0.107609
vt 0.438707 0.040420
vt 0.472781 0.220391
vt 0.360344 0.179404
vt 0.122373 0.203661
vt 0.121727 0.144959
vt 0.181381 0.153570
vt 0.301247 0.221373
vt 0.300690 0.170793
vt 0.241622 0.215469
vt 0.241035 0.162181
vt 0.181998 0.209565
vt 0.997794 0.860654
vt 0.930603 0.994459
vt 0.930673 0.861659
vt 0.956474 0.689631
vt 0.947460 0.518478
vt 0.962043 0.518766
vt 0.925562 0.518198
vt 0.945420 0.390285
vt 0.945727 0.518766
vt 0.942963 0.689294
vt 0.925256 0.389717
vt 0.945114 0.261804
vt 0.977891 0.519229
vt 0.965996 0.378990
vt 0.981105 0.379332
vt 0.960237 0.605588
vt 0.986453 0.620611
vt 0.984319 0.239434
vt 0.957018 0.689597
vt 0.966520 0.724512
vt 0.922763 0.852280
vt 0.871985 0.985080
vt 0.872055 0.852280
vt 0.876697 0.328509
vt 0.922973 0.453879
vt 0.880640 0.453544
vt 0.924109 0.586679
vt 0.872195 0.586679
vt 0.922833 0.719480
vt 0.872125 0.719480
vt 0.872822 0.498076
vt 0.596901 0.563749
vt 0.214540 0.624621
vt 0.873589 0.874434
vt 0.864702 0.770821
vt 0.857977 0.554763
vt 0.467173 0.735990
vt 0.922171 0.323571
vt 0.496070 0.395296
vt 0.289803 0.345507
vt 0.944490 0.155947
vt 0.360871 0.227277
vt 0.997724 0.993454
vt 0.943719 0.689603
vt 0.925048 0.689715
vt 0.924949 0.261236
vt 0.962783 0.518888
vt 0.969210 0.239093
vt 0.922692 0.985080
vt 0.924659 0.308802
s 1
f 1/1/1 4/2/2 2/3/3
f 4/2/2 6/4/4 2/3/3
f 5/5/5 9/6/6 6/4/4
f 9/6/6 8/7/7 10/8/8
f 6/4/4 9/6/6 11/9/9
f 9/6/6 14/10/10 12/11/11
f 14/10/10 13/12/12 12/11/11
f 13/12/12 15/13/13 16/14/14
f 10/8/8 19/15/15 17/16/16
f 19/15/15 18/17/17 17/16/16
f 20/18/18 19/15/15 8/7/7
f 23/19/19 19/15/15 20/18/18
f 24/20/20 22/21/21 23/19/19
f 21/22/22 26/23/23 18/17/17
f 26/23/23 27/24/24 28/25/25
f 33/26/26 32/25/27 38/27/28
f 30/23/29 35/28/30 36/29/31
f 36/29/31 34/30/32 37/31/33
f 34/30/32 38/27/28 37/31/33
f 40/32/34 46/33/35 45/34/36
f 39/35/37 68/36/38 41/37/39
f 45/34/36 44/38/40 43/39/41
f 43/39/41 50/40/42 51/41/43
f 60/42/44 67/43/45 49/44/46
f 56/45/47 55/46/48 47/47/49
f 39/35/37 52/48/50 59/49/51
f 59/49/51 53/50/52 58/51/53
f 53/50/52 57/52/54 58/51/53
f 54/53/55 56/45/47 57/52/54
f 48/54/56 64/55/57 63/56/58
f 63/56/58 65/57/59 62/58/60
f 62/58/60 66/59/61 61/60/62
f 61/60/62 67/43/45 60/42/44
f 51/41/43 39/35/37 48/54/56
f 50/40/42 44/38/40 68/36/38
f 70/32/63 76/33/64 75/34/65
f 69/35/66 98/36/67 71/37/68
f 75/34/65 74/38/69 73/39/70
f 73/39/70 80/40/71 81/41/72
f 90/42/73 97/43/74 79/44/75
f 86/45/76 85/46/77 77/47/78
f 69/35/66 82/48/79 89/49/80
f 89/49/80 83/50/81 88/51/82
f 83/50/81 87/52/83 88/51/82
f 84/53/84 86/45/76 87/52/83
f 78/54/85 94/55/86 93/56/87
f 93/56/87 95/57/88 92/58/89
f 92/58/89 96/59/90 91/60/91
f 91/60/91 97/43/74 90/42/73
f 81/41/72 69/35/66 78/54/85
f 80/40/71 74/38/69 98/36/67
f 99/61/92 102/62/93 100/63/94
f 100/63/94 103/64/95 105/65/96
f 105/65/96 104/66/97 106/67/98
f 106/67/98 109/68/99 107/69/100
f 107/69/100 110/70/101 108/71/102
f 108/71/102 111/72/103 112/73/104
f 112/73/104 113/74/105 115/75/106
f 115/75/106 114/76/107 116/77/108
f 116/77/108 114/76/107 117/78/109
f 118/61/110 121/62/111 119/63/112
f 119/63/112 122/64/113 124/65/114
f 124/65/114 123/66/115 125/67/116
f 125/67/116 128/68/117 126/69/118
f 126/69/118 129/70/119 127/71/120
f 127/71/120 130/72/121 131/73/122
f 131/73/122 132/74/123 134/75/124
f 134/75/124 133/76/125 135/77/126
f 135/77/126 133/76/125 136/78/127
f 137/61/128 140/62/129 138/63/130
f 138/63/130 141/64/131 143/65/132
f 143/65/132 142/66/133 144/67/134
f 144/67/134 147/68/135 145/69/136
f 145/69/136 148/70/137 146/71/138
f 146/71/138 149/72/139 150/73/140
f 150/73/140 151/74/141 153/75/142
f 153/75/142 152/76/143 154/77/144
f 154/77/144 152/76/143 155/78/145
f 156/61/146 159/62/147 157/63/148
f 157/63/148 160/64/149 162/65/150
f 162/65/150 161/66/151 163/67/152
f 163/67/152 166/68/153 164/69/154
f 164/69/154 167/70/155 165/71/156
f 165/71/156 168/72/157 169/73/158
f 169/73/158 170/74/159 172/75/160
f 172/75/160 171/76/161 173/77/162
f 173/77/162 171/76/161 174/78/163
f 175/61/164 178/62/165 176/63/166
f 176/63/166 179/64/167 181/65/168
f 181/65/168 180/66/169 182/67/170
f 182/67/170 185/68/171 183/69/172
f 183/69/172 186/70/173 184/71/174
f 184/71/174 187/72/175 188/73/176
f 188/73/176 189/74/177 191/75/178
f 191/75/178 190/76/179 192/77/180
f 192/77/180 190/76/179 193/78/181
f 194/61/182 197/62/183 195/63/184
f 195/63/184 198/64/185 200/65/186
f 200/65/186 199/66/187 201/67/188
f 201/67/188 204/68/189 202/69/190
f 202/69/190 205/70/191 203/71/192
f 203/71/192 206/72/193 207/73/194
f 207/73/194 208/74/195 210/75/196
f 210/75/196 209/76/197 211/77/198
f 211/77/198 209/76/197 212/78/199
f 213/61/200 216/62/201 214/63/202
f 214/63/202 217/64/203 219/65/204
f 219/65/204 218/66/205 220/67/206
f 220/67/206 223/68/207 221/69/208
f 221/69/208 224/70/209 222/71/210
f 222/71/210 225/72/211 226/73/212
f 226/73/212 227/74/213 229/75/214
f 229/75/214 228/76/215 230/77/216
f 230/77/216 228/76/215 231/78/217
f 232/61/218 235/62/219 233/63/220
f 233/63/220 236/64/221 238/65/222
f 238/65/222 237/66/223 239/67/224
f 239/67/224 242/68/225 240/69/226
f 240/69/226 243/70/227 241/71/228
f 241/71/228 244/72/229 245/73/230
f 245/73/230 246/74/231 248/75/232
f 248/75/232 247/76/233 249/77/234
f 249/77/234 247/76/233 250/78/235
f 251/61/236 254/62/237 252/63/238
f 252/63/238 255/64/239 257/65/240
f 257/65/240 256/66/241 258/67/242
f 258/67/242 261/68/243 259/69/244
f 259/69/244 262/70/245 260/71/246
f 260/71/246 263/72/247 264/73/248
f 264/73/248 265/74/249 267/75/250
f 267/75/250 266/76/251 268/77/252
f 268/77/252 266/76/251 269/78/253
f 270/61/254 273/62/255 271/63/256
f 271/63/256 274/64/257 276/65/258
f 276/65/258 275/66/259 277/67/260
f 277/67/260 280/68/261 278/69/262
f 278/69/262 281/70/263 279/71/264
f 279/71/264 282/72/265 283/73/266
f 283/73/266 284/74/267 286/75/268
f 286/75/268 285/76/269 287/77/270
f 287/77/270 285/76/269 288/78/271
f 289/79/272 292/80/273 290/81/274
f 290/81/274 293/82/275 295/83/276
f 295/83/276 294/84/277 296/85/278
f 294/84/277 297/86/279 296/85/278
f 297/86/279 298/87/280 300/88/281
f 299/89/282 298/87/280 297/86/279
f 300/88/281 298/87/280 301/90/283
f 298/87/280 303/91/284 304/92/285
f 304/92/285 305/93/286 306/94/286
f 308/92/287 309/93/287 310/94/287
f 311/1/288 314/2/289 312/3/290
f 314/2/289 316/4/291 312/3/290
f 315/5/292 319/6/293 316/4/291
f 319/6/293 318/7/294 320/8/295
f 316/4/291 319/6/293 321/9/296
f 319/6/293 324/10/297 322/11/298
f 324/10/297 323/12/299 322/11/298
f 323/12/299 325/13/300 326/14/301
f 320/8/295 329/15/302 327/16/303
f 329/15/302 328/17/304 327/16/303
f 330/18/305 329/15/302 318/7/294
f 333/19/306 329/15/302 330/18/305
f 334/20/307 332/21/308 333/19/306
f 331/22/309 336/23/310 328/17/304
f 336/23/310 337/24/311 338/25/312
f 343/26/313 342/25/314 348/27/315
f 340/23/316 345/28/317 346/29/318
f 346/29/318 344/30/319 347/31/320
f 344/30/319 348/27/315 347/31/320
f 350/95/321 351/96/322 349/97/323
f 349/97/323 354/98/324 352/99/325
f 352/99/325 355/100/326 353/101/327
f 353/101/327 356/102/328 357/103/329
f 357/103/329 358/104/330 360/105/331
f 360/105/331 359/106/332 361/107/333
f 361/107/333 359/106/332 362/108/334
f 357/103/329 365/109/335 353/101/327
f 365/109/335 364/110/336 366/111/337
f 364/110/336 367/112/338 366/111/337
f 367/112/338 370/113/339 368/114/340
f 368/114/340 370/113/339 371/115/341
f 374/95/342 375/96/343 373/97/344
f 373/97/344 378/98/345 376/99/346
f 376/99/346 379/100/347 377/101/348
f 377/101/348 380/102/349 381/103/350
f 381/103/350 382/104/351 384/105/352
f 384/105/352 383/106/353 385/107/354
f 385/107/354 383/106/353 386/108/355
f 381/103/350 389/109/356 377/101/348
f 389/109/356 388/110/357 390/111/358
f 388/110/357 391/112/359 390/111/358
f 391/112/359 394/113/360 392/114/361
f 392/114/361 394/113/360 395/115/362
f 398/95/363 399/96/364 397/97/365
f 397/97/365 402/98/366 400/99/367
f 400/99/367 403/100/368 401/101/369
f 401/101/369 404/102/370 405/103/371
f 405/103/371 406/104/372 408/105/373
f 408/105/373 407/106/374 409/107/375
f 409/107/375 407/106/374 410/108/376
f 405/103/371 413/109/377 401/101/369
f 413/109/377 412/110/378 414/111/379
f 412/110/378 415/112/380 414/111/379
f 415/112/380 418/113/381 416/114/382
f 416/114/382 418/113/381 419/115/383
f 422/95/384 423/96/385 421/97/386
f 421/97/386 426/98/387 424/99/388
f 424/99/388 427/100/389 425/101/390
f 425/101/390 428/102/391 429/103/392
f 429/103/392 430/104/393 432/105/394
f 432/105/394 431/106/395 433/107/396
f 433/107/396 431/106/395 434/108/397
f 429/103/392 437/109/398 425/101/390
f 437/109/398 436/110/399 438/111/400
f 436/110/399 439/112/401 438/111/400
f 439/112/401 442/113/402 440/114/403
f 440/114/403 442/113/402 443/115/404
f 446/95/405 447/96/406 445/97/407
f 445/97/407 450/98/408 448/99/409
f 448/99/409 451/100/410 449/101/411
f 449/101/411 452/102/412 453/103/413
f 453/103/413 454/104/414 456/105/415
f 456/105/415 455/106/416 457/107/417
f 457/107/417 455/106/416 458/108/418
f 453/103/413 461/109/419 449/101/411
f 461/109/419 460/110/420 462/111/421
f 460/110/420 463/112/422 462/111/421
f 463/112/422 466/113/423 464/114/424
f 464/114/424 466/113/423 467/115/425
f 470/95/426 471/96/427 469/97/428
f 469/97/428 474/98/429 472/99/430
f 472/99/430 475/100/431 473/101/432
f 473/101/432 476/102/433 477/103/434
f 477/103/434 478/104/435 480/105/436
f 480/105/436 479/106/437 481/107/438
f 481/107/438 479/106/437 482/108/439
f 477/103/434 485/109/440 473/101/432
f 485/109/440 484/110/441 486/111/442
f 484/110/441 487/112/443 486/111/442
f 487/112/443 490/113/444 488/114/445
f 488/114/445 490/113/444 491/115/446
f 494/95/447 495/96/448 493/97/449
f 493/97/449 498/98/450 496/99/451
f 496/99/451 499/100/452 497/101/453
f 497/101/453 500/102/454 501/103/455
f 501/103/455 502/104/456 504/105/457
f 504/105/457 503/106/458 505/107/459
f 505/107/459 503/106/458 506/108/460
f 501/103/455 509/109/461 497/101/453
f 509/109/461 508/110/462 510/111/463
f 508/110/462 511/112/464 510/111/463
f 511/112/464 514/113/465 512/114/466
f 512/114/466 514/113/465 515/115/467
f 518/95/468 519/96/469 517/97/470
f 517/97/470 522/98/471 520/99/472
f 520/99/472 523/100/473 521/101/474
f 521/101/474 524/102/475 525/103/476
f 525/103/476 526/104/477 528/105/478
f 528/105/478 527/106/479 529/107/480
f 529/107/480 527/106/479 530/108/481
f 525/103/476 533/109/482 521/101/474
f 533/109/482 532/110/483 534/111/484
f 532/110/483 535/112/485 534/111/484
f 535/112/485 538/113/486 536/114/487
f 536/114/487 538/113/486 539/115/488
f 542/95/489 543/96/490 541/97/491
f 541/97/491 546/98/492 544/99/493
f 544/99/493 547/100/494 545/101/495
f 545/101/495 548/102/496 549/103/497
f 549/103/497 550/104/498 552/105/499
f 552/105/499 551/106/500 553/107/501
f 553/107/501 551/106/500 554/108/502
f 549/103/497 557/109/503 545/101/495
f 557/109/503 556/110/504 558/111/505
f 556/110/504 559/112/506 558/111/505
f 559/112/506 562/113/507 560/114/508
f 560/114/508 562/113/507 563/115/509
f 566/95/510 567/96/511 565/97/512
f 565/97/512 570/98/513 568/99/514
f 568/99/514 571/100/515 569/101/516
f 569/101/516 572/102/517 573/103/518
f 573/103/518 574/104/519 576/105/520
f 576/105/520 575/106/521 577/107/522
f 577/107/522 575/106/521 578/108/523
f 573/103/518 581/109/524 569/101/516
f 581/109/524 580/110/525 582/111/526
f 580/110/525 583/112/527 582/111/526
f 583/112/527 586/113/528 584/114/529
f 584/114/529 586/113/528 587/115/530
f 590/116/531 591/117/532 589/118/533
f 589/118/533 594/119/534 592/120/535
f 592/120/535 595/121/536 593/122/537
f 593/122/537 596/123/538 598/124/539
f 596/123/538 599/125/540 598/124/539
f 598/124/539 601/126/541 593/122/537
f 601/126/541 600/127/542 602/128/543
f 597/129/544 603/130/545 599/125/540
f 603/130/545 606/131/546 605/132/547
f 614/133/548 611/131/549 610/132/550
f 608/130/551 617/134/552 612/135/553
f 612/135/553 616/136/554 613/137/555
f 613/137/555 615/138/556 614/133/548
f 619/32/557 625/33/558 624/34/559
f 618/35/560 647/36/561 620/37/562
f 624/34/559 623/38/563 622/39/564
f 622/39/564 629/40/565 630/41/566
f 639/42/567 646/43/568 628/44/569
f 635/45/570 634/46/571 626/47/572
f 618/35/560 631/48/573 638/49/574
f 638/49/574 632/50/575 637/51/576
f 632/50/575 636/52/577 637/51/576
f 633/53/578 635/45/570 636/52/577
f 627/54/579 643/55/580 642/56/581
f 642/56/581 644/57/582 641/58/583
f 641/58/583 645/59/584 640/60/585
f 640/60/585 646/43/568 639/42/567
f 630/41/566 618/35/560 627/54/579
f 629/40/565 623/38/563 647/36/561
f 649/32/586 655/33/587 654/34/588
f 648/35/589 677/36/590 650/37/591
f 654/34/588 653/38/592 652/39/593
f 652/39/593 659/40/594 660/41/595
f 669/42/596 676/43/597 658/44/598
f 665/45/599 664/46/600 656/47/601
f 648/35/589 661/48/602 668/49/603
f 668/49/603 662/50/604 667/51/605
f 662/50/604 666/52/606 667/51/605
f 663/53/607 665/45/599 666/52/606
f 657/54/608 673/55/609 672/56/610
f 672/56/610 674/57/611 671/58/612
f 671/58/612 675/59/613 670/60/614
f 670/60/614 676/43/597 669/42/596
f 660/41/595 648/35/589 657/54/608
f 659/40/594 653/38/592 677/36/590
f 679/32/615 685/33/616 684/34/617
f 678/35/618 707/36/619 680/37/620
f 684/34/617 683/38/621 682/39/622
f 682/39/622 689/40/623 690/41/624
f 699/42/625 706/43/626 688/44/627
f 695/45/628 694/46/629 686/47/630
f 678/35/618 691/48/631 698/49/632
f 698/49/632 692/50/633 697/51/634
f 692/50/633 696/52/635 697/51/634
f 693/53/636 695/45/628 696/52/635
f 687/54/637 703/55/638 702/56/639
f 702/56/639 704/57/640 701/58/641
f 701/58/641 705/59/642 700/60/643
f 700/60/643 706/43/626 699/42/625
f 690/41/624 678/35/618 687/54/637
f 689/40/623 683/38/621 707/36/619
f 709/32/644 715/33/645 714/34/646
f 708/35/647 737/36/648 710/37/649
f 714/34/646 713/38/650 712/39/651
f 712/39/651 719/40/652 720/41/653
f 729/42/654 736/43/655 718/44/656
f 725/45/657 724/46/658 716/47/659
f 708/35/647 721/48/660 728/49/661
f 728/49/661 722/50/662 727/51/663
f 722/50/662 726/52/664 727/51/663
f 723/53/665 725/45/657 726/52/664
f 717/54/666 733/55/667 732/56/668
f 732/56/668 734/57/669 731/58/670
f 731/58/670 735/59/671 730/60/672
f 730/60/672 736/43/655 729/42/654
f 720/41/653 708/35/647 717/54/666
f 719/40/652 713/38/650 737/36/648
f 739/32/673 745/33/674 744/34/675
f 738/35/676 767/36/677 740/37/678
f 744/34/675 743/38/679 742/39/680
f 742/39/680 749/40/681 750/41/682
f 759/42/683 766/43/684 748/44/685
f 755/45/686 754/46/687 746/47/688
f 738/35/676 751/48/689 758/49/690
f 758/49/690 752/50/691 757/51/692
f 752/50/691 756/52/693 757/51/692
f 753/53/694 755/45/686 756/52/693
f 747/54/695 763/55/696 762/56/697
f 762/56/697 764/57/698 761/58/699
f 761/58/699 765/59/700 760/60/701
f 760/60/701 766/43/684 759/42/683
f 750/41/682 738/35/676 747/54/695
f 749/40/681 743/38/679 767/36/677
f 769/32/702 775/33/703 774/34/704
f 768/35/705 797/36/706 770/37/707
f 774/34/704 773/38/708 772/39/709
f 772/39/709 779/40/710 780/41/711
f 789/42/712 796/43/713 778/44/714
f 785/45/715 784/46/716 776/47/717
f 768/35/705 781/48/718 788/49/719
f 788/49/719 782/50/720 787/51/721
f 782/50/720 786/52/722 787/51/721
f 783/53/723 785/45/715 786/52/722
f 777/54/724 793/55/725 792/56/726
f 792/56/726 794/57/727 791/58/728
f 791/58/728 795/59/729 790/60/730
f 790/60/730 796/43/713 789/42/712
f 780/41/711 768/35/705 777/54/724
f 779/40/710 773/38/708 797/36/706
f 799/32/731 805/33/732 804/34/733
f 798/35/734 827/36/735 800/37/736
f 804/34/733 803/38/737 802/39/738
f 802/39/738 809/40/739 810/41/740
f 819/42/741 826/43/742 808/44/743
f 815/45/744 814/46/745 806/47/746
f 798/35/734 811/48/747 818/49/748
f 818/49/748 812/50/749 817/51/750
f 812/50/749 816/52/751 817/51/750
f 813/53/752 815/45/744 816/52/751
f 807/54/753 823/55/754 822/56/755
f 822/56/755 824/57/756 821/58/757
f 821/58/757 825/59/758 820/60/759
f 820/60/759 826/43/742 819/42/741
f 810/41/740 798/35/734 807/54/753
f 809/40/739 803/38/737 827/36/735
f 829/32/760 835/33/761 834/34/762
f 828/35/763 857/36/764 830/37/765
f 834/34/762 833/38/766 832/39/767
f 832/39/767 839/40/768 840/41/769
f 849/42/770 856/43/771 838/44/772
f 845/45/773 844/46/774 836/47/775
f 828/35/763 841/48/776 848/49/777
f 848/49/777 842/50/778 847/51/779
f 842/50/778 846/52/780 847/51/779
f 843/53/781 845/45/773 846/52/780
f 837/54/782 853/55/783 852/56/784
f 852/56/784 854/57/785 851/58/786
f 851/58/786 855/59/787 850/60/788
f 850/60/788 856/43/771 849/42/770
f 840/41/769 828/35/763 837/54/782
f 839/40/768 833/38/766 857/36/764
f 859/32/789 865/33/790 864/34/791
f 858/35/792 887/36/793 860/37/794
f 864/34/791 863/38/795 862/39/796
f 862/39/796 869/40/797 870/41/798
f 879/42/799 886/43/800 868/44/801
f 875/45/802 874/46/803 866/47/804
f 858/35/792 871/48/805 878/49/806
f 878/49/806 872/50/807 877/51/808
f 872/50/807 876/52/809 877/51/808
f 873/53/810 875/45/802 876/52/809
f 867/54/811 883/55/812 882/56/813
f 882/56/813 884/57/814 881/58/815
f 881/58/815 885/59/816 880/60/817
f 880/60/817 886/43/800 879/42/799
f 870/41/798 858/35/792 867/54/811
f 869/40/797 863/38/795 887/36/793
f 889/32/818 895/33/819 894/34/820
f 888/35/821 917/36/822 890/37/823
f 894/34/820 893/38/824 892/39/825
f 892/39/825 899/40/826 900/41/827
f 909/42/828 916/43/829 898/44/830
f 905/45/831 904/46/832 896/47/833
f 888/35/821 901/48/834 908/49/835
f 908/49/835 902/50/836 907/51/837
f 902/50/836 906/52/838 907/51/837
f 903/53/839 905/45/831 906/52/838
f 897/54/840 913/55/841 912/56/842
f 912/56/842 914/57/843 911/58/844
f 911/58/844 915/59/845 910/60/846
f 910/60/846 916/43/829 909/42/828
f 900/41/827 888/35/821 897/54/840
f 899/40/826 893/38/824 917/36/822
f 918/61/847 921/62/848 919/63/849
f 919/63/849 922/64/850 924/65/851
f 924/65/851 923/66/852 925/67/853
f 925/67/853 928/68/854 926/69/855
f 926/69/855 929/70/856 927/71/857
f 927/71/857 930/72/858 931/73/859
f 931/73/859 932/74/860 934/75/861
f 934/75/861 933/76/862 935/77/863
f 935/77/863 933/76/862 936/78/864
f 937/61/865 940/62/866 938/63/867
f 938/63/867 941/64/868 943/65/869
f 943/65/869 942/66/870 944/67/871
f 944/67/871 947/68/872 945/69/873
f 945/69/873 948/70/874 946/71/875
f 946/71/875 949/72/876 950/73/877
f 950/73/877 951/74/878 953/75/879
f 953/75/879 952/76/880 954/77/881
f 954/77/881 952/76/880 955/78/882
f 956/61/883 959/62/884 957/63/885
f 957/63/885 960/64/886 962/65/887
f 962/65/887 961/66/888 963/67/889
f 963/67/889 966/68/890 964/69/891
f 964/69/891 967/70/892 965/71/893
f 965/71/893 968/72/894 969/73/895
f 969/73/895 970/74/896 972/75/897
f 972/75/897 971/76/898 973/77/899
f 973/77/899 971/76/898 974/78/900
f 975/61/901 978/62/902 976/63/903
f 976/63/903 979/64/904 981/65/905
f 981/65/905 980/66/906 982/67/907
f 982/67/907 985/68/908 983/69/909
f 983/69/909 986/70/910 984/71/911
f 984/71/911 987/72/912 988/73/913
f 988/73/913 989/74/914 991/75/915
f 991/75/915 990/76/916 992/77/917
f 992/77/917 990/76/916 993/78/918
f 994/61/919 997/62/920 995/63/921
f 995/63/921 998/64/922 1000/65/923
f 1000/65/923 999/66/924 1001/67/925
f 1001/67/925 1004/68/926 1002/69/927
f 1002/69/927 1005/70/928 1003/71/929
f 1003/71/929 1006/72/930 1007/73/931
f 1007/73/931 1008/74/932 1010/75/933
f 1010/75/933 1009/76/934 1011/77/935
f 1011/77/935 1009/76/934 1012/78/936
f 1013/61/937 1016/62/938 1014/63/939
f 1014/63/939 1017/64/940 1019/65/941
f 1019/65/941 1018/66/942 1020/67/943
f 1020/67/943 1023/68/944 1021/69/945
f 1021/69/945 1024/70/946 1022/71/947
f 1022/71/947 1025/72/948 1026/73/949
f 1026/73/949 1027/74/950 1029/75/951
f 1029/75/951 1028/76/952 1030/77/953
f 1030/77/953 1028/76/952 1031/78/954
f 1032/61/955 1035/62/956 1033/63/957
f 1033/63/957 1036/64/958 1038/65/959
f 1038/65/959 1037/66/960 1039/67/961
f 1039/67/961 1042/68/962 1040/69/963
f 1040/69/963 1043/70/964 1041/71/965
f 1041/71/965 1044/72/966 1045/73/967
f 1045/73/967 1046/74/968 1048/75/969
f 1048/75/969 1047/76/970 1049/77/971
f 1049/77/971 1047/76/970 1050/78/972
f 1051/61/973 1054/62/974 1052/63/975
f 1052/63/975 1055/64/976 1057/65/977
f 1057/65/977 1056/66/978 1058/67/979
f 1058/67/979 1061/68/980 1059/69/981
f 1059/69/981 1062/70/982 1060/71/983
f 1060/71/983 1063/72/984 1064/73/985
f 1064/73/985 1065/74/986 1067/75/987
f 1067/75/987 1066/76/988 1068/77/989
f 1068/77/989 1066/76/988 1069/78/990
f 1070/61/991 1073/62/992 1071/63/993
f 1071/63/993 1074/64/994 1076/65/995
f 1076/65/995 1075/66/996 1077/67/997
f 1077/67/997 1080/68/998 1078/69/999
f 1078/69/999 1081/70/1000 1079/71/1001
f 1079/71/1001 1082/72/1002 1083/73/1003
f 1083/73/1003 1084/74/1004 1086/75/1005
f 1086/75/1005 1085/76/1006 1087/77/1007
f 1087/77/1007 1085/76/1006 1088/78/1008
f 1089/61/1009 1092/62/1010 1090/63/1011
f 1090/63/1011 1093/64/1012 1095/65/1013
f 1095/65/1013 1094/66/1014 1096/67/1015
f 1096/67/1015 1099/68/1016 1097/69/1017
f 1097/69/1017 1100/70/1018 1098/71/1019
f 1098/71/1019 1101/72/1020 1102/73/1021
f 1102/73/1021 1103/74/1022 1105/75/1023
f 1105/75/1023 1104/76/1024 1106/77/1025
f 1106/77/1025 1104/76/1024 1107/78/1026
f 1108/79/1027 1111/80/1028 1109/81/1029
f 1109/81/1029 1112/82/1030 1114/83/1031
f 1114/83/1031 1113/84/1032 1115/85/1033
f 1113/84/1032 1116/86/1034 1115/85/1033
f 1116/86/1034 1117/87/1035 1119/88/1036
f 1118/89/1037 1117/87/1035 1116/86/1034
f 1119/88/1036 1117/87/1035 1120/90/1038
f 1117/87/1035 1122/91/1039 1123/92/1040
f 1123/92/1040 1124/93/1041 1125/94/1041
f 1127/92/1042 1128/93/1042 1129/94/1042
f 1130/1/1043 1133/2/1044 1131/3/1045
f 1133/2/1044 1135/4/1046 1131/3/1045
f 1134/5/1047 1138/6/1048 1135/4/1046
f 1138/6/1048 1137/7/1049 1139/8/1050
f 1135/4/1046 1138/6/1048 1140/9/1051
f 1138/6/1048 1143/10/1052 1141/11/1053
f 1143/10/1052 1142/12/1054 1141/11/1053
f 1142/12/1054 1144/13/1055 1145/14/1056
f 1139/8/1050 1148/15/1057 1146/16/1058
f 1148/15/1057 1147/17/1059 1146/16/1058
f 1149/18/1060 1148/15/1057 1137/7/1049
f 1152/19/1061 1148/15/1057 1149/18/1060
f 1153/20/1062 1151/21/1063 1152/19/1061
f 1150/22/1064 1155/23/1065 1147/17/1059
f 1155/23/1065 1156/24/1066 1157/25/1067
f 1162/26/1068 1161/25/1069 1167/27/1070
f 1159/23/1071 1164/28/1072 1165/29/1073
f 1165/29/1073 1163/30/1074 1166/31/1075
f 1163/30/1074 1167/27/1070 1166/31/1075
f 1169/95/1076 1170/96/1077 1168/97/1078
f 1168/97/1078 1173/98/1079 1171/99/1080
f 1171/99/1080 1174/100/1081 1172/101/1082
f 1172/101/1082 1175/102/1083 1176/103/1084
f 1176/103/1084 1177/104/1085 1179/105/1086
f 1179/105/1086 1178/106/1087 1180/107/1088
f 1180/107/1088 1178/106/1087 1181/108/1089
f 1176/103/1084 1184/109/1090 1172/101/1082
f 1184/109/1090 1183/110/1091 1185/111/1092
f 1183/110/1091 1186/112/1093 1185/111/1092
f 1186/112/1093 1189/113/1094 1187/114/1095
f 1187/114/1095 1189/113/1094 1190/115/1096
f 1193/95/1097 1194/96/1098 1192/97/1099
f 1192/97/1099 1197/98/1100 1195/99/1101
f 1195/99/1101 1198/100/1102 1196/101/1103
f 1196/101/1103 1199/102/1104 1200/103/1105
f 1200/103/1105 1201/104/1106 1203/105/1107
f 1203/105/1107 1202/106/1108 1204/107/1109
f 1204/107/1109 1202/106/1108 1205/108/1110
f 1200/103/1105 1208/109/1111 1196/101/1103
f 1208/109/1111 1207/110/1112 1209/111/1113
f 1207/110/1112 1210/112/1114 1209/111/1113
f 1210/112/1114 1213/113/1115 1211/114/1116
f 1211/114/1116 1213/113/1115 1214/115/1117
f 1217/95/1118 1218/96/1119 1216/97/1120
f 1216/97/1120 1221/98/1121 1219/99/1122
f 1219/99/1122 1222/100/1123 1220/101/1124
f 1220/101/1124 1223/102/1125 1224/103/1126
f 1224/103/1126 1225/104/1127 1227/105/1128
f 1227/105/1128 1226/106/1129 1228/107/1130
f 1228/107/1130 1226/106/1129 1229/108/1131
f 1224/103/1126 1232/109/1132 1220/101/1124
f 1232/109/1132 1231/110/1133 1233/111/1134
f 1231/110/1133 1234/112/1135 1233/111/1134
f 1234/112/1135 1237/113/1136 1235/114/1137
f 1235/114/1137 1237/113/1136 1238/115/1138
f 1241/95/1139 1242/96/1140 1240/97/1141
f 1240/97/1141 1245/98/1142 1243/99/1143
f 1243/99/1143 1246/100/1144 1244/101/1145
f 1244/101/1145 1247/102/1146 1248/103/1147
f 1248/103/1147 1249/104/1148 1251/105/1149
f 1251/105/1149 1250/106/1150 1252/107/1151
f 1252/107/1151 1250/106/1150 1253/108/1152
f 1248/103/1147 1256/109/1153 1244/101/1145
f 1256/109/1153 1255/110/1154 1257/111/1155
f 1255/110/1154 1258/112/1156 1257/111/1155
f 1258/112/1156 1261/113/1157 1259/114/1158
f 1259/114/1158 1261/113/1157 1262/115/1159
f 1265/95/1160 1266/96/1161 1264/97/1162
f 1264/97/1162 1269/98/1163 1267/99/1164
f 1267/99/1164 1270/100/1165 1268/101/1166
f 1268/101/1166 1271/102/1167 1272/103/1168
f 1272/103/1168 1273/104/1169 1275/105/1170
f 1275/105/1170 1274/106/1171 1276/107/1172
f 1276/107/1172 1274/106/1171 1277/108/1173
f 1272/103/1168 1280/109/1174 1268/101/1166
f 1280/109/1174 1279/110/1175 1281/111/1176
f 1279/110/1175 1282/112/1177 1281/111/1176
f 1282/112/1177 1285/113/1178 1283/114/1179
f 1283/114/1179 1285/113/1178 1286/115/1180
f 1289/95/1181 1290/96/1182 1288/97/1183
f 1288/97/1183 1293/98/1184 1291/99/1185
f 1291/99/1185 1294/100/1186 1292/101/1187
f 1292/101/1187 1295/102/1188 1296/103/1189
f 1296/103/1189 1297/104/1190 1299/105/1191
f 1299/105/1191 1298/106/1192 1300/107/1193
f 1300/107/1193 1298/106/1192 1301/108/1194
f 1296/103/1189 1304/109/1195 1292/101/1187
f 1304/109/1195 1303/110/1196 1305/111/1197
f 1303/110/1196 1306/112/1198 1305/111/1197
f 1306/112/1198 1309/113/1199 1307/114/1200
f 1307/114/1200 1309/113/1199 1310/115/1201
f 1313/95/1202 1314/96/1203 1312/97/1204
f 1312/97/1204 1317/98/1205 1315/99/1206
f 1315/99/1206 1318/100/1207 1316/101/1208
f 1316/101/1208 1319/102/1209 1320/103/1210
f 1320/103/1210 1321/104/1211 1323/105/1212
f 1323/105/1212 1322/106/1213 1324/107/1214
f 1324/107/1214 1322/106/1213 1325/108/1215
f 1320/103/1210 1328/109/1216 1316/101/1208
f 1328/109/1216 1327/110/1217 1329/111/1218
f 1327/110/1217 1330/112/1219 1329/111/1218
f 1330/112/1219 1333/113/1220 1331/114/1221
f 1331/114/1221 1333/113/1220 1334/115/1222
f 1337/95/1223 1338/96/1224 1336/97/1225
f 1336/97/1225 1341/98/1226 1339/99/1227
f 1339/99/1227 1342/100/1228 1340/101/1229
f 1340/101/1229 1343/102/1230 1344/103/1231
f 1344/103/1231 1345/104/1232 1347/105/1233
f 1347/105/1233 1346/106/1234 1348/107/1235
f 1348/107/1235 1346/106/1234 1349/108/1236
f 1344/103/1231 1352/109/1237 1340/101/1229
f 1352/109/1237 1351/110/1238 1353/111/1239
f 1351/110/1238 1354/112/1240 1353/111/1239
f 1354/112/1240 1357/113/1241 1355/114/1242
f 1355/114/1242 1357/113/1241 1358/115/1243
f 1361/95/1244 1362/96/1245 1360/97/1246
f 1360/97/1246 1365/98/1247 1363/99/1248
f 1363/99/1248 1366/100/1249 1364/101/1250
f 1364/101/1250 1367/102/1251 1368/103/1252
f 1368/103/1252 1369/104/1253 1371/105/1254
f 1371/105/1254 1370/106/1255 1372/107/1256
f 1372/107/1256 1370/106/1255 1373/108/1257
f 1368/103/1252 1376/109/1258 1364/101/1250
f 1376/109/1258 1375/110/1259 1377/111/1260
f 1375/110/1259 1378/112/1261 1377/111/1260
f 1378/112/1261 1381/113/1262 1379/114/1263
f 1379/114/1263 1381/113/1262 1382/115/1264
f 1385/95/1265 1386/96/1266 1384/97/1267
f 1384/97/1267 1389/98/1268 1387/99/1269
f 1387/99/1269 1390/100/1270 1388/101/1271
f 1388/101/1271 1391/102/1272 1392/103/1273
f 1392/103/1273 1393/104/1274 1395/105/1275
f 1395/105/1275 1394/106/1276 1396/107/1277
f 1396/107/1277 1394/106/1276 1397/108/1278
f 1392/103/1273 1400/109/1279 1388/101/1271
f 1400/109/1279 1399/110/1280 1401/111/1281
f 1399/110/1280 1402/112/1282 1401/111/1281
f 1402/112/1282 1405/113/1283 1403/114/1284
f 1403/114/1284 1405/113/1283 1406/115/1285
f 1409/116/1286 1410/117/1287 1408/118/1288
f 1408/118/1288 1413/119/1289 1411/120/1290
f 1411/120/1290 1414/121/1291 1412/122/1292
f 1412/122/1292 1415/123/1293 1417/124/1294
f 1415/123/1293 1418/125/1295 1417/124/1294
f 1417/124/1294 1420/126/1296 1412/122/1292
f 1420/126/1296 1419/127/1297 1421/128/1298
f 1416/129/1299 1422/130/1300 1418/125/1295
f 1422/130/1300 1425/131/1301 1424/132/1302
f 1433/133/1303 1430/131/1304 1429/132/1305
f 1427/130/1306 1436/134/1307 1431/135/1308
f 1431/135/1308 1435/136/1309 1432/137/1310
f 1432/137/1310 1434/138/1311 1433/133/1303
f 1438/32/1312 1444/33/1313 1443/34/1314
f 1437/35/1315 1466/36/1316 1439/37/1317
f 1443/34/1314 1442/38/1318 1441/39/1319
f 1441/39/1319 1448/40/1320 1449/41/1321
f 1458/42/1322 1465/43/1323 1447/44/1324
f 1454/45/1325 1453/46/1326 1445/47/1327
f 1437/35/1315 1450/48/1328 1457/49/1329
f 1457/49/1329 1451/50/1330 1456/51/1331
f 1451/50/1330 1455/52/1332 1456/51/1331
f 1452/53/1333 1454/45/1325 1455/52/1332
f 1446/54/1334 1462/55/1335 1461/56/1336
f 1461/56/1336 1463/57/1337 1460/58/1338
f 1460/58/1338 1464/59/1339 1459/60/1340
f 1459/60/1340 1465/43/1323 1458/42/1322
f 1449/41/1321 1437/35/1315 1446/54/1334
f 1448/40/1320 1442/38/1318 1466/36/1316
f 1468/32/1341 1474/33/1342 1473/34/1343
f 1467/35/1344 1496/36/1345 1469/37/1346
f 1473/34/1343 1472/38/1347 1471/39/1348
f 1471/39/1348 1478/40/1349 1479/41/1350
f 1488/42/1351 1495/43/1352 1477/44/1353
f 1484/45/1354 1483/46/1355 1475/47/1356
f 1467/35/1344 1480/48/1357 1487/49/1358
f 1487/49/1358 1481/50/1359 1486/51/1360
f 1481/50/1359 1485/52/1361 1486/51/1360
f 1482/53/1362 1484/45/1354 1485/52/1361
f 1476/54/1363 1492/55/1364 1491/56/1365
f 1491/56/1365 1493/57/1366 1490/58/1367
f 1490/58/1367 1494/59/1368 1489/60/1369
f 1489/60/1369 1495/43/1352 1488/42/1351
f 1479/41/1350 1467/35/1344 1476/54/1363
f 1478/40/1349 1472/38/1347 1496/36/1345
f 1498/32/1370 1504/33/1371 1503/34/1372
f 1497/35/1373 1526/36/1374 1499/37/1375
f 1503/34/1372 1502/38/1376 1501/39/1377
f 1501/39/1377 1508/40/1378 1509/41/1379
f 1518/42/1380 1525/43/1381 1507/44/1382
f 1514/45/1383 1513/46/1384 1505/47/1385
f 1497/35/1373 1510/48/1386 1517/49/1387
f 1517/49/1387 1511/50/1388 1516/51/1389
f 1511/50/1388 1515/52/1390 1516/51/1389
f 1512/53/1391 1514/45/1383 1515/52/1390
f 1506/54/1392 1522/55/1393 1521/56/1394
f 1521/56/1394 1523/57/1395 1520/58/1396
f 1520/58/1396 1524/59/1397 1519/60/1398
f 1519/60/1398 1525/43/1381 1518/42/1380
f 1509/41/1379 1497/35/1373 1506/54/1392
f 1508/40/1378 1502/38/1376 1526/36/1374
f 1528/32/1399 1534/33/1400 1533/34/1401
f 1527/35/1402 1556/36/1403 1529/37/1404
f 1533/34/1401 1532/38/1405 1531/39/1406
f 1531/39/1406 1538/40/1407 1539/41/1408
f 1548/42/1409 1555/43/1410 1537/44/1411
f 1544/45/1412 1543/46/1413 1535/47/1414
f 1527/35/1402 1540/48/1415 1547/49/1416
f 1547/49/1416 1541/50/1417 1546/51/1418
f 1541/50/1417 1545/52/1419 1546/51/1418
f 1542/53/1420 1544/45/1412 1545/52/1419
f 1536/54/1421 1552/55/1422 1551/56/1423
f 1551/56/1423 1553/57/1424 1550/58/1425
f 1550/58/1425 1554/59/1426 1549/60/1427
f 1549/60/1427 1555/43/1410 1548/42/1409
f 1539/41/1408 1527/35/1402 1536/54/1421
f 1538/40/1407 1532/38/1405 1556/36/1403
f 1558/32/1428 1564/33/1429 1563/34/1430
f 1557/35/1431 1586/36/1432 1559/37/1433
f 1563/34/1430 1562/38/1434 1561/39/1435
f 1561/39/1435 1568/40/1436 1569/41/1437
f 1578/42/1438 1585/43/1439 1567/44/1440
f 1574/45/1441 1573/46/1442 1565/47/1443
f 1557/35/1431 1570/48/1444 1577/49/1445
f 1577/49/1445 1571/50/1446 1576/51/1447
f 1571/50/1446 1575/52/1448 1576/51/1447
f 1572/53/1449 1574/45/1441 1575/52/1448
f 1566/54/1450 1582/55/1451 1581/56/1452
f 1581/56/1452 1583/57/1453 1580/58/1454
f 1580/58/1454 1584/59/1455 1579/60/1456
f 1579/60/1456 1585/43/1439 1578/42/1438
f 1569/41/1437 1557/35/1431 1566/54/1450
f 1568/40/1436 1562/38/1434 1586/36/1432
f 1588/32/1457 1594/33/1458 1593/34/1459
f 1587/35/1460 1616/36/1461 1589/37/1462
f 1593/34/1459 1592/38/1463 1591/39/1464
f 1591/39/1464 1598/40/1465 1599/41/1466
f 1608/42/1467 1615/43/1468 1597/44/1469
f 1604/45/1470 1603/46/1471 1595/47/1472
f 1587/35/1460 1600/48/1473 1607/49/1474
f 1607/49/1474 1601/50/1475 1606/51/1476
f 1601/50/1475 1605/52/1477 1606/51/1476
f 1602/53/1478 1604/45/1470 1605/52/1477
f 1596/54/1479 1612/55/1480 1611/56/1481
f 1611/56/1481 1613/57/1482 1610/58/1483
f 1610/58/1483 1614/59/1484 1609/60/1485
f 1609/60/1485 1615/43/1468 1608/42/1467
f 1599/41/1466 1587/35/1460 1596/54/1479
f 1598/40/1465 1592/38/1463 1616/36/1461
f 1618/32/1486 1624/33/1487 1623/34/1488
f 1617/35/1489 1646/36/1490 1619/37/1491
f 1623/34/1488 1622/38/1492 1621/39/1493
f 1621/39/1493 1628/40/1494 1629/41/1495
f 1638/42/1496 1645/43/1497 1627/44/1498
f 1634/45/1499 1633/46/1500 1625/47/1501
f 1617/35/1489 1630/48/1502 1637/49/1503
f 1637/49/1503 1631/50/1504 1636/51/1505
f 1631/50/1504 1635/52/1506 1636/51/1505
f 1632/53/1507 1634/45/1499 1635/52/1506
f 1626/54/1508 1642/55/1509 1641/56/1510
f 1641/56/1510 1643/57/1511 1640/58/1512
f 1640/58/1512 1644/59/1513 1639/60/1514
f 1639/60/1514 1645/43/1497 1638/42/1496
f 1629/41/1495 1617/35/1489 1626/54/1508
f 1628/40/1494 1622/38/1492 1646/36/1490
f 1648/32/1515 1654/33/1516 1653/34/1517
f 1647/35/1518 1676/36/1519 1649/37/1520
f 1653/34/1517 1652/38/1521 1651/39/1522
f 1651/39/1522 1658/40/1523 1659/41/1524
f 1668/42/1525 1675/43/1526 1657/44/1527
f 1664/45/1528 1663/46/1529 1655/47/1530
f 1647/35/1518 1660/48/1531 1667/49/1532
f 1667/49/1532 1661/50/1533 1666/51/1534
f 1661/50/1533 1665/52/1535 1666/51/1534
f 1662/53/1536 1664/45/1528 1665/52/1535
f 1656/54/1537 1672/55/1538 1671/56/1539
f 1671/56/1539 1673/57/1540 1670/58/1541
f 1670/58/1541 1674/59/1542 1669/60/1543
f 1669/60/1543 1675/43/1526 1668/42/1525
f 1659/41/1524 1647/35/1518 1656/54/1537
f 1658/40/1523 1652/38/1521 1676/36/1519
f 1678/32/1544 1684/33/1545 1683/34/1546
f 1677/35/1547 1706/36/1548 1679/37/1549
f 1683/34/1546 1682/38/1550 1681/39/1551
f 1681/39/1551 1688/40/1552 1689/41/1553
f 1698/42/1554 1705/43/1555 1687/44/1556
f 1694/45/1557 1693/46/1558 1685/47/1559
f 1677/35/1547 1690/48/1560 1697/49/1561
f 1697/49/1561 1691/50/1562 1696/51/1563
f 1691/50/1562 1695/52/1564 1696/51/1563
f 1692/53/1565 1694/45/1557 1695/52/1564
f 1686/54/1566 1702/55/1567 1701/56/1568
f 1701/56/1568 1703/57/1569 1700/58/1570
f 1700/58/1570 1704/59/1571 1699/60/1572
f 1699/60/1572 1705/43/1555 1698/42/1554
f 1689/41/1553 1677/35/1547 1686/54/1566
f 1688/40/1552 1682/38/1550 1706/36/1548
f 1708/32/1573 1714/33/1574 1713/34/1575
f 1707/35/1576 1736/36/1577 1709/37/1578
f 1713/34/1575 1712/38/1579 1711/39/1580
f 1711/39/1580 1718/40/1581 1719/41/1582
f 1728/42/1583 1735/43/1584 1717/44/1585
f 1724/45/1586 1723/46/1587 1715/47/1588
f 1707/35/1576 1720/48/1589 1727/49/1590
f 1727/49/1590 1721/50/1591 1726/51/1592
f 1721/50/1591 1725/52/1593 1726/51/1592
f 1722/53/1594 1724/45/1586 1725/52/1593
f 1716/54/1595 1732/55/1596 1731/56/1597
f 1731/56/1597 1733/57/1598 1730/58/1599
f 1730/58/1599 1734/59/1600 1729/60/1601
f 1729/60/1601 1735/43/1584 1728/42/1583
f 1719/41/1582 1707/35/1576 1716/54/1595
f 1718/40/1581 1712/38/1579 1736/36/1577
f 1737/61/1602 1740/62/1603 1738/63/1604
f 1738/63/1604 1741/64/1605 1743/65/1606
f 1743/65/1606 1742/66/1607 1744/67/1608
f 1744/67/1608 1747/68/1609 1745/69/1610
f 1745/69/1610 1748/70/1611 1746/71/1612
f 1746/71/1612 1749/72/1613 1750/73/1614
f 1750/73/1614 1751/74/1615 1753/75/1616
f 1753/75/1616 1752/76/1617 1754/77/1618
f 1754/77/1618 1752/76/1617 1755/78/1619
f 1756/61/1620 1759/62/1621 1757/63/1622
f 1757/63/1622 1760/64/1623 1762/65/1624
f 1762/65/1624 1761/66/1625 1763/67/1626
f 1763/67/1626 1766/68/1627 1764/69/1628
f 1764/69/1628 1767/70/1629 1765/71/1630
f 1765/71/1630 1768/72/1631 1769/73/1632
f 1769/73/1632 1770/74/1633 1772/75/1634
f 1772/75/1634 1771/76/1635 1773/77/1636
f 1773/77/1636 1771/76/1635 1774/78/1637
f 1775/61/1638 1778/62/1639 1776/63/1640
f 1776/63/1640 1779/64/1641 1781/65/1642
f 1781/65/1642 1780/66/1643 1782/67/1644
f 1782/67/1644 1785/68/1645 1783/69/1646
f 1783/69/1646 1786/70/1647 1784/71/1648
f 1784/71/1648 1787/72/1649 1788/73/1650
f 1788/73/1650 1789/74/1651 1791/75/1652
f 1791/75/1652 1790/76/1653 1792/77/1654
f 1792/77/1654 1790/76/1653 1793/78/1655
f 1794/61/1656 1797/62/1657 1795/63/1658
f 1795/63/1658 1798/64/1659 1800/65/1660
f 1800/65/1660 1799/66/1661 1801/67/1662
f 1801/67/1662 1804/68/1663 1802/69/1664
f 1802/69/1664 1805/70/1665 1803/71/1666
f 1803/71/1666 1806/72/1667 1807/73/1668
f 1807/73/1668 1808/74/1669 1810/75/1670
f 1810/75/1670 1809/76/1671 1811/77/1672
f 1811/77/1672 1809/76/1671 1812/78/1673
f 1813/61/1674 1816/62/1675 1814/63/1676
f 1814/63/1676 1817/64/1677 1819/65/1678
f 1819/65/1678 1818/66/1679 1820/67/1680
f 1820/67/1680 1823/68/1681 1821/69/1682
f 1821/69/1682 1824/70/1683 1822/71/1684
f 1822/71/1684 1825/72/1685 1826/73/1686
f 1826/73/1686 1827/74/1687 1829/75/1688
f 1829/75/1688 1828/76/1689 1830/77/1690
f 1830/77/1690 1828/76/1689 1831/78/1691
f 1832/61/1692 1835/62/1693 1833/63/1694
f 1833/63/1694 1836/64/1695 1838/65/1696
f 1838/65/1696 1837/66/1697 1839/67/1698
f 1839/67/1698 1842/68/1699 1840/69/1700
f 1840/69/1700 1843/70/1701 1841/71/1702
f 1841/71/1702 1844/72/1703 1845/73/1704
f 1845/73/1704 1846/74/1705 1848/75/1706
f 1848/75/1706 1847/76/1707 1849/77/1708
f 1849/77/1708 1847/76/1707 1850/78/1709
f 1851/61/1710 1854/62/1711 1852/63/1712
f 1852/63/1712 1855/64/1713 1857/65/1714
f 1857/65/1714 1856/66/1715 1858/67/1716
f 1858/67/1716 1861/68/1717 1859/69/1718
f 1859/69/1718 1862/70/1719 1860/71/1720
f 1860/71/1720 1863/72/1721 1864/73/1722
f 1864/73/1722 1865/74/1723 1867/75/1724
f 1867/75/1724 1866/76/1725 1868/77/1726
f 1868/77/1726 1866/76/1725 1869/78/1727
f 1870/61/1728 1873/62/1729 1871/63/1730
f 1871/63/1730 1874/64/1731 1876/65/1732
f 1876/65/1732 1875/66/1733 1877/67/1734
f 1877/67/1734 1880/68/1735 1878/69/1736
f 1878/69/1736 1881/70/1737 1879/71/1738
f 1879/71/1738 1882/72/1739 1883/73/1740
f 1883/73/1740 1884/74/1741 1886/75/1742
f 1886/75/1742 1885/76/1743 1887/77/1744
f 1887/77/1744 1885/76/1743 1888/78/1745
f 1889/61/1746 1892/62/1747 1890/63/1748
f 1890/63/1748 1893/64/1749 1895/65/1750
f 1895/65/1750 1894/66/1751 1896/67/1752
f 1896/67/1752 1899/68/1753 1897/69/1754
f 1897/69/1754 1900/70/1755 1898/71/1756
f 1898/71/1756 1901/72/1757 1902/73/1758
f 1902/73/1758 1903/74/1759 1905/75/1760
f 1905/75/1760 1904/76/1761 1906/77/1762
f 1906/77/1762 1904/76/1761 1907/78/1763
f 1908/61/1764 1911/62/1765 1909/63/1766
f 1909/63/1766 1912/64/1767 1914/65/1768
f 1914/65/1768 1913/66/1769 1915/67/1770
f 1915/67/1770 1918/68/1771 1916/69/1772
f 1916/69/1772 1919/70/1773 1917/71/1774
f 1917/71/1774 1920/72/1775 1921/73/1776
f 1921/73/1776 1922/74/1777 1924/75/1778
f 1924/75/1778 1923/76/1779 1925/77/1780
f 1925/77/1780 1923/76/1779 1926/78/1781
f 1927/79/1782 1930/80/1783 1928/81/1784
f 1928/81/1784 1931/82/1785 1933/83/1786
f 1933/83/1786 1932/84/1787 1934/85/1788
f 1932/84/1787 1935/86/1789 1934/85/1788
f 1935/86/1789 1936/87/1790 1938/88/1791
f 1937/89/1792 1936/87/1790 1935/86/1789
f 1938/88/1791 1936/87/1790 1939/90/1793
f 1936/87/1790 1941/91/1794 1942/92/1795
f 1942/92/1795 1943/93/1796 1944/94/1796
f 1946/92/1797 1947/93/1797 1948/94/1797
f 1949/1/1798 1952/2/1799 1950/3/1799
f 1952/2/1799 1954/4/1800 1950/3/1799
f 1953/5/1801 1957/6/1802 1954/4/1800
f 1957/6/1802 1956/7/1803 1958/8/1804
f 1954/4/1800 1957/6/1802 1959/9/1805
f 1957/6/1802 1962/10/1806 1960/11/1807
f 1962/10/1806 1961/12/1808 1960/11/1807
f 1961/12/1808 1963/13/1809 1964/14/1810
f 1958/8/1804 1967/15/1811 1965/16/1812
f 1967/15/1811 1966/17/1813 1965/16/1812
f 1968/18/1814 1967/15/1811 1956/7/1803
f 1971/19/1815 1967/15/1811 1968/18/1814
f 1972/20/1816 1970/21/1817 1971/19/1815
f 1969/22/1818 1974/23/1819 1966/17/1813
f 1974/23/1819 1975/24/1820 1976/25/1821
f 1981/26/1822 1980/25/1823 1986/27/1824
f 1978/23/1825 1983/28/1826 1984/29/1827
f 1984/29/1827 1982/30/1828 1985/31/1829
f 1982/30/1828 1986/27/1824 1985/31/1829
f 1988/95/1830 1989/96/1831 1987/97/1832
f 1987/97/1832 1992/98/1833 1990/99/1834
f 1990/99/1834 1993/100/1835 1991/101/1836
f 1991/101/1836 1994/102/1837 1995/103/1838
f 1995/103/1838 1996/104/1839 1998/105/1840
f 1998/105/1840 1997/106/1841 1999/107/1842
f 1999/107/1842 1997/106/1841 2000/108/1843
f 1995/103/1838 2003/109/1844 1991/101/1836
f 2003/109/1844 2002/110/1845 2004/111/1846
f 2002/110/1845 2005/112/1847 2004/111/1846
f 2005/112/1847 2008/113/1848 2006/114/1849
f 2006/114/1849 2008/113/1848 2009/115/1850
f 2012/95/1851 2013/96/1852 2011/97/1853
f 2011/97/1853 2016/98/1854 2014/99/1855
f 2014/99/1855 2017/100/1856 2015/101/1857
f 2015/101/1857 2018/102/1858 2019/103/1859
f 2019/103/1859 2020/104/1860 2022/105/1861
f 2022/105/1861 2021/106/1862 2023/107/1863
f 2023/107/1863 2021/106/1862 2024/108/1864
f 2019/103/1859 2027/109/1865 2015/101/1857
f 2027/109/1865 2026/110/1866 2028/111/1867
f 2026/110/1866 2029/112/1868 2028/111/1867
f 2029/112/1868 2032/113/1869 2030/114/1870
f 2030/114/1870 2032/113/1869 2033/115/1871
f 2036/95/1872 2037/96/1873 2035/97/1874
f 2035/97/1874 2040/98/1875 2038/99/1876
f 2038/99/1876 2041/100/1877 2039/101/1878
f 2039/101/1878 2042/102/1879 2043/103/1880
f 2043/103/1880 2044/104/1881 2046/105/1882
f 2046/105/1882 2045/106/1883 2047/107/1884
f 2047/107/1884 2045/106/1883 2048/108/1885
f 2043/103/1880 2051/109/1886 2039/101/1878
f 2051/109/1886 2050/110/1887 2052/111/1888
f 2050/110/1887 2053/112/1889 2052/111/1888
f 2053/112/1889 2056/113/1890 2054/114/1891
f 2054/114/1891 2056/113/1890 2057/115/1892
f 2060/95/1893 2061/96/1894 2059/97/1895
f 2059/97/1895 2064/98/1896 2062/99/1897
f 2062/99/1897 2065/100/1898 2063/101/1899
f 2063/101/1899 2066/102/1900 2067/103/1901
f 2067/103/1901 2068/104/1902 2070/105/1903
f 2070/105/1903 2069/106/1904 2071/107/1905
f 2071/107/1905 2069/106/1904 2072/108/1906
f 2067/103/1901 2075/109/1907 2063/101/1899
f 2075/109/1907 2074/110/1908 2076/111/1909
f 2074/110/1908 2077/112/1910 2076/111/1909
f 2077/112/1910 2080/113/1911 2078/114/1912
f 2078/114/1912 2080/113/1911 2081/115/1913
f 2084/95/1914 2085/96/1915 2083/97/1916
f 2083/97/1916 2088/98/1917 2086/99/1918
f 2086/99/1918 2089/100/1919 2087/101/1920
f 2087/101/1920 2090/102/1921 2091/103/1922
f 2091/103/1922 2092/104/1923 2094/105/1924
f 2094/105/1924 2093/106/1925 2095/107/1926
f 2095/107/1926 2093/106/1925 2096/108/1927
f 2091/103/1922 2099/109/1928 2087/101/1920
f 2099/109/1928 2098/110/1929 2100/111/1930
f 2098/110/1929 2101/112/1931 2100/111/1930
f 2101/112/1931 2104/113/1932 2102/114/1933
f 2102/114/1933 2104/113/1932 2105/115/1934
f 2108/95/1935 2109/96/1936 2107/97/1937
f 2107/97/1937 2112/98/1938 2110/99/1939
f 2110/99/1939 2113/100/1940 2111/101/1941
f 2111/101/1941 2114/102/1942 2115/103/1943
f 2115/103/1943 2116/104/1944 2118/105/1945
f 2118/105/1945 2117/106/1946 2119/107/1947
f 2119/107/1947 2117/106/1946 2120/108/1948
f 2115/103/1943 2123/109/1949 2111/101/1941
f 2123/109/1949 2122/110/1950 2124/111/1951
f 2122/110/1950 2125/112/1952 2124/111/1951
f 2125/112/1952 2128/113/1953 2126/114/1954
f 2126/114/1954 2128/113/1953 2129/115/1955
f 2132/95/1956 2133/96/1957 2131/97/1958
f 2131/97/1958 2136/98/1959 2134/99/1960
f 2134/99/1960 2137/100/1961 2135/101/1962
f 2135/101/1962 2138/102/1963 2139/103/1964
f 2139/103/1964 2140/104/1965 2142/105/1966
f 2142/105/1966 2141/106/1967 2143/107/1968
f 2143/107/1968 2141/106/1967 2144/108/1969
f 2139/103/1964 2147/109/1970 2135/101/1962
f 2147/109/1970 2146/110/1971 2148/111/1972
f 2146/110/1971 2149/112/1973 2148/111/1972
f 2149/112/1973 2152/113/1974 2150/114/1975
f 2150/114/1975 2152/113/1974 2153/115/1976
f 2156/95/1977 2157/96/1978 2155/97/1979
f 2155/97/1979 2160/98/1980 2158/99/1981
f 2158/99/1981 2161/100/1982 2159/101/1983
f 2159/101/1983 2162/102/1984 2163/103/1985
f 2163/103/1985 2164/104/1986 2166/105/1987
f 2166/105/1987 2165/106/1988 2167/107/1989
f 2167/107/1989 2165/106/1988 2168/108/1990
f 2163/103/1985 2171/109/1991 2159/101/1983
f 2171/109/1991 2170/110/1992 2172/111/1993
f 2170/110/1992 2173/112/1994 2172/111/1993
f 2173/112/1994 2176/113/1995 2174/114/1996
f 2174/114/1996 2176/113/1995 2177/115/1997
f 2180/95/1998 2181/96/1999 2179/97/2000
f 2179/97/2000 2184/98/2001 2182/99/2002
f 2182/99/2002 2185/100/2003 2183/101/2004
f 2183/101/2004 2186/102/2005 2187/103/2006
f 2187/103/2006 2188/104/2007 2190/105/2008
f 2190/105/2008 2189/106/2009 2191/107/2010
f 2191/107/2010 2189/106/2009 2192/108/2011
f 2187/103/2006 2195/109/2012 2183/101/2004
f 2195/109/2012 2194/110/2013 2196/111/2014
f 2194/110/2013 2197/112/2015 2196/111/2014
f 2197/112/2015 2200/113/2016 2198/114/2017
f 2198/114/2017 2200/113/2016 2201/115/2018
f 2204/95/2019 2205/96/2020 2203/97/2021
f 2203/97/2021 2208/98/2022 2206/99/2023
f 2206/99/2023 2209/100/2024 2207/101/2025
f 2207/101/2025 2210/102/2026 2211/103/2027
f 2211/103/2027 2212/104/2028 2214/105/2029
f 2214/105/2029 2213/106/2030 2215/107/2031
f 2215/107/2031 2213/106/2030 2216/108/2032
f 2211/103/2027 2219/109/2033 2207/101/2025
f 2219/109/2033 2218/110/2034 2220/111/2035
f 2218/110/2034 2221/112/2036 2220/111/2035
f 2221/112/2036 2224/113/2037 2222/114/2038
f 2222/114/2038 2224/113/2037 2225/115/2039
f 2228/116/2040 2229/117/2041 2227/118/2042
f 2227/118/2042 2232/119/2043 2230/120/2044
f 2230/120/2044 2233/121/2045 2231/122/2046
f 2231/122/2046 2234/123/2047 2236/124/2048
f 2234/123/2047 2237/125/2049 2236/124/2048
f 2236/124/2048 2239/126/2050 2231/122/2046
f 2239/126/2050 2238/127/2051 2240/128/2052
f 2235/129/2053 2241/130/2054 2237/125/2049
f 2241/130/2054 2244/131/2055 2243/132/2056
f 2252/133/2057 2249/131/2058 2248/132/2059
f 2246/130/2060 2255/134/2061 2250/135/2062
f 2250/135/2062 2254/136/2063 2251/137/2064
f 2251/137/2064 2253/138/2065 2252/133/2057
f 2257/32/2066 2263/33/2067 2262/34/2068
f 2256/35/2069 2285/36/2070 2258/37/2071
f 2262/34/2068 2261/38/2072 2260/39/2073
f 2260/39/2073 2267/40/2074 2268/41/2075
f 2277/42/2076 2284/43/2077 2266/44/2078
f 2273/45/2079 2272/46/2080 2264/47/2081
f 2256/35/2069 2269/48/2082 2276/49/2083
f 2276/49/2083 2270/50/2084 2275/51/2085
f 2270/50/2084 2274/52/2086 2275/51/2085
f 2271/53/2087 2273/45/2079 2274/52/2086
f 2265/54/2088 2281/55/2089 2280/56/2090
f 2280/56/2090 2282/57/2091 2279/58/2092
f 2279/58/2092 2283/59/2093 2278/60/2094
f 2278/60/2094 2284/43/2077 2277/42/2076
f 2268/41/2075 2256/35/2069 2265/54/2088
f 2267/40/2074 2261/38/2072 2285/36/2070
f 2287/32/2095 2293/33/2096 2292/34/2097
f 2286/35/2098 2315/36/2099 2288/37/2100
f 2292/34/2097 2291/38/2101 2290/39/2102
f 2290/39/2102 2297/40/2103 2298/41/2104
f 2307/42/2105 2314/43/2106 2296/44/2107
f 2303/45/2108 2302/46/2109 2294/47/2110
f 2286/35/2098 2299/48/2111 2306/49/2112
f 2306/49/2112 2300/50/2113 2305/51/2114
f 2300/50/2113 2304/52/2115 2305/51/2114
f 2301/53/2116 2303/45/2108 2304/52/2115
f 2295/54/2117 2311/55/2118 2310/56/2119
f 2310/56/2119 2312/57/2120 2309/58/2121
f 2309/58/2121 2313/59/2122 2308/60/2123
f 2308/60/2123 2314/43/2106 2307/42/2105
f 2298/41/2104 2286/35/2098 2295/54/2117
f 2297/40/2103 2291/38/2101 2315/36/2099
f 2317/32/2124 2323/33/2125 2322/34/2126
f 2316/35/2127 2345/36/2128 2318/37/2129
f 2322/34/2126 2321/38/2130 2320/39/2131
f 2320/39/2131 2327/40/2132 2328/41/2133
f 2337/42/2134 2344/43/2135 2326/44/2136
f 2333/45/2137 2332/46/2138 2324/47/2139
f 2316/35/2127 2329/48/2140 2336/49/2141
f 2336/49/2141 2330/50/2142 2335/51/2143
f 2330/50/2142 2334/52/2144 2335/51/2143
f 2331/53/2145 2333/45/2137 2334/52/2144
f 2325/54/2146 2341/55/2147 2340/56/2148
f 2340/56/2148 2342/57/2149 2339/58/2150
f 2339/58/2150 2343/59/2151 2338/60/2152
f 2338/60/2152 2344/43/2135 2337/42/2134
f 2328/41/2133 2316/35/2127 2325/54/2146
f 2327/40/2132 2321/38/2130 2345/36/2128
f 2347/32/2153 2353/33/2154 2352/34/2155
f 2346/35/2156 2375/36/2157 2348/37/2158
f 2352/34/2155 2351/38/2159 2350/39/2160
f 2350/39/2160 2357/40/2161 2358/41/2162
f 2367/42/2163 2374/43/2164 2356/44/2165
f 2363/45/2166 2362/46/2167 2354/47/2168
f 2346/35/2156 2359/48/2169 2366/49/2170
f 2366/49/2170 2360/50/2171 2365/51/2172
f 2360/50/2171 2364/52/2173 2365/51/2172
f 2361/53/2174 2363/45/2166 2364/52/2173
f 2355/54/2175 2371/55/2176 2370/56/2177
f 2370/56/2177 2372/57/2178 2369/58/2179
f 2369/58/2179 2373/59/2180 2368/60/2181
f 2368/60/2181 2374/43/2164 2367/42/2163
f 2358/41/2162 2346/35/2156 2355/54/2175
f 2357/40/2161 2351/38/2159 2375/36/2157
f 2377/32/2182 2383/33/2183 2382/34/2184
f 2376/35/2185 2405/36/2186 2378/37/2187
f 2382/34/2184 2381/38/2188 2380/39/2189
f 2380/39/2189 2387/40/2190 2388/41/2191
f 2397/42/2192 2404/43/2193 2386/44/2194
f 2393/45/2195 2392/46/2196 2384/47/2197
f 2376/35/2185 2389/48/2198 2396/49/2199
f 2396/49/2199 2390/50/2200 2395/51/2201
f 2390/50/2200 2394/52/2202 2395/51/2201
f 2391/53/2203 2393/45/2195 2394/52/2202
f 2385/54/2204 2401/55/2205 2400/56/2206
f 2400/56/2206 2402/57/2207 2399/58/2208
f 2399/58/2208 2403/59/2209 2398/60/2210
f 2398/60/2210 2404/43/2193 2397/42/2192
f 2388/41/2191 2376/35/2185 2385/54/2204
f 2387/40/2190 2381/38/2188 2405/36/2186
f 2407/32/2211 2413/33/2212 2412/34/2213
f 2406/35/2214 2435/36/2215 2408/37/2216
f 2412/34/2213 2411/38/2217 2410/39/2218
f 2410/39/2218 2417/40/2219 2418/41/2220
f 2427/42/2221 2434/43/2222 2416/44/2223
f 2423/45/2224 2422/46/2225 2414/47/2226
f 2406/35/2214 2419/48/2227 2426/49/2228
f 2426/49/2228 2420/50/2229 2425/51/2230
f 2420/50/2229 2424/52/2231 2425/51/2230
f 2421/53/2232 2423/45/2224 2424/52/2231
f 2415/54/2233 2431/55/2234 2430/56/2235
f 2430/56/2235 2432/57/2236 2429/58/2237
f 2429/58/2237 2433/59/2238 2428/60/2239
f 2428/60/2239 2434/43/2222 2427/42/2221
f 2418/41/2220 2406/35/2214 2415/54/2233
f 2417/40/2219 2411/38/2217 2435/36/2215
f 2437/32/2240 2443/33/2241 2442/34/2242
f 2436/35/2243 2465/36/2244 2438/37/2245
f 2442/34/2242 2441/38/2246 2440/39/2247
f 2440/39/2247 2447/40/2248 2448/41/2249
f 2457/42/2250 2464/43/2251 2446/44/2252
f 2453/45/2253 2452/46/2254 2444/47/2255
f 2436/35/2243 2449/48/2256 2456/49/2257
f 2456/49/2257 2450/50/2258 2455/51/2259
f 2450/50/2258 2454/52/2260 2455/51/2259
f 2451/53/2261 2453/45/2253 2454/52/2260
f 2445/54/2262 2461/55/2263 2460/56/2264
f 2460/56/2264 2462/57/2265 2459/58/2266
f 2459/58/2266 2463/59/2267 2458/60/2268
f 2458/60/2268 2464/43/2251 2457/42/2250
f 2448/41/2249 2436/35/2243 2445/54/2262
f 2447/40/2248 2441/38/2246 2465/36/2244
f 2467/32/2269 2473/33/2270 2472/34/2271
f 2466/35/2272 2495/36/2273 2468/37/2274
f 2472/34/2271 2471/38/2275 2470/39/2276
f 2470/39/2276 2477/40/2277 2478/41/2278
f 2487/42/2279 2494/43/2280 2476/44/2281
f 2483/45/2282 2482/46/2283 2474/47/2284
f 2466/35/2272 2479/48/2285 2486/49/2286
f 2486/49/2286 2480/50/2287 2485/51/2288
f 2480/50/2287 2484/52/2289 2485/51/2288
f 2481/53/2290 2483/45/2282 2484/52/2289
f 2475/54/2291 2491/55/2292 2490/56/2293
f 2490/56/2293 2492/57/2294 2489/58/2295
f 2489/58/2295 2493/59/2296 2488/60/2297
f 2488/60/2297 2494/43/2280 2487/42/2279
f 2478/41/2278 2466/35/2272 2475/54/2291
f 2477/40/2277 2471/38/2275 2495/36/2273
f 2497/32/2298 2503/33/2299 2502/34/2300
f 2496/35/2301 2525/36/2302 2498/37/2303
f 2502/34/2300 2501/38/2304 2500/39/2305
f 2500/39/2305 2507/40/2306 2508/41/2307
f 2517/42/2308 2524/43/2309 2506/44/2310
f 2513/45/2311 2512/46/2312 2504/47/2313
f 2496/35/2301 2509/48/2314 2516/49/2315
f 2516/49/2315 2510/50/2316 2515/51/2317
f 2510/50/2316 2514/52/2318 2515/51/2317
f 2511/53/2319 2513/45/2311 2514/52/2318
f 2505/54/2320 2521/55/2321 2520/56/2322
f 2520/56/2322 2522/57/2323 2519/58/2324
f 2519/58/2324 2523/59/2325 2518/60/2326
f 2518/60/2326 2524/43/2309 2517/42/2308
f 2508/41/2307 2496/35/2301 2505/54/2320
f 2507/40/2306 2501/38/2304 2525/36/2302
f 2527/32/2327 2533/33/2328 2532/34/2329
f 2526/35/2330 2555/36/2331 2528/37/2332
f 2532/34/2329 2531/38/2333 2530/39/2334
f 2530/39/2334 2537/40/2335 2538/41/2336
f 2547/42/2337 2554/43/2338 2536/44/2339
f 2543/45/2340 2542/46/2341 2534/47/2342
f 2526/35/2330 2539/48/2343 2546/49/2344
f 2546/49/2344 2540/50/2345 2545/51/2346
f 2540/50/2345 2544/52/2347 2545/51/2346
f 2541/53/2348 2543/45/2340 2544/52/2347
f 2535/54/2349 2551/55/2350 2550/56/2351
f 2550/56/2351 2552/57/2352 2549/58/2353
f 2549/58/2353 2553/59/2354 2548/60/2355
f 2548/60/2355 2554/43/2338 2547/42/2337
f 2538/41/2336 2526/35/2330 2535/54/2349
f 2537/40/2335 2531/38/2333 2555/36/2331
f 2556/61/2356 2559/62/2357 2557/63/2358
f 2557/63/2358 2560/64/2359 2562/65/2360
f 2562/65/2360 2561/66/2361 2563/67/2362
f 2563/67/2362 2566/68/2363 2564/69/2364
f 2564/69/2364 2567/70/2365 2565/71/2366
f 2565/71/2366 2568/72/2367 2569/73/2368
f 2569/73/2368 2570/74/2369 2572/75/2370
f 2572/75/2370 2571/76/2371 2573/77/2372
f 2573/77/2372 2571/76/2371 2574/78/2373
f 2575/61/2374 2578/62/2375 2576/63/2376
f 2576/63/2376 2579/64/2377 2581/65/2378
f 2581/65/2378 2580/66/2379 2582/67/2380
f 2582/67/2380 2585/68/2381 2583/69/2382
f 2583/69/2382 2586/70/2383 2584/71/2384
f 2584/71/2384 2587/72/2385 2588/73/2386
f 2588/73/2386 2589/74/2387 2591/75/2388
f 2591/75/2388 2590/76/2389 2592/77/2390
f 2592/77/2390 2590/76/2389 2593/78/2391
f 2594/61/2392 2597/62/2393 2595/63/2394
f 2595/63/2394 2598/64/2395 2600/65/2396
f 2600/65/2396 2599/66/2397 2601/67/2398
f 2601/67/2398 2604/68/2399 2602/69/2400
f 2602/69/2400 2605/70/2401 2603/71/2402
f 2603/71/2402 2606/72/2403 2607/73/2404
f 2607/73/2404 2608/74/2405 2610/75/2406
f 2610/75/2406 2609/76/2407 2611/77/2408
f 2611/77/2408 2609/76/2407 2612/78/2409
f 2613/61/2410 2616/62/2411 2614/63/2412
f 2614/63/2412 2617/64/2413 2619/65/2414
f 2619/65/2414 2618/66/2415 2620/67/2416
f 2620/67/2416 2623/68/2417 2621/69/2418
f 2621/69/2418 2624/70/2419 2622/71/2420
f 2622/71/2420 2625/72/2421 2626/73/2422
f 2626/73/2422 2627/74/2423 2629/75/2424
f 2629/75/2424 2628/76/2425 2630/77/2426
f 2630/77/2426 2628/76/2425 2631/78/2427
f 2632/61/2428 2635/62/2429 2633/63/2430
f 2633/63/2430 2636/64/2431 2638/65/2432
f 2638/65/2432 2637/66/2433 2639/67/2434
f 2639/67/2434 2642/68/2435 2640/69/2436
f 2640/69/2436 2643/70/2437 2641/71/2438
f 2641/71/2438 2644/72/2439 2645/73/2440
f 2645/73/2440 2646/74/2441 2648/75/2442
f 2648/75/2442 2647/76/2443 2649/77/2444
f 2649/77/2444 2647/76/2443 2650/78/2445
f 2651/61/2446 2654/62/2447 2652/63/2448
f 2652/63/2448 2655/64/2449 2657/65/2450
f 2657/65/2450 2656/66/2451 2658/67/2452
f 2658/67/2452 2661/68/2453 2659/69/2454
f 2659/69/2454 2662/70/2455 2660/71/2456
f 2660/71/2456 2663/72/2457 2664/73/2458
f 2664/73/2458 2665/74/2459 2667/75/2460
f 2667/75/2460 2666/76/2461 2668/77/2462
f 2668/77/2462 2666/76/2461 2669/78/2463
f 2670/61/2464 2673/62/2465 2671/63/2466
f 2671/63/2466 2674/64/2467 2676/65/2468
f 2676/65/2468 2675/66/2469 2677/67/2470
f 2677/67/2470 2680/68/2471 2678/69/2472
f 2678/69/2472 2681/70/2473 2679/71/2474
f 2679/71/2474 2682/72/2475 2683/73/2476
f 2683/73/2476 2684/74/2477 2686/75/2478
f 2686/75/2478 2685/76/2479 2687/77/2480
f 2687/77/2480 2685/76/2479 2688/78/2481
f 2689/61/2482 2692/62/2483 2690/63/2484
f 2690/63/2484 2693/64/2485 2695/65/2486
f 2695/65/2486 2694/66/2487 2696/67/2488
f 2696/67/2488 2699/68/2489 2697/69/2490
f 2697/69/2490 2700/70/2491 2698/71/2492
f 2698/71/2492 2701/72/2493 2702/73/2494
f 2702/73/2494 2703/74/2495 2705/75/2496
f 2705/75/2496 2704/76/2497 2706/77/2498
f 2706/77/2498 2704/76/2497 2707/78/2499
f 2708/61/2500 2711/62/2501 2709/63/2502
f 2709/63/2502 2712/64/2503 2714/65/2504
f 2714/65/2504 2713/66/2505 2715/67/2506
f 2715/67/2506 2718/68/2507 2716/69/2508
f 2716/69/2508 2719/70/2509 2717/71/2510
f 2717/71/2510 2720/72/2511 2721/73/2512
f 2721/73/2512 2722/74/2513 2724/75/2514
f 2724/75/2514 2723/76/2515 2725/77/2516
f 2725/77/2516 2723/76/2515 2726/78/2517
f 2727/61/2518 2730/62/2519 2728/63/2520
f 2728/63/2520 2731/64/2521 2733/65/2522
f 2733/65/2522 2732/66/2523 2734/67/2524
f 2734/67/2524 2737/68/2525 2735/69/2526
f 2735/69/2526 2738/70/2527 2736/71/2528
f 2736/71/2528 2739/72/2529 2740/73/2530
f 2740/73/2530 2741/74/2531 2743/75/2532
f 2743/75/2532 2742/76/2533 2744/77/2534
f 2744/77/2534 2742/76/2533 2745/78/2535
f 2746/79/2536 2749/80/2537 2747/81/2538
f 2747/81/2538 2750/82/2539 2752/83/2540
f 2752/83/2540 2751/84/2541 2753/85/2542
f 2751/84/2541 2754/86/2543 2753/85/2542
f 2754/86/2543 2755/87/2544 2757/88/2545
f 2756/89/2546 2755/87/2544 2754/86/2543
f 2757/88/2545 2755/87/2544 2758/90/2547
f 2755/87/2544 2760/91/2548 2761/92/2549
f 2761/92/2549 2762/93/2550 2763/94/2550
f 2765/92/2551 2766/93/2551 2767/94/2551
f 2768/1/2552 2771/2/2553 2769/3/2554
f 2771/2/2553 2773/4/2555 2769/3/2554
f 2772/5/2556 2776/6/2557 2773/4/2555
f 2776/6/2557 2775/7/2558 2777/8/2559
f 2773/4/2555 2776/6/2557 2778/9/2560
f 2776/6/2557 2781/10/2561 2779/11/2562
f 2781/10/2561 2780/12/2563 2779/11/2562
f 2780/12/2563 2782/13/2564 2783/14/2565
f 2777/8/2559 2786/15/2566 2784/16/2567
f 2786/15/2566 2785/17/2568 2784/16/2567
f 2787/18/2569 2786/15/2566 2775/7/2558
f 2790/19/2570 2786/15/2566 2787/18/2569
f 2791/20/2571 2789/21/2572 2790/19/2570
f 2788/22/2573 2793/23/2574 2785/17/2568
f 2793/23/2574 2794/24/2575 2795/25/2576
f 2800/26/2577 2799/25/2578 2805/27/2579
f 2797/23/2580 2802/28/2581 2803/29/2582
f 2803/29/2582 2801/30/2583 2804/31/2584
f 2801/30/2583 2805/27/2579 2804/31/2584
f 2807/95/2585 2808/96/2586 2806/97/2587
f 2806/97/2587 2811/98/2588 2809/99/2589
f 2809/99/2589 2812/100/2590 2810/101/2591
f 2810/101/2591 2813/102/2592 2814/103/2593
f 2814/103/2593 2815/104/2594 2817/105/2595
f 2817/105/2595 2816/106/2596 2818/107/2597
f 2818/107/2597 2816/106/2596 2819/108/2598
f 2814/103/2593 2822/109/2599 2810/101/2591
f 2822/109/2599 2821/110/2600 2823/111/2601
f 2821/110/2600 2824/112/2602 2823/111/2601
f 2824/112/2602 2827/113/2603 2825/114/2604
f 2825/114/2604 2827/113/2603 2828/115/2605
f 2831/95/2606 2832/96/2607 2830/97/2608
f 2830/97/2608 2835/98/2609 2833/99/2610
f 2833/99/2610 2836/100/2611 2834/101/2612
f 2834/101/2612 2837/102/2613 2838/103/2614
f 2838/103/2614 2839/104/2615 2841/105/2616
f 2841/105/2616 2840/106/2617 2842/107/2618
f 2842/107/2618 2840/106/2617 2843/108/2619
f 2838/103/2614 2846/109/2620 2834/101/2612
f 2846/109/2620 2845/110/2621 2847/111/2622
f 2845/110/2621 2848/112/2623 2847/111/2622
f 2848/112/2623 2851/113/2624 2849/114/2625
f 2849/114/2625 2851/113/2624 2852/115/2626
f 2855/95/2627 2856/96/2628 2854/97/2629
f 2854/97/2629 2859/98/2630 2857/99/2631
f 2857/99/2631 2860/100/2632 2858/101/2633
f 2858/101/2633 2861/102/2634 2862/103/2635
f 2862/103/2635 2863/104/2636 2865/105/2637
f 2865/105/2637 2864/106/2638 2866/107/2639
f 2866/107/2639 2864/106/2638 2867/108/2640
f 2862/103/2635 2870/109/2641 2858/101/2633
f 2870/109/2641 2869/110/2642 2871/111/2643
f 2869/110/2642 2872/112/2644 2871/111/2643
f 2872/112/2644 2875/113/2645 2873/114/2646
f 2873/114/2646 2875/113/2645 2876/115/2647
f 2879/95/2648 2880/96/2649 2878/97/2650
f 2878/97/2650 2883/98/2651 2881/99/2652
f 2881/99/2652 2884/100/2653 2882/101/2654
f 2882/101/2654 2885/102/2655 2886/103/2656
f 2886/103/2656 2887/104/2657 2889/105/2658
f 2889/105/2658 2888/106/2659 2890/107/2660
f 2890/107/2660 2888/106/2659 2891/108/2661
f 2886/103/2656 2894/109/2662 2882/101/2654
f 2894/109/2662 2893/110/2663 2895/111/2664
f 2893/110/2663 2896/112/2665 2895/111/2664
f 2896/112/2665 2899/113/2666 2897/114/2667
f 2897/114/2667 2899/113/2666 2900/115/2668
f 2903/95/2669 2904/96/2670 2902/97/2671
f 2902/97/2671 2907/98/2672 2905/99/2673
f 2905/99/2673 2908/100/2674 2906/101/2675
f 2906/101/2675 2909/102/2676 2910/103/2677
f 2910/103/2677 2911/104/2678 2913/105/2679
f 2913/105/2679 2912/106/2680 2914/107/2681
f 2914/107/2681 2912/106/2680 2915/108/2682
f 2910/103/2677 2918/109/2683 2906/101/2675
f 2918/109/2683 2917/110/2684 2919/111/2685
f 2917/110/2684 2920/112/2686 2919/111/2685
f 2920/112/2686 2923/113/2687 2921/114/2688
f 2921/114/2688 2923/113/2687 2924/115/2689
f 2927/95/2690 2928/96/2691 2926/97/2692
f 2926/97/2692 2931/98/2693 2929/99/2694
f 2929/99/2694 2932/100/2695 2930/101/2696
f 2930/101/2696 2933/102/2697 2934/103/2698
f 2934/103/2698 2935/104/2699 2937/105/2700
f 2937/105/2700 2936/106/2701 2938/107/2702
f 2938/107/2702 2936/106/2701 2939/108/2703
f 2934/103/2698 2942/109/2704 2930/101/2696
f 2942/109/2704 2941/110/2705 2943/111/2706
f 2941/110/2705 2944/112/2707 2943/111/2706
f 2944/112/2707 2947/113/2708 2945/114/2709
f 2945/114/2709 2947/113/2708 2948/115/2710
f 2951/95/2711 2952/96/2712 2950/97/2713
f 2950/97/2713 2955/98/2714 2953/99/2715
f 2953/99/2715 2956/100/2716 2954/101/2717
f 2954/101/2717 2957/102/2718 2958/103/2719
f 2958/103/2719 2959/104/2720 2961/105/2721
f 2961/105/2721 2960/106/2722 2962/107/2723
f 2962/107/2723 2960/106/2722 2963/108/2724
f 2958/103/2719 2966/109/2725 2954/101/2717
f 2966/109/2725 2965/110/2726 2967/111/2727
f 2965/110/2726 2968/112/2728 2967/111/2727
f 2968/112/2728 2971/113/2729 2969/114/2730
f 2969/114/2730 2971/113/2729 2972/115/2731
f 2975/95/2732 2976/96/2733 2974/97/2734
f 2974/97/2734 2979/98/2735 2977/99/2736
f 2977/99/2736 2980/100/2737 2978/101/2738
f 2978/101/2738 2981/102/2739 2982/103/2740
f 2982/103/2740 2983/104/2741 2985/105/2742
f 2985/105/2742 2984/106/2743 2986/107/2744
f 2986/107/2744 2984/106/2743 2987/108/2745
f 2982/103/2740 2990/109/2746 2978/101/2738
f 2990/109/2746 2989/110/2747 2991/111/2748
f 2989/110/2747 2992/112/2749 2991/111/2748
f 2992/112/2749 2995/113/2750 2993/114/2751
f 2993/114/2751 2995/113/2750 2996/115/2752
f 2999/95/2753 3000/96/2754 2998/97/2755
f 2998/97/2755 3003/98/2756 3001/99/2757
f 3001/99/2757 3004/100/2758 3002/101/2759
f 3002/101/2759 3005/102/2760 3006/103/2761
f 3006/103/2761 3007/104/2762 3009/105/2763
f 3009/105/2763 3008/106/2764 3010/107/2765
f 3010/107/2765 3008/106/2764 3011/108/2766
f 3006/103/2761 3014/109/2767 3002/101/2759
f 3014/109/2767 3013/110/2768 3015/111/2769
f 3013/110/2768 3016/112/2770 3015/111/2769
f 3016/112/2770 3019/113/2771 3017/114/2772
f 3017/114/2772 3019/113/2771 3020/115/2773
f 3023/95/2774 3024/96/2775 3022/97/2776
f 3022/97/2776 3027/98/2777 3025/99/2778
f 3025/99/2778 3028/100/2779 3026/101/2780
f 3026/101/2780 3029/102/2781 3030/103/2782
f 3030/103/2782 3031/104/2783 3033/105/2784
f 3033/105/2784 3032/106/2785 3034/107/2786
f 3034/107/2786 3032/106/2785 3035/108/2787
f 3030/103/2782 3038/109/2788 3026/101/2780
f 3038/109/2788 3037/110/2789 3039/111/2790
f 3037/110/2789 3040/112/2791 3039/111/2790
f 3040/112/2791 3043/113/2792 3041/114/2793
f 3041/114/2793 3043/113/2792 3044/115/2794
f 3047/116/2795 3048/117/2796 3046/118/2797
f 3046/118/2797 3051/119/2798 3049/120/2799
f 3049/120/2799 3052/121/2800 3050/122/2801
f 3050/122/2801 3053/123/2802 3055/124/2803
f 3053/123/2802 3056/125/2804 3055/124/2803
f 3055/124/2803 3058/126/2805 3050/122/2801
f 3058/126/2805 3057/127/2806 3059/128/2807
f 3054/129/2808 3060/130/2809 3056/125/2804
f 3060/130/2809 3063/131/2810 3062/132/2811
f 3071/133/2812 3068/131/2813 3067/132/2814
f 3065/130/2815 3074/134/2816 3069/135/2817
f 3069/135/2817 3073/136/2818 3070/137/2819
f 3070/137/2819 3072/138/2820 3071/133/2812
f 3076/32/2821 3082/33/2822 3081/34/2823
f 3075/35/2824 3104/36/2825 3077/37/2826
f 3081/34/2823 3080/38/2827 3079/39/2828
f 3079/39/2828 3086/40/2829 3087/41/2830
f 3096/42/2831 3103/43/2832 3085/44/2833
f 3092/45/2834 3091/46/2835 3083/47/2836
f 3075/35/2824 3088/48/2837 3095/49/2838
f 3095/49/2838 3089/50/2839 3094/51/2840
f 3089/50/2839 3093/52/2841 3094/51/2840
f 3090/53/2842 3092/45/2834 3093/52/2841
f 3084/54/2843 3100/55/2844 3099/56/2845
f 3099/56/2845 3101/57/2846 3098/58/2847
f 3098/58/2847 3102/59/2848 3097/60/2849
f 3097/60/2849 3103/43/2832 3096/42/2831
f 3087/41/2830 3075/35/2824 3084/54/2843
f 3086/40/2829 3080/38/2827 3104/36/2825
f 3106/32/2850 3112/33/2851 3111/34/2852
f 3105/35/2853 3134/36/2854 3107/37/2855
f 3111/34/2852 3110/38/2856 3109/39/2857
f 3109/39/2857 3116/40/2858 3117/41/2859
f 3126/42/2860 3133/43/2861 3115/44/2862
f 3122/45/2863 3121/46/2864 3113/47/2865
f 3105/35/2853 3118/48/2866 3125/49/2867
f 3125/49/2867 3119/50/2868 3124/51/2869
f 3119/50/2868 3123/52/2870 3124/51/2869
f 3120/53/2871 3122/45/2863 3123/52/2870
f 3114/54/2872 3130/55/2873 3129/56/2874
f 3129/56/2874 3131/57/2875 3128/58/2876
f 3128/58/2876 3132/59/2877 3127/60/2878
f 3127/60/2878 3133/43/2861 3126/42/2860
f 3117/41/2859 3105/35/2853 3114/54/2872
f 3116/40/2858 3110/38/2856 3134/36/2854
f 3136/32/2879 3142/33/2880 3141/34/2881
f 3135/35/2882 3164/36/2883 3137/37/2884
f 3141/34/2881 3140/38/2885 3139/39/2886
f 3139/39/2886 3146/40/2887 3147/41/2888
f 3156/42/2889 3163/43/2890 3145/44/2891
f 3152/45/2892 3151/46/2893 3143/47/2894
f 3135/35/2882 3148/48/2895 3155/49/2896
f 3155/49/2896 3149/50/2897 3154/51/2898
f 3149/50/2897 3153/52/2899 3154/51/2898
f 3150/53/2900 3152/45/2892 3153/52/2899
f 3144/54/2901 3160/55/2902 3159/56/2903
f 3159/56/2903 3161/57/2904 3158/58/2905
f 3158/58/2905 3162/59/2906 3157/60/2907
f 3157/60/2907 3163/43/2890 3156/42/2889
f 3147/41/2888 3135/35/2882 3144/54/2901
f 3146/40/2887 3140/38/2885 3164/36/2883
f 3166/32/2908 3172/33/2909 3171/34/2910
f 3165/35/2911 3194/36/2912 3167/37/2913
f 3171/34/2910 3170/38/2914 3169/39/2915
f 3169/39/2915 3176/40/2916 3177/41/2917
f 3186/42/2918 3193/43/2919 3175/44/2920
f 3182/45/2921 3181/46/2922 3173/47/2923
f 3165/35/2911 3178/48/2924 3185/49/2925
f 3185/49/2925 3179/50/2926 3184/51/2927
f 3179/50/2926 3183/52/2928 3184/51/2927
f 3180/53/2929 3182/45/2921 3183/52/2928
f 3174/54/2930 3190/55/2931 3189/56/2932
f 3189/56/2932 3191/57/2933 3188/58/2934
f 3188/58/2934 3192/59/2935 3187/60/2936
f 3187/60/2936 3193/43/2919 3186/42/2918
f 3177/41/2917 3165/35/2911 3174/54/2930
f 3176/40/2916 3170/38/2914 3194/36/2912
f 3196/32/2937 3202/33/2938 3201/34/2939
f 3195/35/2940 3224/36/2941 3197/37/2942
f 3201/34/2939 3200/38/2943 3199/39/2944
f 3199/39/2944 3206/40/2945 3207/41/2946
f 3216/42/2947 3223/43/2948 3205/44/2949
f 3212/45/2950 3211/46/2951 3203/47/2952
f 3195/35/2940 3208/48/2953 3215/49/2954
f 3215/49/2954 3209/50/2955 3214/51/2956
f 3209/50/2955 3213/52/2957 3214/51/2956
f 3210/53/2958 3212/45/2950 3213/52/2957
f 3204/54/2959 3220/55/2960 3219/56/2961
f 3219/56/2961 3221/57/2962 3218/58/2963
f 3218/58/2963 3222/59/2964 3217/60/2965
f 3217/60/2965 3223/43/2948 3216/42/2947
f 3207/41/2946 3195/35/2940 3204/54/2959
f 3206/40/2945 3200/38/2943 3224/36/2941
f 3226/32/2966 3232/33/2967 3231/34/2968
f 3225/35/2969 3254/36/2970 3227/37/2971
f 3231/34/2968 3230/38/2972 3229/39/2973
f 3229/39/2973 3236/40/2974 3237/41/2975
f 3246/42/2976 3253/43/2977 3235/44/2978
f 3242/45/2979 3241/46/2980 3233/47/2981
f 3225/35/2969 3238/48/2982 3245/49/2983
f 3245/49/2983 3239/50/2984 3244/51/2985
f 3239/50/2984 3243/52/2986 3244/51/2985
f 3240/53/2987 3242/45/2979 3243/52/2986
f 3234/54/2988 3250/55/2989 3249/56/2990
f 3249/56/2990 3251/57/2991 3248/58/2992
f 3248/58/2992 3252/59/2993 3247/60/2994
f 3247/60/2994 3253/43/2977 3246/42/2976
f 3237/41/2975 3225/35/2969 3234/54/2988
f 3236/40/2974 3230/38/2972 3254/36/2970
f 3256/32/2995 3262/33/2996 3261/34/2997
f 3255/35/2998 3284/36/2999 3257/37/3000
f 3261/34/2997 3260/38/3001 3259/39/3002
f 3259/39/3002 3266/40/3003 3267/41/3004
f 3276/42/3005 3283/43/3006 3265/44/3007
f 3272/45/3008 3271/46/3009 3263/47/3010
f 3255/35/2998 3268/48/3011 3275/49/3012
f 3275/49/3012 3269/50/3013 3274/51/3014
f 3269/50/3013 3273/52/3015 3274/51/3014
f 3270/53/3016 3272/45/3008 3273/52/3015
f 3264/54/3017 3280/55/3018 3279/56/3019
f 3279/56/3019 3281/57/3020 3278/58/3021
f 3278/58/3021 3282/59/3022 3277/60/3023
f 3277/60/3023 3283/43/3006 3276/42/3005
f 3267/41/3004 3255/35/2998 3264/54/3017
f 3266/40/3003 3260/38/3001 3284/36/2999
f 3286/32/3024 3292/33/3025 3291/34/3026
f 3285/35/3027 3314/36/3028 3287/37/3029
f 3291/34/3026 3290/38/3030 3289/39/3031
f 3289/39/3031 3296/40/3032 3297/41/3033
f 3306/42/3034 3313/43/3035 3295/44/3036
f 3302/45/3037 3301/46/3038 3293/47/3039
f 3285/35/3027 3298/48/3040 3305/49/3041
f 3305/49/3041 3299/50/3042 3304/51/3043
f 3299/50/3042 3303/52/3044 3304/51/3043
f 3300/53/3045 3302/45/3037 3303/52/3044
f 3294/54/3046 3310/55/3047 3309/56/3048
f 3309/56/3048 3311/57/3049 3308/58/3050
f 3308/58/3050 3312/59/3051 3307/60/3052
f 3307/60/3052 3313/43/3035 3306/42/3034
f 3297/41/3033 3285/35/3027 3294/54/3046
f 3296/40/3032 3290/38/3030 3314/36/3028
f 3316/32/3053 3322/33/3054 3321/34/3055
f 3315/35/3056 3344/36/3057 3317/37/3058
f 3321/34/3055 3320/38/3059 3319/39/3060
f 3319/39/3060 3326/40/3061 3327/41/3062
f 3336/42/3063 3343/43/3064 3325/44/3065
f 3332/45/3066 3331/46/3067 3323/47/3068
f 3315/35/3056 3328/48/3069 3335/49/3070
f 3335/49/3070 3329/50/3071 3334/51/3072
f 3329/50/3071 3333/52/3073 3334/51/3072
f 3330/53/3074 3332/45/3066 3333/52/3073
f 3324/54/3075 3340/55/3076 3339/56/3077
f 3339/56/3077 3341/57/3078 3338/58/3079
f 3338/58/3079 3342/59/3080 3337/60/3081
f 3337/60/3081 3343/43/3064 3336/42/3063
f 3327/41/3062 3315/35/3056 3324/54/3075
f 3326/40/3061 3320/38/3059 3344/36/3057
f 3346/32/3082 3352/33/3083 3351/34/3084
f 3345/35/3085 3374/36/3086 3347/37/3087
f 3351/34/3084 3350/38/3088 3349/39/3089
f 3349/39/3089 3356/40/3090 3357/41/3091
f 3366/42/3092 3373/43/3093 3355/44/3094
f 3362/45/3095 3361/46/3096 3353/47/3097
f 3345/35/3085 3358/48/3098 3365/49/3099
f 3365/49/3099 3359/50/3100 3364/51/3101
f 3359/50/3100 3363/52/3102 3364/51/3101
f 3360/53/3103 3362/45/3095 3363/52/3102
f 3354/54/3104 3370/55/3105 3369/56/3106
f 3369/56/3106 3371/57/3107 3368/58/3108
f 3368/58/3108 3372/59/3109 3367/60/3110
f 3367/60/3110 3373/43/3093 3366/42/3092
f 3357/41/3091 3345/35/3085 3354/54/3104
f 3356/40/3090 3350/38/3088 3374/36/3086
f 3375/61/3111 3378/62/3112 3376/63/3113
f 3376/63/3113 3379/64/3114 3381/65/3115
f 3381/65/3115 3380/66/3116 3382/67/3117
f 3382/67/3117 3385/68/3118 3383/69/3119
f 3383/69/3119 3386/70/3120 3384/71/3121
f 3384/71/3121 3387/72/3122 3388/73/3123
f 3388/73/3123 3389/74/3124 3391/75/3125
f 3391/75/3125 3390/76/3126 3392/77/3127
f 3392/77/3127 3390/76/3126 3393/78/3128
f 3394/61/3129 3397/62/3130 3395/63/3131
f 3395/63/3131 3398/64/3132 3400/65/3133
f 3400/65/3133 3399/66/3134 3401/67/3135
f 3401/67/3135 3404/68/3136 3402/69/3137
f 3402/69/3137 3405/70/3138 3403/71/3139
f 3403/71/3139 3406/72/3140 3407/73/3141
f 3407/73/3141 3408/74/3142 3410/75/3143
f 3410/75/3143 3409/76/3144 3411/77/3145
f 3411/77/3145 3409/76/3144 3412/78/3146
f 3413/61/3147 3416/62/3148 3414/63/3149
f 3414/63/3149 3417/64/3150 3419/65/3151
f 3419/65/3151 3418/66/3152 3420/67/3153
f 3420/67/3153 3423/68/3154 3421/69/3155
f 3421/69/3155 3424/70/3156 3422/71/3157
f 3422/71/3157 3425/72/3158 3426/73/3159
f 3426/73/3159 3427/74/3160 3429/75/3161
f 3429/75/3161 3428/76/3162 3430/77/3163
f 3430/77/3163 3428/76/3162 3431/78/3164
f 3432/61/3165 3435/62/3166 3433/63/3167
f 3433/63/3167 3436/64/3168 3438/65/3169
f 3438/65/3169 3437/66/3170 3439/67/3171
f 3439/67/3171 3442/68/3172 3440/69/3173
f 3440/69/3173 3443/70/3174 3441/71/3175
f 3441/71/3175 3444/72/3176 3445/73/3177
f 3445/73/3177 3446/74/3178 3448/75/3179
f 3448/75/3179 3447/76/3180 3449/77/3181
f 3449/77/3181 3447/76/3180 3450/78/3182
f 3451/61/3183 3454/62/3184 3452/63/3185
f 3452/63/3185 3455/64/3186 3457/65/3187
f 3457/65/3187 3456/66/3188 3458/67/3189
f 3458/67/3189 3461/68/3190 3459/69/3191
f 3459/69/3191 3462/70/3192 3460/71/3193
f 3460/71/3193 3463/72/3194 3464/73/3195
f 3464/73/3195 3465/74/3196 3467/75/3197
f 3467/75/3197 3466/76/3198 3468/77/3199
f 3468/77/3199 3466/76/3198 3469/78/3200
f 3470/61/3201 3473/62/3202 3471/63/3203
f 3471/63/3203 3474/64/3204 3476/65/3205
f 3476/65/3205 3475/66/3206 3477/67/3207
f 3477/67/3207 3480/68/3208 3478/69/3209
f 3478/69/3209 3481/70/3210 3479/71/3211
f 3479/71/3211 3482/72/3212 3483/73/3213
f 3483/73/3213 3484/74/3214 3486/75/3215
f 3486/75/3215 3485/76/3216 3487/77/3217
f 3487/77/3217 3485/76/3216 3488/78/3218
f 3489/61/3219 3492/62/3220 3490/63/3221
f 3490/63/3221 3493/64/3222 3495/65/3223
f 3495/65/3223 3494/66/3224 3496/67/3225
f 3496/67/3225 3499/68/3226 3497/69/3227
f 3497/69/3227 3500/70/3228 3498/71/3229
f 3498/71/3229 3501/72/3230 3502/73/3231
f 3502/73/3231 3503/74/3232 3505/75/3233
f 3505/75/3233 3504/76/3234 3506/77/3235
f 3506/77/3235 3504/76/3234 3507/78/3236
f 3508/61/3237 3511/62/3238 3509/63/3239
f 3509/63/3239 3512/64/3240 3514/65/3241
f 3514/65/3241 3513/66/3242 3515/67/3243
f 3515/67/3243 3518/68/3244 3516/69/3245
f 3516/69/3245 3519/70/3246 3517/71/3247
f 3517/71/3247 3520/72/3248 3521/73/3249
f 3521/73/3249 3522/74/3250 3524/75/3251
f 3524/75/3251 3523/76/3252 3525/77/3253
f 3525/77/3253 3523/76/3252 3526/78/3254
f 3527/61/3255 3530/62/3256 3528/63/3257
f 3528/63/3257 3531/64/3258 3533/65/3259
f 3533/65/3259 3532/66/3260 3534/67/3261
f 3534/67/3261 3537/68/3262 3535/69/3263
f 3535/69/3263 3538/70/3264 3536/71/3265
f 3536/71/3265 3539/72/3266 3540/73/3267
f 3540/73/3267 3541/74/3268 3543/75/3269
f 3543/75/3269 3542/76/3270 3544/77/3271
f 3544/77/3271 3542/76/3270 3545/78/3272
f 3546/61/3273 3549/62/3274 3547/63/3275
f 3547/63/3275 3550/64/3276 3552/65/3277
f 3552/65/3277 3551/66/3278 3553/67/3279
f 3553/67/3279 3556/68/3280 3554/69/3281
f 3554/69/3281 3557/70/3282 3555/71/3283
f 3555/71/3283 3558/72/3284 3559/73/3285
f 3559/73/3285 3560/74/3286 3562/75/3287
f 3562/75/3287 3561/76/3288 3563/77/3289
f 3563/77/3289 3561/76/3288 3564/78/3290
f 3565/79/3291 3568/80/3292 3566/81/3293
f 3566/81/3293 3569/82/3294 3571/83/3295
f 3571/83/3295 3570/84/3296 3572/85/3297
f 3570/84/3296 3573/86/3298 3572/85/3297
f 3573/86/3298 3574/87/3299 3576/88/3300
f 3575/89/3301 3574/87/3299 3573/86/3298
f 3576/88/3300 3574/87/3299 3577/90/3302
f 3574/87/3299 3579/91/3303 3580/92/3304
f 3580/92/3304 3581/93/3305 3582/94/3305
f 3584/92/3306 3585/93/3306 3586/94/3306
f 3588/95/3307 3589/96/3308 3587/97/3309
f 3587/97/3309 3592/98/3310 3590/99/3311
f 3590/99/3311 3593/100/3312 3591/101/3313
f 3591/101/3313 3594/102/3314 3595/103/3315
f 3595/103/3315 3596/104/3316 3598/105/3317
f 3598/105/3317 3597/106/3318 3599/107/3319
f 3599/107/3319 3597/106/3318 3600/108/3320
f 3595/103/3315 3603/109/3321 3591/101/3313
f 3603/109/3321 3602/110/3322 3604/111/3323
f 3602/110/3322 3605/112/3324 3604/111/3323
f 3605/112/3324 3608/113/3325 3606/114/3326
f 3606/114/3326 3608/113/3325 3609/115/3327
f 3612/95/3328 3613/96/3329 3611/97/3330
f 3611/97/3330 3616/98/3331 3614/99/3332
f 3614/99/3332 3617/100/3333 3615/101/3334
f 3615/101/3334 3618/102/3335 3619/103/3336
f 3619/103/3336 3620/104/3337 3622/105/3338
f 3622/105/3338 3621/106/3339 3623/107/3340
f 3623/107/3340 3621/106/3339 3624/108/3341
f 3619/103/3336 3627/109/3342 3615/101/3334
f 3627/109/3342 3626/110/3343 3628/111/3344
f 3626/110/3343 3629/112/3345 3628/111/3344
f 3629/112/3345 3632/113/3346 3630/114/3347
f 3630/114/3347 3632/113/3346 3633/115/3348
f 3636/95/3349 3637/96/3350 3635/97/3351
f 3635/97/3351 3640/98/3352 3638/99/3353
f 3638/99/3353 3641/100/3354 3639/101/3355
f 3639/101/3355 3642/102/3356 3643/103/3357
f 3643/103/3357 3644/104/3358 3646/105/3359
f 3646/105/3359 3645/106/3360 3647/107/3361
f 3647/107/3361 3645/106/3360 3648/108/3362
f 3643/103/3357 3651/109/3363 3639/101/3355
f 3651/109/3363 3650/110/3364 3652/111/3365
f 3650/110/3364 3653/112/3366 3652/111/3365
f 3653/112/3366 3656/113/3367 3654/114/3368
f 3654/114/3368 3656/113/3367 3657/115/3369
f 3660/95/3370 3661/96/3371 3659/97/3372
f 3659/97/3372 3664/98/3373 3662/99/3374
f 3662/99/3374 3665/100/3375 3663/101/3376
f 3663/101/3376 3666/102/3377 3667/103/3378
f 3667/103/3378 3668/104/3379 3670/105/3380
f 3670/105/3380 3669/106/3381 3671/107/3382
f 3671/107/3382 3669/106/3381 3672/108/3383
f 3667/103/3378 3675/109/3384 3663/101/3376
f 3675/109/3384 3674/110/3385 3676/111/3386
f 3674/110/3385 3677/112/3387 3676/111/3386
f 3677/112/3387 3680/113/3388 3678/114/3389
f 3678/114/3389 3680/113/3388 3681/115/3390
f 3684/95/3391 3685/96/3392 3683/97/3393
f 3683/97/3393 3688/98/3394 3686/99/3395
f 3686/99/3395 3689/100/3396 3687/101/3397
f 3687/101/3397 3690/102/3398 3691/103/3399
f 3691/103/3399 3692/104/3400 3694/105/3401
f 3694/105/3401 3693/106/3402 3695/107/3403
f 3695/107/3403 3693/106/3402 3696/108/3404
f 3691/103/3399 3699/109/3405 3687/101/3397
f 3699/109/3405 3698/110/3406 3700/111/3407
f 3698/110/3406 3701/112/3408 3700/111/3407
f 3701/112/3408 3704/113/3409 3702/114/3410
f 3702/114/3410 3704/113/3409 3705/115/3411
f 3708/95/3412 3709/96/3413 3707/97/3414
f 3707/97/3414 3712/98/3415 3710/99/3416
f 3710/99/3416 3713/100/3417 3711/101/3418
f 3711/101/3418 3714/102/3419 3715/103/3420
f 3715/103/3420 3716/104/3421 3718/105/3422
f 3718/105/3422 3717/106/3423 3719/107/3424
f 3719/107/3424 3717/106/3423 3720/108/3425
f 3715/103/3420 3723/109/3426 3711/101/3418
f 3723/109/3426 3722/110/3427 3724/111/3428
f 3722/110/3427 3725/112/3429 3724/111/3428
f 3725/112/3429 3728/113/3430 3726/114/3431
f 3726/114/3431 3728/113/3430 3729/115/3432
f 3732/95/3433 3733/96/3434 3731/97/3435
f 3731/97/3435 3736/98/3436 3734/99/3437
f 3734/99/3437 3737/100/3438 3735/101/3439
f 3735/101/3439 3738/102/3440 3739/103/3441
f 3739/103/3441 3740/104/3442 3742/105/3443
f 3742/105/3443 3741/106/3444 3743/107/3445
f 3743/107/3445 3741/106/3444 3744/108/3446
f 3739/103/3441 3747/109/3447 3735/101/3439
f 3747/109/3447 3746/110/3448 3748/111/3449
f 3746/110/3448 3749/112/3450 3748/111/3449
f 3749/112/3450 3752/113/3451 3750/114/3452
f 3750/114/3452 3752/113/3451 3753/115/3453
f 3756/95/3454 3757/96/3455 3755/97/3456
f 3755/97/3456 3760/98/3457 3758/99/3458
f 3758/99/3458 3761/100/3459 3759/101/3460
f 3759/101/3460 3762/102/3461 3763/103/3462
f 3763/103/3462 3764/104/3463 3766/105/3464
f 3766/105/3464 3765/106/3465 3767/107/3466
f 3767/107/3466 3765/106/3465 3768/108/3467
f 3763/103/3462 3771/109/3468 3759/101/3460
f 3771/109/3468 3770/110/3469 3772/111/3470
f 3770/110/3469 3773/112/3471 3772/111/3470
f 3773/112/3471 3776/113/3472 3774/114/3473
f 3774/114/3473 3776/113/3472 3777/115/3474
f 3780/95/3475 3781/96/3476 3779/97/3477
f 3779/97/3477 3784/98/3478 3782/99/3479
f 3782/99/3479 3785/100/3480 3783/101/3481
f 3783/101/3481 3786/102/3482 3787/103/3483
f 3787/103/3483 3788/104/3484 3790/105/3485
f 3790/105/3485 3789/106/3486 3791/107/3487
f 3791/107/3487 3789/106/3486 3792/108/3488
f 3787/103/3483 3795/109/3489 3783/101/3481
f 3795/109/3489 3794/110/3490 3796/111/3491
f 3794/110/3490 3797/112/3492 3796/111/3491
f 3797/112/3492 3800/113/3493 3798/114/3494
f 3798/114/3494 3800/113/3493 3801/115/3495
f 3804/95/3496 3805/96/3497 3803/97/3498
f 3803/97/3498 3808/98/3499 3806/99/3500
f 3806/99/3500 3809/100/3501 3807/101/3502
f 3807/101/3502 3810/102/3503 3811/103/3504
f 3811/103/3504 3812/104/3505 3814/105/3506
f 3814/105/3506 3813/106/3507 3815/107/3508
f 3815/107/3508 3813/106/3507 3816/108/3509
f 3811/103/3504 3819/109/3510 3807/101/3502
f 3819/109/3510 3818/110/3511 3820/111/3512
f 3818/110/3511 3821/112/3513 3820/111/3512
f 3821/112/3513 3824/113/3514 3822/114/3515
f 3822/114/3515 3824/113/3514 3825/115/3516
f 3828/116/3517 3829/117/3518 3827/118/3519
f 3827/118/3519 3832/119/3520 3830/120/3521
f 3830/120/3521 3833/121/3522 3831/122/3523
f 3831/122/3523 3834/123/3524 3836/124/3525
f 3834/123/3524 3837/125/3526 3836/124/3525
f 3836/124/3525 3839/126/3527 3831/122/3523
f 3839/126/3527 3838/127/3528 3840/128/3529
f 3835/129/3530 3841/130/3531 3837/125/3526
f 3841/130/3531 3844/131/3532 3843/132/3533
f 3852/133/3534 3849/131/3535 3848/132/3536
f 3846/130/3537 3855/134/3538 3850/135/3539
f 3850/135/3539 3854/136/3540 3851/137/3541
f 3851/137/3541 3853/138/3542 3852/133/3534
f 3857/32/3543 3863/33/3544 3862/34/3545
f 3856/35/3546 3885/36/3547 3858/37/3548
f 3862/34/3545 3861/38/3549 3860/39/3550
f 3860/39/3550 3867/40/3551 3868/41/3552
f 3877/42/3553 3884/43/3554 3866/44/3555
f 3873/45/3556 3872/46/3557 3864/47/3558
f 3856/35/3546 3869/48/3559 3876/49/3560
f 3876/49/3560 3870/50/3561 3875/51/3562
f 3870/50/3561 3874/52/3563 3875/51/3562
f 3871/53/3564 3873/45/3556 3874/52/3563
f 3865/54/3565 3881/55/3566 3880/56/3567
f 3880/56/3567 3882/57/3568 3879/58/3569
f 3879/58/3569 3883/59/3570 3878/60/3571
f 3878/60/3571 3884/43/3554 3877/42/3553
f 3868/41/3552 3856/35/3546 3865/54/3565
f 3867/40/3551 3861/38/3549 3885/36/3547
f 3887/32/3572 3893/33/3573 3892/34/3574
f 3886/35/3575 3915/36/3576 3888/37/3577
f 3892/34/3574 3891/38/3578 3890/39/3579
f 3890/39/3579 3897/40/3580 3898/41/3581
f 3907/42/3582 3914/43/3583 3896/44/3584
f 3903/45/3585 3902/46/3586 3894/47/3587
f 3886/35/3575 3899/48/3588 3906/49/3589
f 3906/49/3589 3900/50/3590 3905/51/3591
f 3900/50/3590 3904/52/3592 3905/51/3591
f 3901/53/3593 3903/45/3585 3904/52/3592
f 3895/54/3594 3911/55/3595 3910/56/3596
f 3910/56/3596 3912/57/3597 3909/58/3598
f 3909/58/3598 3913/59/3599 3908/60/3600
f 3908/60/3600 3914/43/3583 3907/42/3582
f 3898/41/3581 3886/35/3575 3895/54/3594
f 3897/40/3580 3891/38/3578 3915/36/3576
f 3917/32/3601 3923/33/3602 3922/34/3603
f 3916/35/3604 3945/36/3605 3918/37/3606
f 3922/34/3603 3921/38/3607 3920/39/3608
f 3920/39/3608 3927/40/3609 3928/41/3610
f 3937/42/3611 3944/43/3612 3926/44/3613
f 3933/45/3614 3932/46/3615 3924/47/3616
f 3916/35/3604 3929/48/3617 3936/49/3618
f 3936/49/3618 3930/50/3619 3935/51/3620
f 3930/50/3619 3934/52/3621 3935/51/3620
f 3931/53/3622 3933/45/3614 3934/52/3621
f 3925/54/3623 3941/55/3624 3940/56/3625
f 3940/56/3625 3942/57/3626 3939/58/3627
f 3939/58/3627 3943/59/3628 3938/60/3629
f 3938/60/3629 3944/43/3612 3937/42/3611
f 3928/41/3610 3916/35/3604 3925/54/3623
f 3927/40/3609 3921/38/3607 3945/36/3605
f 3947/32/3630 3953/33/3631 3952/34/3632
f 3946/35/3633 3975/36/3634 3948/37/3635
f 3952/34/3632 3951/38/3636 3950/39/3637
f 3950/39/3637 3957/40/3638 3958/41/3639
f 3967/42/3640 3974/43/3641 3956/44/3642
f 3963/45/3643 3962/46/3644 3954/47/3645
f 3946/35/3633 3959/48/3646 3966/49/3647
f 3966/49/3647 3960/50/3648 3965/51/3649
f 3960/50/3648 3964/52/3650 3965/51/3649
f 3961/53/3651 3963/45/3643 3964/52/3650
f 3955/54/3652 3971/55/3653 3970/56/3654
f 3970/56/3654 3972/57/3655 3969/58/3656
f 3969/58/3656 3973/59/3657 3968/60/3658
f 3968/60/3658 3974/43/3641 3967/42/3640
f 3958/41/3639 3946/35/3633 3955/54/3652
f 3957/40/3638 3951/38/3636 3975/36/3634
f 3977/32/3659 3983/33/3660 3982/34/3661
f 3976/35/3662 4005/36/3663 3978/37/3664
f 3982/34/3661 3981/38/3665 3980/39/3666
f 3980/39/3666 3987/40/3667 3988/41/3668
f 3997/42/3669 4004/43/3670 3986/44/3671
f 3993/45/3672 3992/46/3673 3984/47/3674
f 3976/35/3662 3989/48/3675 3996/49/3676
f 3996/49/3676 3990/50/3677 3995/51/3678
f 3990/50/3677 3994/52/3679 3995/51/3678
f 3991/53/3680 3993/45/3672 3994/52/3679
f 3985/54/3681 4001/55/3682 4000/56/3683
f 4000/56/3683 4002/57/3684 3999/58/3685
f 3999/58/3685 4003/59/3686 3998/60/3687
f 3998/60/3687 4004/43/3670 3997/42/3669
f 3988/41/3668 3976/35/3662 3985/54/3681
f 3987/40/3667 3981/38/3665 4005/36/3663
f 4007/32/3688 4013/33/3689 4012/34/3690
f 4006/35/3691 4035/36/3692 4008/37/3693
f 4012/34/3690 4011/38/3694 4010/39/3695
f 4010/39/3695 4017/40/3696 4018/41/3697
f 4027/42/3698 4034/43/3699 4016/44/3700
f 4023/45/3701 4022/46/3702 4014/47/3703
f 4006/35/3691 4019/48/3704 4026/49/3705
f 4019/48/3704 4025/51/3706 4026/49/3705
f 4020/50/3707 4024/52/3708 4025/51/3706
f 4024/52/3708 4022/46/3702 4023/45/3701
f 4015/54/3709 4031/55/3710 4030/56/3711
f 4030/56/3711 4032/57/3712 4029/58/3713
f 4029/58/3713 4033/59/3714 4028/60/3715
f 4028/60/3715 4034/43/3699 4027/42/3698
f 4018/41/3697 4006/35/3691 4015/54/3709
f 4017/40/3696 4011/38/3694 4035/36/3692
f 4037/32/3716 4043/33/3717 4042/34/3718
f 4036/35/3719 4065/36/3720 4038/37/3721
f 4042/34/3718 4041/38/3722 4040/39/3723
f 4040/39/3723 4047/40/3724 4048/41/3725
f 4057/42/3726 4064/43/3727 4046/44/3728
f 4053/45/3729 4052/46/3730 4044/47/3731
f 4036/35/3719 4049/48/3732 4056/49/3733
f 4056/49/3733 4050/50/3734 4055/51/3735
f 4050/50/3734 4054/52/3736 4055/51/3735
f 4051/53/3737 4053/45/3729 4054/52/3736
f 4045/54/3738 4061/55/3739 4060/56/3740
f 4060/56/3740 4062/57/3741 4059/58/3742
f 4059/58/3742 4063/59/3743 4058/60/3744
f 4058/60/3744 4064/43/3727 4057/42/3726
f 4048/41/3725 4036/35/3719 4045/54/3738
f 4047/40/3724 4041/38/3722 4065/36/3720
f 4067/32/3745 4073/33/3746 4072/34/3747
f 4066/35/3748 4095/36/3749 4068/37/3750
f 4072/34/3747 4071/38/3751 4070/39/3752
f 4070/39/3752 4077/40/3753 4078/41/3754
f 4087/42/3755 4094/43/3756 4076/44/3757
f 4083/45/3758 4082/46/3759 4074/47/3760
f 4066/35/3748 4079/48/3761 4086/49/3762
f 4086/49/3762 4080/50/3763 4085/51/3764
f 4080/50/3763 4084/52/3765 4085/51/3764
f 4081/53/3766 4083/45/3758 4084/52/3765
f 4075/54/3767 4091/55/3768 4090/56/3769
f 4090/56/3769 4092/57/3770 4089/58/3771
f 4089/58/3771 4093/59/3772 4088/60/3773
f 4088/60/3773 4094/43/3756 4087/42/3755
f 4078/41/3754 4066/35/3748 4075/54/3767
f 4077/40/3753 4071/38/3751 4095/36/3749
f 4097/32/3774 4103/33/3775 4102/34/3776
f 4096/35/3777 4125/36/3778 4098/37/3779
f 4102/34/3776 4101/38/3780 4100/39/3781
f 4100/39/3781 4107/40/3782 4108/41/3783
f 4117/42/3784 4124/43/3785 4106/44/3786
f 4113/45/3787 4112/46/3788 4104/47/3789
f 4096/35/3777 4109/48/3790 4116/49/3791
f 4116/49/3791 4110/50/3792 4115/51/3793
f 4110/50/3792 4114/52/3794 4115/51/3793
f 4111/53/3795 4113/45/3787 4114/52/3794
f 4105/54/3796 4121/55/3797 4120/56/3798
f 4120/56/3798 4122/57/3799 4119/58/3800
f 4119/58/3800 4123/59/3801 4118/60/3802
f 4118/60/3802 4124/43/3785 4117/42/3784
f 4108/41/3783 4096/35/3777 4105/54/3796
f 4107/40/3782 4101/38/3780 4125/36/3778
f 4127/32/3803 4133/33/3804 4132/34/3805
f 4126/35/3806 4155/36/3807 4128/37/3808
f 4132/34/3805 4131/38/3809 4130/39/3810
f 4130/39/3810 4137/40/3811 4138/41/3812
f 4147/42/3813 4154/43/3814 4136/44/3815
f 4143/45/3816 4142/46/3817 4134/47/3818
f 4126/35/3806 4139/48/3819 4146/49/3820
f 4146/49/3820 4140/50/3821 4145/51/3822
f 4140/50/3821 4144/52/3823 4145/51/3822
f 4141/53/3824 4143/45/3816 4144/52/3823
f 4135/54/3825 4151/55/3826 4150/56/3827
f 4150/56/3827 4152/57/3828 4149/58/3829
f 4149/58/3829 4153/59/3830 4148/60/3831
f 4148/60/3831 4154/43/3814 4147/42/3813
f 4138/41/3812 4126/35/3806 4135/54/3825
f 4137/40/3811 4131/38/3809 4155/36/3807
f 4156/61/3832 4159/62/3833 4157/63/3834
f 4157/63/3834 4160/64/3835 4162/65/3836
f 4162/65/3836 4161/66/3837 4163/67/3838
f 4163/67/3838 4166/68/3839 4164/69/3840
f 4164/69/3840 4167/70/3841 4165/71/3842
f 4165/71/3842 4168/72/3843 4169/73/3844
f 4169/73/3844 4170/74/3845 4172/75/3846
f 4172/75/3846 4171/76/3847 4173/77/3848
f 4173/77/3848 4171/76/3847 4174/78/3849
f 4175/61/3850 4178/62/3851 4176/63/3852
f 4176/63/3852 4179/64/3853 4181/65/3854
f 4181/65/3854 4180/66/3855 4182/67/3856
f 4182/67/3856 4185/68/3857 4183/69/3858
f 4183/69/3858 4186/70/3859 4184/71/3860
f 4184/71/3860 4187/72/3861 4188/73/3862
f 4188/73/3862 4189/74/3863 4191/75/3864
f 4191/75/3864 4190/76/3865 4192/77/3866
f 4192/77/3866 4190/76/3865 4193/78/3867
f 4194/61/3868 4197/62/3869 4195/63/3870
f 4195/63/3870 4198/64/3871 4200/65/3872
f 4200/65/3872 4199/66/3873 4201/67/3874
f 4201/67/3874 4204/68/3875 4202/69/3876
f 4202/69/3876 4205/70/3877 4203/71/3878
f 4203/71/3878 4206/72/3879 4207/73/3880
f 4207/73/3880 4208/74/3881 4210/75/3882
f 4210/75/3882 4209/76/3883 4211/77/3884
f 4211/77/3884 4209/76/3883 4212/78/3885
f 4213/61/3886 4216/62/3887 4214/63/3888
f 4214/63/3888 4217/64/3889 4219/65/3890
f 4219/65/3890 4218/66/3891 4220/67/3892
f 4220/67/3892 4223/68/3893 4221/69/3894
f 4221/69/3894 4224/70/3895 4222/71/3896
f 4222/71/3896 4225/72/3897 4226/73/3898
f 4226/73/3898 4227/74/3899 4229/75/3900
f 4229/75/3900 4228/76/3901 4230/77/3902
f 4230/77/3902 4228/76/3901 4231/78/3903
f 4232/61/3904 4235/62/3905 4233/63/3906
f 4233/63/3906 4236/64/3907 4238/65/3908
f 4238/65/3908 4237/66/3909 4239/67/3910
f 4239/67/3910 4242/68/3911 4240/69/3912
f 4240/69/3912 4243/70/3913 4241/71/3914
f 4241/71/3914 4244/72/3915 4245/73/3916
f 4245/73/3916 4246/74/3917 4248/75/3918
f 4248/75/3918 4247/76/3919 4249/77/3920
f 4249/77/3920 4247/76/3919 4250/78/3921
f 4251/61/3922 4254/62/3923 4252/63/3924
f 4252/63/3924 4255/64/3925 4257/65/3926
f 4257/65/3926 4256/66/3927 4258/67/3928
f 4258/67/3928 4261/68/3929 4259/69/3930
f 4259/69/3930 4262/70/3931 4260/71/3932
f 4260/71/3932 4263/72/3933 4264/73/3934
f 4264/73/3934 4265/74/3935 4267/75/3936
f 4267/75/3936 4266/76/3937 4268/77/3938
f 4268/77/3938 4266/76/3937 4269/78/3939
f 4270/61/3940 4273/62/3941 4271/63/3942
f 4271/63/3942 4274/64/3943 4276/65/3944
f 4276/65/3944 4275/66/3945 4277/67/3946
f 4277/67/3946 4280/68/3947 4278/69/3948
f 4278/69/3948 4281/70/3949 4279/71/3950
f 4279/71/3950 4282/72/3951 4283/73/3952
f 4283/73/3952 4284/74/3953 4286/75/3954
f 4286/75/3954 4285/76/3955 4287/77/3956
f 4287/77/3956 4285/76/3955 4288/78/3957
f 4289/61/3958 4292/62/3959 4290/63/3960
f 4290/63/3960 4293/64/3961 4295/65/3962
f 4295/65/3962 4294/66/3963 4296/67/3964
f 4296/67/3964 4299/68/3965 4297/69/3966
f 4297/69/3966 4300/70/3967 4298/71/3968
f 4298/71/3968 4301/72/3969 4302/73/3970
f 4302/73/3970 4303/74/3971 4305/75/3972
f 4305/75/3972 4304/76/3973 4306/77/3974
f 4306/77/3974 4304/76/3973 4307/78/3975
f 4308/61/3976 4311/62/3977 4309/63/3978
f 4309/63/3978 4312/64/3979 4314/65/3980
f 4314/65/3980 4313/66/3981 4315/67/3982
f 4315/67/3982 4318/68/3983 4316/69/3984
f 4316/69/3984 4319/70/3985 4317/71/3986
f 4317/71/3986 4320/72/3987 4321/73/3988
f 4321/73/3988 4322/74/3989 4324/75/3990
f 4324/75/3990 4323/76/3991 4325/77/3992
f 4325/77/3992 4323/76/3991 4326/78/3993
f 4327/61/3994 4330/62/3995 4328/63/3996
f 4328/63/3996 4331/64/3997 4333/65/3998
f 4333/65/3998 4332/66/3999 4334/67/4000
f 4334/67/4000 4337/68/4001 4335/69/4002
f 4335/69/4002 4338/70/4003 4336/71/4004
f 4336/71/4004 4339/72/4005 4340/73/4006
f 4340/73/4006 4341/74/4007 4343/75/4008
f 4343/75/4008 4342/76/4009 4344/77/4010
f 4344/77/4010 4342/76/4009 4345/78/4011
f 4346/79/4012 4349/80/4013 4347/81/4014
f 4347/81/4014 4350/82/4015 4352/83/4016
f 4352/83/4016 4351/84/4017 4353/85/4018
f 4351/84/4017 4354/86/4019 4353/85/4018
f 4354/86/4019 4355/87/4020 4357/88/4021
f 4356/89/4022 4355/87/4020 4354/86/4019
f 4357/88/4021 4355/87/4020 4358/90/4023
f 4355/87/4020 4360/91/4024 4361/92/4025
f 4361/92/4025 4362/93/4026 4363/94/4026
f 4365/92/4027 4366/93/4027 4367/94/4027
f 4368/1/4028 4371/2/4029 4369/3/4030
f 4371/2/4029 4373/4/4031 4369/3/4030
f 4372/5/4032 4376/6/4033 4373/4/4031
f 4376/6/4033 4375/7/4034 4377/8/4035
f 4373/4/4031 4376/6/4033 4378/9/4036
f 4376/6/4033 4381/10/4037 4379/11/4038
f 4381/10/4037 4380/12/4039 4379/11/4038
f 4380/12/4039 4382/13/4040 4383/14/4041
f 4377/8/4035 4386/15/4042 4384/16/4043
f 4386/15/4042 4385/17/4044 4384/16/4043
f 4387/18/4045 4386/15/4042 4375/7/4034
f 4390/19/4046 4386/15/4042 4387/18/4045
f 4391/20/4047 4389/21/4048 4390/19/4046
f 4388/22/4049 4393/23/4050 4385/17/4044
f 4393/23/4050 4394/24/4051 4395/25/4052
f 4400/26/4053 4399/25/4054 4405/27/4055
f 4397/23/4056 4402/28/4057 4403/29/4058
f 4403/29/4058 4401/30/4059 4404/31/4060
f 4401/30/4059 4405/27/4055 4404/31/4060
f 4407/95/4061 4408/96/4062 4406/97/4063
f 4406/97/4063 4411/98/4064 4409/99/4065
f 4409/99/4065 4412/100/4066 4410/101/4067
f 4410/101/4067 4413/102/4068 4414/103/4069
f 4414/103/4069 4415/104/4070 4417/105/4071
f 4417/105/4071 4416/106/4072 4418/107/4073
f 4418/107/4073 4416/106/4072 4419/108/4074
f 4414/103/4069 4422/109/4075 4410/101/4067
f 4422/109/4075 4421/110/4076 4423/111/4077
f 4421/110/4076 4424/112/4078 4423/111/4077
f 4424/112/4078 4427/113/4079 4425/114/4080
f 4425/114/4080 4427/113/4079 4428/115/4081
f 4431/95/4082 4432/96/4083 4430/97/4084
f 4430/97/4084 4435/98/4085 4433/99/4086
f 4433/99/4086 4436/100/4087 4434/101/4088
f 4434/101/4088 4437/102/4089 4438/103/4090
f 4438/103/4090 4439/104/4091 4441/105/4092
f 4441/105/4092 4440/106/4093 4442/107/4094
f 4442/107/4094 4440/106/4093 4443/108/4095
f 4438/103/4090 4446/109/4096 4434/101/4088
f 4446/109/4096 4445/110/4097 4447/111/4098
f 4445/110/4097 4448/112/4099 4447/111/4098
f 4448/112/4099 4451/113/4100 4449/114/4101
f 4449/114/4101 4451/113/4100 4452/115/4102
f 4455/95/4103 4456/96/4104 4454/97/4105
f 4454/97/4105 4459/98/4106 4457/99/4107
f 4457/99/4107 4460/100/4108 4458/101/4109
f 4458/101/4109 4461/102/4110 4462/103/4111
f 4462/103/4111 4463/104/4112 4465/105/4113
f 4465/105/4113 4464/106/4114 4466/107/4115
f 4466/107/4115 4464/106/4114 4467/108/4116
f 4462/103/4111 4470/109/4117 4458/101/4109
f 4470/109/4117 4469/110/4118 4471/111/4119
f 4469/110/4118 4472/112/4120 4471/111/4119
f 4472/112/4120 4475/113/4121 4473/114/4122
f 4473/114/4122 4475/113/4121 4476/115/4123
f 4479/95/4124 4480/96/4125 4478/97/4126
f 4478/97/4126 4483/98/4127 4481/99/4128
f 4481/99/4128 4484/100/4129 4482/101/4130
f 4482/101/4130 4485/102/4131 4486/103/4132
f 4486/103/4132 4487/104/4133 4489/105/4134
f 4489/105/4134 4488/106/4135 4490/107/4136
f 4490/107/4136 4488/106/4135 4491/108/4137
f 4486/103/4132 4494/109/4138 4482/101/4130
f 4494/109/4138 4493/110/4139 4495/111/4140
f 4493/110/4139 4496/112/4141 4495/111/4140
f 4496/112/4141 4499/113/4142 4497/114/4143
f 4497/114/4143 4499/113/4142 4500/115/4144
f 4503/95/4145 4504/96/4146 4502/97/4147
f 4502/97/4147 4507/98/4148 4505/99/4149
f 4505/99/4149 4508/100/4150 4506/101/4151
f 4506/101/4151 4509/102/4152 4510/103/4153
f 4510/103/4153 4511/104/4154 4513/105/4155
f 4513/105/4155 4512/106/4156 4514/107/4157
f 4514/107/4157 4512/106/4156 4515/108/4158
f 4510/103/4153 4518/109/4159 4506/101/4151
f 4518/109/4159 4517/110/4160 4519/111/4161
f 4517/110/4160 4520/112/4162 4519/111/4161
f 4520/112/4162 4523/113/4163 4521/114/4164
f 4521/114/4164 4523/113/4163 4524/115/4165
f 4527/95/4166 4528/96/4167 4526/97/4168
f 4526/97/4168 4531/98/4169 4529/99/4170
f 4529/99/4170 4532/100/4171 4530/101/4172
f 4530/101/4172 4533/102/4173 4534/103/4174
f 4534/103/4174 4535/104/4175 4537/105/4176
f 4537/105/4176 4536/106/4177 4538/107/4178
f 4538/107/4178 4536/106/4177 4539/108/4179
f 4534/103/4174 4542/109/4180 4530/101/4172
f 4542/109/4180 4541/110/4181 4543/111/4182
f 4541/110/4181 4544/112/4183 4543/111/4182
f 4544/112/4183 4547/113/4184 4545/114/4185
f 4545/114/4185 4547/113/4184 4548/115/4186
f 4551/95/4187 4552/96/4188 4550/97/4189
f 4550/97/4189 4555/98/4190 4553/99/4191
f 4553/99/4191 4556/100/4192 4554/101/4193
f 4554/101/4193 4557/102/4194 4558/103/4195
f 4558/103/4195 4559/104/4196 4561/105/4197
f 4561/105/4197 4560/106/4198 4562/107/4199
f 4562/107/4199 4560/106/4198 4563/108/4200
f 4558/103/4195 4566/109/4201 4554/101/4193
f 4566/109/4201 4565/110/4202 4567/111/4203
f 4565/110/4202 4568/112/4204 4567/111/4203
f 4568/112/4204 4571/113/4205 4569/114/4206
f 4569/114/4206 4571/113/4205 4572/115/4207
f 4575/95/4208 4576/96/4209 4574/97/4210
f 4574/97/4210 4579/98/4211 4577/99/4212
f 4577/99/4212 4580/100/4213 4578/101/4214
f 4578/101/4214 4581/102/4215 4582/103/4216
f 4582/103/4216 4583/104/4217 4585/105/4218
f 4585/105/4218 4584/106/4219 4586/107/4220
f 4586/107/4220 4584/106/4219 4587/108/4221
f 4582/103/4216 4590/109/4222 4578/101/4214
f 4590/109/4222 4589/110/4223 4591/111/4224
f 4589/110/4223 4592/112/4225 4591/111/4224
f 4592/112/4225 4595/113/4226 4593/114/4227
f 4593/114/4227 4595/113/4226 4596/115/4228
f 4599/95/4229 4600/96/4230 4598/97/4231
f 4598/97/4231 4603/98/4232 4601/99/4233
f 4601/99/4233 4604/100/4234 4602/101/4235
f 4602/101/4235 4605/102/4236 4606/103/4237
f 4606/103/4237 4607/104/4238 4609/105/4239
f 4609/105/4239 4608/106/4240 4610/107/4241
f 4610/107/4241 4608/106/4240 4611/108/4242
f 4606/103/4237 4614/109/4243 4602/101/4235
f 4614/109/4243 4613/110/4244 4615/111/4245
f 4613/110/4244 4616/112/4246 4615/111/4245
f 4616/112/4246 4619/113/4247 4617/114/4248
f 4617/114/4248 4619/113/4247 4620/115/4249
f 4623/95/4250 4624/96/4251 4622/97/4252
f 4622/97/4252 4627/98/4253 4625/99/4254
f 4625/99/4254 4628/100/4255 4626/101/4256
f 4626/101/4256 4629/102/4257 4630/103/4258
f 4630/103/4258 4631/104/4259 4633/105/4260
f 4633/105/4260 4632/106/4261 4634/107/4262
f 4634/107/4262 4632/106/4261 4635/108/4263
f 4630/103/4258 4638/109/4264 4626/101/4256
f 4638/109/4264 4637/110/4265 4639/111/4266
f 4637/110/4265 4640/112/4267 4639/111/4266
f 4640/112/4267 4643/113/4268 4641/114/4269
f 4641/114/4269 4643/113/4268 4644/115/4270
f 4647/116/4271 4648/117/4272 4646/118/4273
f 4646/118/4273 4651/119/4274 4649/120/4275
f 4649/120/4275 4652/121/4276 4650/122/4277
f 4650/122/4277 4653/123/4278 4655/124/4279
f 4653/123/4278 4656/125/4280 4655/124/4279
f 4655/124/4279 4658/126/4281 4650/122/4277
f 4658/126/4281 4657/127/4282 4659/128/4283
f 4654/129/4284 4660/130/4285 4656/125/4280
f 4660/130/4285 4663/131/4286 4662/132/4287
f 4671/133/4288 4668/131/4289 4667/132/4290
f 4665/130/4291 4674/134/4292 4669/135/4293
f 4669/135/4293 4673/136/4294 4670/137/4295
f 4670/137/4295 4672/138/4296 4671/133/4288
f 4676/32/4297 4682/33/4298 4681/34/4299
f 4675/35/4300 4704/36/4301 4677/37/4302
f 4681/34/4299 4680/38/4303 4679/39/4304
f 4679/39/4304 4686/40/4305 4687/41/4306
f 4696/42/4307 4703/43/4308 4685/44/4309
f 4692/45/4310 4691/46/4311 4683/47/4312
f 4675/35/4300 4688/48/4313 4695/49/4314
f 4695/49/4314 4689/50/4315 4694/51/4316
f 4689/50/4315 4693/52/4317 4694/51/4316
f 4690/53/4318 4692/45/4310 4693/52/4317
f 4684/54/4319 4700/55/4320 4699/56/4321
f 4699/56/4321 4701/57/4322 4698/58/4323
f 4698/58/4323 4702/59/4324 4697/60/4325
f 4697/60/4325 4703/43/4308 4696/42/4307
f 4687/41/4306 4675/35/4300 4684/54/4319
f 4686/40/4305 4680/38/4303 4704/36/4301
f 4706/32/4326 4712/33/4327 4711/34/4328
f 4705/35/4329 4734/36/4330 4707/37/4331
f 4711/34/4328 4710/38/4332 4709/39/4333
f 4709/39/4333 4716/40/4334 4717/41/4335
f 4726/42/4336 4733/43/4337 4715/44/4338
f 4722/45/4339 4721/46/4340 4713/47/4341
f 4705/35/4329 4718/48/4342 4725/49/4343
f 4725/49/4343 4719/50/4344 4724/51/4345
f 4719/50/4344 4723/52/4346 4724/51/4345
f 4720/53/4347 4722/45/4339 4723/52/4346
f 4714/54/4348 4730/55/4349 4729/56/4350
f 4729/56/4350 4731/57/4351 4728/58/4352
f 4728/58/4352 4732/59/4353 4727/60/4354
f 4727/60/4354 4733/43/4337 4726/42/4336
f 4717/41/4335 4705/35/4329 4714/54/4348
f 4716/40/4334 4710/38/4332 4734/36/4330
f 4736/32/4355 4742/33/4356 4741/34/4357
f 4735/35/4358 4764/36/4359 4737/37/4360
f 4741/34/4357 4740/38/4361 4739/39/4362
f 4739/39/4362 4746/40/4363 4747/41/4364
f 4756/42/4365 4763/43/4366 4745/44/4367
f 4752/45/4368 4751/46/4369 4743/47/4370
f 4735/35/4358 4748/48/4371 4755/49/4372
f 4755/49/4372 4749/50/4373 4754/51/4374
f 4749/50/4373 4753/52/4375 4754/51/4374
f 4750/53/4376 4752/45/4368 4753/52/4375
f 4744/54/4377 4760/55/4378 4759/56/4379
f 4759/56/4379 4761/57/4380 4758/58/4381
f 4758/58/4381 4762/59/4382 4757/60/4383
f 4757/60/4383 4763/43/4366 4756/42/4365
f 4747/41/4364 4735/35/4358 4744/54/4377
f 4746/40/4363 4740/38/4361 4764/36/4359
f 4766/32/4384 4772/33/4385 4771/34/4386
f 4765/35/4387 4794/36/4388 4767/37/4389
f 4771/34/4386 4770/38/4390 4769/39/4391
f 4769/39/4391 4776/40/4392 4777/41/4393
f 4786/42/4394 4793/43/4395 4775/44/4396
f 4782/45/4397 4781/46/4398 4773/47/4399
f 4765/35/4387 4778/48/4400 4785/49/4401
f 4785/49/4401 4779/50/4402 4784/51/4403
f 4779/50/4402 4783/52/4404 4784/51/4403
f 4780/53/4405 4782/45/4397 4783/52/4404
f 4774/54/4406 4790/55/4407 4789/56/4408
f 4789/56/4408 4791/57/4409 4788/58/4410
f 4788/58/4410 4792/59/4411 4787/60/4412
f 4787/60/4412 4793/43/4395 4786/42/4394
f 4777/41/4393 4765/35/4387 4774/54/4406
f 4776/40/4392 4770/38/4390 4794/36/4388
f 4796/32/4413 4802/33/4414 4801/34/4415
f 4795/35/4416 4824/36/4417 4797/37/4418
f 4801/34/4415 4800/38/4419 4799/39/4420
f 4799/39/4420 4806/40/4421 4807/41/4422
f 4816/42/4423 4823/43/4424 4805/44/4425
f 4812/45/4426 4811/46/4427 4803/47/4428
f 4795/35/4416 4808/48/4429 4815/49/4430
f 4815/49/4430 4809/50/4431 4814/51/4432
f 4809/50/4431 4813/52/4433 4814/51/4432
f 4810/53/4434 4812/45/4426 4813/52/4433
f 4804/54/4435 4820/55/2418 4819/56/4436
f 4819/56/4436 4821/57/4437 4818/58/4438
f 4818/58/4438 4822/59/4439 4817/60/4440
f 4817/60/4440 4823/43/4424 4816/42/4423
f 4807/41/4422 4795/35/4416 4804/54/4435
f 4806/40/4421 4800/38/4419 4824/36/4417
f 4826/32/4441 4832/33/4442 4831/34/4443
f 4825/35/4444 4854/36/4445 4827/37/4446
f 4831/34/4443 4830/38/4447 4829/39/4448
f 4829/39/4448 4836/40/4449 4837/41/4450
f 4846/42/4451 4853/43/4452 4835/44/4453
f 4842/45/4454 4841/46/4455 4833/47/4456
f 4825/35/4444 4838/48/4457 4845/49/4458
f 4845/49/4458 4839/50/4459 4844/51/4460
f 4839/50/4459 4843/52/4461 4844/51/4460
f 4840/53/4462 4842/45/4454 4843/52/4461
f 4834/54/4463 4850/55/4464 4849/56/4465
f 4849/56/4465 4851/57/4466 4848/58/4467
f 4848/58/4467 4852/59/4468 4847/60/4469
f 4847/60/4469 4853/43/4452 4846/42/4451
f 4837/41/4450 4825/35/4444 4834/54/4463
f 4836/40/4449 4830/38/4447 4854/36/4445
f 4856/32/4470 4862/33/4471 4861/34/4472
f 4855/35/4473 4884/36/4474 4857/37/4475
f 4861/34/4472 4860/38/4476 4859/39/4477
f 4859/39/4477 4866/40/4478 4867/41/4479
f 4876/42/4480 4883/43/4481 4865/44/4482
f 4872/45/4483 4871/46/4484 4863/47/4485
f 4855/35/4473 4868/48/4486 4875/49/4487
f 4875/49/4487 4869/50/4488 4874/51/4489
f 4869/50/4488 4873/52/4490 4874/51/4489
f 4870/53/4491 4872/45/4483 4873/52/4490
f 4864/54/4492 4880/55/4493 4879/56/4494
f 4879/56/4494 4881/57/4495 4878/58/4496
f 4878/58/4496 4882/59/4497 4877/60/4498
f 4877/60/4498 4883/43/4481 4876/42/4480
f 4867/41/4479 4855/35/4473 4864/54/4492
f 4866/40/4478 4860/38/4476 4884/36/4474
f 4886/32/4499 4892/33/4500 4891/34/4501
f 4885/35/4502 4914/36/4503 4887/37/4504
f 4891/34/4501 4890/38/4505 4889/39/4506
f 4889/39/4506 4896/40/4507 4897/41/4508
f 4906/42/4509 4913/43/4510 4895/44/4511
f 4902/45/4512 4901/46/4513 4893/47/4514
f 4885/35/4502 4898/48/4515 4905/49/4516
f 4905/49/4516 4899/50/4517 4904/51/4518
f 4899/50/4517 4903/52/4519 4904/51/4518
f 4900/53/4520 4902/45/4512 4903/52/4519
f 4894/54/4521 4910/55/4522 4909/56/4523
f 4909/56/4523 4911/57/4524 4908/58/4525
f 4908/58/4525 4912/59/4526 4907/60/4527
f 4907/60/4527 4913/43/4510 4906/42/4509
f 4897/41/4508 4885/35/4502 4894/54/4521
f 4896/40/4507 4890/38/4505 4914/36/4503
f 4916/32/4528 4922/33/4529 4921/34/4530
f 4915/35/4531 4944/36/4532 4917/37/4533
f 4921/34/4530 4920/38/4534 4919/39/4535
f 4919/39/4535 4926/40/4536 4927/41/4537
f 4936/42/4538 4943/43/4539 4925/44/4540
f 4932/45/4541 4931/46/4542 4923/47/4543
f 4915/35/4531 4928/48/4544 4935/49/4545
f 4935/49/4545 4929/50/4546 4934/51/4547
f 4929/50/4546 4933/52/4548 4934/51/4547
f 4930/53/4549 4932/45/4541 4933/52/4548
f 4924/54/4550 4940/55/4551 4939/56/4552
f 4939/56/4552 4941/57/4553 4938/58/4554
f 4938/58/4554 4942/59/4555 4937/60/4556
f 4937/60/4556 4943/43/4539 4936/42/4538
f 4927/41/4537 4915/35/4531 4924/54/4550
f 4926/40/4536 4920/38/4534 4944/36/4532
f 4948/139/4557 4945/140/4557 4947/141/4557
f 4947/141/4558 4951/142/4559 4948/139/4558
f 4951/142/4560 4950/143/4561 4952/144/4562
f 4953/145/4563 4958/146/4563 4954/147/4563
f 4960/148/4564 4953/145/4565 4954/147/4565
f 4956/149/4566 4959/150/4566 4958/146/4566
f 4962/151/4567 4964/152/4568 4966/153/4568
f 4963/154/4569 4962/151/4570 4969/155/4571
f 4964/152/4572 4967/156/4572 4966/153/4572
f 4968/157/4573 4969/155/4574 4970/158/4575
f 4982/159/4576 4973/160/4576 4975/161/4576
f 4971/162/4577 4979/163/4578 4978/164/4579
f 4978/164/4580 4980/165/4581 4977/166/4582
f 4977/166/4583 4981/167/4583 4976/168/4583
f 4981/167/4584 4975/161/4584 4976/168/4584
f 4986/139/4585 4983/140/4585 4985/141/4585
f 4985/141/4586 4989/142/4587 4986/139/4586
f 4989/142/4588 4988/143/4589 4990/144/4590
f 4991/145/4591 4996/146/4591 4992/147/4591
f 4998/148/4592 4991/145/4593 4992/147/4594
f 4994/149/4595 4997/150/4595 4996/146/4595
f 5000/151/4596 5002/152/4596 5004/153/4596
f 5001/154/4597 5000/151/4598 5007/155/4599
f 5002/152/4600 5005/156/4600 5004/153/4600
f 5006/157/4601 5007/155/4602 5008/158/4603
f 5020/159/4604 5011/160/4604 5013/161/4605
f 5009/162/4606 5017/163/4607 5016/164/4608
f 5016/164/4609 5018/165/4610 5015/166/4611
f 5015/166/4612 5019/167/4612 5014/168/4612
f 5019/167/4613 5013/161/4613 5014/168/4613
f 5024/139/4614 5021/140/4614 5023/141/4614
f 5023/141/4615 5027/142/4615 5024/139/4615
f 5027/142/4616 5026/143/4617 5028/144/4618
f 5029/145/4619 5034/146/4620 5030/147/4619
f 5036/148/4621 5029/145/4622 5030/147/4622
f 5032/149/4623 5035/150/4623 5034/146/4623
f 5038/151/4624 5040/152/4624 5042/153/4624
f 5039/154/4625 5038/151/4626 5045/155/4627
f 5040/152/4628 5043/156/4628 5042/153/4628
f 5044/157/4629 5045/155/4630 5046/158/4631
f 5058/159/4632 5049/160/4632 5051/161/4632
f 5047/162/4633 5055/163/4634 5054/164/4635
f 5054/164/4636 5056/165/4637 5053/166/4638
f 5053/166/4639 5057/167/4639 5052/168/4639
f 5057/167/4640 5051/161/4640 5052/168/4640
f 5062/139/4641 5059/140/4642 5061/141/4641
f 5061/141/4643 5065/142/4643 5062/139/4643
f 5065/142/4644 5064/143/4645 5066/144/4646
f 5067/145/4647 5072/146/4648 5068/147/4647
f 5074/148/4649 5067/145/4650 5068/147/4651
f 5070/149/4652 5073/150/4652 5072/146/4652
f 5076/151/4653 5078/152/4653 5080/153/4653
f 5077/154/4654 5076/151/4655 5083/155/4656
f 5078/152/4657 5081/156/4657 5080/153/4657
f 5082/157/4658 5083/155/4659 5084/158/4660
f 5096/159/4661 5087/160/4661 5089/161/4661
f 5085/162/4662 5093/163/4663 5092/164/4664
f 5092/164/4665 5094/165/4666 5091/166/4667
f 5091/166/4668 5095/167/4669 5090/168/4669
f 5095/167/4670 5089/161/4670 5090/168/4670
f 5100/139/4671 5097/140/4671 5099/141/4671
f 5099/141/4672 5103/142/4672 5100/139/4672
f 5103/142/4673 5102/143/4674 5104/144/4675
f 5105/145/4676 5110/146/4676 5106/147/4676
f 5112/148/4677 5105/145/4678 5106/147/4679
f 5108/149/4680 5111/150/4680 5110/146/4680
f 5114/151/4681 5116/152/4681 5118/153/4682
f 5115/154/4683 5114/151/4684 5121/155/4685
f 5116/152/4686 5119/156/4686 5118/153/4686
f 5120/157/4687 5121/155/4688 5122/158/4689
f 5134/159/4690 5125/160/4690 5127/161/4690
f 5123/162/4691 5131/163/4692 5130/164/4693
f 5130/164/4694 5132/165/4695 5129/166/4696
f 5129/166/4697 5133/167/4697 5128/168/4697
f 5133/167/4698 5127/161/4698 5128/168/4698
f 5138/139/4699 5135/140/4699 5137/141/4699
f 5137/141/4700 5141/142/4700 5138/139/4700
f 5141/142/4701 5140/143/4702 5142/144/4703
f 5143/145/4704 5148/146/4704 5144/147/4704
f 5150/148/4705 5143/145/4706 5144/147/4706
f 5146/149/4707 5149/150/4707 5148/146/4707
f 5152/151/4708 5154/152/4708 5156/153/4708
f 5153/154/4709 5152/151/4710 5159/155/4711
f 5154/152/4712 5157/156/4712 5156/153/4712
f 5158/157/4713 5159/155/4714 5160/158/4715
f 5172/159/4716 5163/160/4716 5165/161/4716
f 5161/162/4717 5169/163/4718 5168/164/4719
f 5168/164/4720 5170/165/4721 5167/166/4722
f 5167/166/4723 5171/167/4723 5166/168/4723
f 5171/167/4724 5165/161/4724 5166/168/4724
f 5176/139/4725 5173/140/4725 5175/141/4725
f 5175/141/4726 5179/142/4726 5176/139/4726
f 5179/142/4727 5178/143/4728 5180/144/4729
f 5181/145/4730 5186/146/4730 5182/147/4730
f 5188/148/4731 5181/145/4732 5182/147/4733
f 5184/149/4734 5187/150/4735 5186/146/4734
f 5190/151/4736 5192/152/4737 5194/153/4737
f 5191/154/4738 5190/151/4739 5197/155/4740
f 5192/152/4741 5195/156/4742 5194/153/4741
f 5196/157/4743 5197/155/4744 5198/158/4745
f 5210/159/4746 5201/160/4746 5203/161/4746
f 5199/162/4747 5207/163/4748 5206/164/4749
f 5206/164/4750 5208/165/4751 5205/166/4752
f 5205/166/4753 5209/167/4753 5204/168/4753
f 5209/167/4754 5203/161/4755 5204/168/4754
f 5214/139/4756 5211/140/4756 5213/141/4756
f 5213/141/4757 5217/142/4758 5214/139/4757
f 5217/142/4759 5216/143/4760 5218/144/4761
f 5219/145/4762 5224/146/4762 5220/147/4762
f 5226/148/4763 5219/145/4764 5220/147/4765
f 5222/149/4766 5225/150/4766 5224/146/4766
f 5228/151/4767 5230/152/4767 5232/153/4767
f 5229/154/4768 5228/151/4769 5235/155/4770
f 5230/152/4771 5233/156/4771 5232/153/4771
f 5234/157/4772 5235/155/4773 5236/158/4774
f 5248/159/4775 5239/160/4775 5241/161/4775
f 5237/162/4776 5245/163/4777 5244/164/4778
f 5244/164/4779 5246/165/4780 5243/166/4781
f 5243/166/4782 5247/167/4782 5242/168/4782
f 5247/167/4783 5241/161/4783 5242/168/4783
f 5252/139/4784 5249/140/4784 5251/141/4784
f 5251/141/4785 5255/142/4785 5252/139/4785
f 5255/142/4786 5254/143/4787 5256/144/4788
f 5257/145/4789 5262/146/4790 5258/147/4789
f 5264/148/4791 5257/145/4792 5258/147/4793
f 5260/149/4794 5263/150/4794 5262/146/4794
f 5266/151/4795 5268/152/4795 5270/153/4795
f 5267/154/4796 5266/151/4797 5273/155/4798
f 5268/152/4799 5271/156/4799 5270/153/4799
f 5272/157/4800 5273/155/4801 5274/158/4802
f 5286/159/4803 5277/160/4803 5279/161/4803
f 5275/162/4804 5283/163/4805 5282/164/4806
f 5282/164/4807 5284/165/4808 5281/166/4809
f 5281/166/4810 5285/167/4810 5280/168/4810
f 5285/167/4811 5279/161/4812 5280/168/4811
f 5290/139/4813 5287/140/4813 5289/141/4813
f 5289/141/4814 5293/142/4814 5290/139/4814
f 5293/142/4815 5292/143/4816 5294/144/4817
f 5295/145/4818 5300/146/4819 5296/147/4818
f 5302/148/4820 5295/145/4821 5296/147/4822
f 5298/149/4823 5301/150/4824 5300/146/4823
f 5304/151/4825 5306/152/4825 5308/153/4825
f 5305/154/4826 5304/151/4827 5311/155/4828
f 5306/152/4829 5309/156/4829 5308/153/4829
f 5310/157/4830 5311/155/4831 5312/158/4832
f 5324/159/4833 5315/160/4833 5317/161/4833
f 5313/162/4834 5321/163/4835 5320/164/4836
f 5320/164/4837 5322/165/4838 5319/166/4839
f 5319/166/4840 5323/167/4841 5318/168/4841
f 5323/167/4842 5317/161/4842 5318/168/4842
f 5328/139/4843 5325/140/4843 5327/141/4843
f 5327/141/4844 5331/142/4844 5328/139/4844
f 5331/142/4845 5330/143/4846 5332/144/4847
f 5333/145/4848 5338/146/4849 5334/147/4848
f 5340/148/4850 5333/145/4851 5334/147/4852
f 5336/149/4853 5339/150/4854 5338/146/4853
f 5342/151/4855 5344/152/4856 5346/153/4856
f 5343/154/4857 5342/151/4858 5349/155/4859
f 5344/152/4860 5347/156/4861 5346/153/4862
f 5348/157/4863 5349/155/4864 5350/158/4865
f 5362/159/4866 5353/160/4866 5355/161/4866
f 5351/162/4867 5359/163/4868 5358/164/4869
f 5358/164/4870 5360/165/4871 5357/166/4872
f 5357/166/4873 5361/167/4873 5356/168/4873
f 5361/167/4874 5355/161/4874 5356/168/4874
f 5366/139/4875 5363/140/4875 5365/141/4875
f 5365/141/4876 5369/142/4877 5366/139/4876
f 5369/142/4878 5368/143/4879 5370/144/4880
f 5371/145/4881 5376/146/4881 5372/147/4881
f 5378/148/4882 5371/145/4883 5372/147/4884
f 5374/149/4885 5377/150/4885 5376/146/4885
f 5380/151/4886 5382/152/4886 5384/153/4887
f 5381/154/4888 5380/151/4889 5387/155/4890
f 5382/152/4891 5385/156/4891 5384/153/4891
f 5386/157/4892 5387/155/4893 5388/158/4894
f 5400/159/4895 5391/160/4896 5393/161/4895
f 5389/162/4897 5397/163/4898 5396/164/4899
f 5396/164/4900 5398/165/4901 5395/166/4902
f 5395/166/4903 5399/167/4903 5394/168/4903
f 5399/167/4904 5393/161/4904 5394/168/4904
f 5404/139/4905 5401/140/4905 5403/141/4905
f 5403/141/4906 5407/142/4907 5404/139/4906
f 5407/142/4908 5406/143/4909 5408/144/4910
f 5409/145/4911 5414/146/4911 5410/147/4911
f 5416/148/4912 5409/145/4913 5410/147/4914
f 5412/149/4915 5415/150/4915 5414/146/4915
f 5418/151/4916 5420/152/4916 5422/153/4916
f 5419/154/4917 5418/151/4918 5425/155/4919
f 5420/152/4920 5423/156/4920 5422/153/4920
f 5424/157/4921 5425/155/4922 5426/158/4923
f 5438/159/4924 5429/160/4924 5431/161/4924
f 5427/162/4925 5435/163/4926 5434/164/4927
f 5434/164/4928 5436/165/4929 5433/166/4930
f 5433/166/4931 5437/167/4931 5432/168/4931
f 5437/167/4932 5431/161/4932 5432/168/4932
f 5442/139/4933 5439/140/4933 5441/141/4933
f 5441/141/4934 5445/142/4934 5442/139/4934
f 5445/142/4935 5444/143/4936 5446/144/4937
f 5447/145/4938 5452/146/4938 5448/147/4939
f 5454/148/4940 5447/145/4941 5448/147/4942
f 5450/149/4943 5453/150/4943 5452/146/4944
f 5456/151/4945 5458/152/4945 5460/153/4945
f 5457/154/4946 5456/151/4947 5463/155/4948
f 5458/152/4949 5461/156/4950 5460/153/4949
f 5462/157/4951 5463/155/4952 5464/158/4953
f 5476/159/4954 5467/160/4954 5469/161/4954
f 5465/162/4955 5473/163/4956 5472/164/4957
f 5472/164/4958 5474/165/4959 5471/166/4960
f 5471/166/4961 5475/167/4961 5470/168/4961
f 5475/167/4962 5469/161/4962 5470/168/4962
f 5480/139/4963 5477/140/4963 5479/141/4963
f 5479/141/4964 5483/142/4964 5480/139/4964
f 5483/142/4965 5482/143/4966 5484/144/4967
f 5485/145/4968 5490/146/4968 5486/147/4968
f 5492/148/4969 5485/145/4970 5486/147/4971
f 5488/149/4972 5491/150/4972 5490/146/4972
f 5494/151/4973 5496/152/4974 5498/153/4974
f 5495/154/4975 5494/151/4976 5501/155/4977
f 5496/152/4978 5499/156/4979 5498/153/4978
f 5500/157/4980 5501/155/4981 5502/158/4982
f 5514/159/4983 5505/160/4983 5507/161/4983
f 5503/162/4984 5511/163/4985 5510/164/4986
f 5510/164/4987 5512/165/4988 5509/166/4989
f 5509/166/4990 5513/167/4990 5508/168/4990
f 5513/167/4991 5507/161/4991 5508/168/4991
f 5518/139/4992 5515/140/4992 5517/141/4992
f 5517/141/4993 5521/142/4993 5518/139/4993
f 5521/142/4994 5520/143/4995 5522/144/4996
f 5523/145/4997 5528/146/4997 5524/147/4997
f 5530/148/4998 5523/145/4999 5524/147/5000
f 5526/149/5001 5529/150/5002 5528/146/5001
f 5532/151/5003 5534/152/5003 5536/153/5003
f 5533/154/5004 5532/151/5005 5539/155/5006
f 5534/152/5007 5537/156/5008 5536/153/5007
f 5538/157/5009 5539/155/5010 5540/158/5011
f 5552/159/5012 5543/160/5012 5545/161/5012
f 5541/162/5013 5549/163/5014 5548/164/5015
f 5548/164/5016 5550/165/5017 5547/166/5018
f 5547/166/5019 5551/167/5019 5546/168/5019
f 5551/167/5020 5545/161/5020 5546/168/5021
f 5556/139/5022 5553/140/5022 5555/141/5022
f 5555/141/5023 5559/142/5023 5556/139/5023
f 5559/142/5024 5558/143/5025 5560/144/5026
f 5561/145/5027 5566/146/5027 5562/147/5027
f 5568/148/5028 5561/145/5029 5562/147/5030
f 5564/149/5031 5567/150/5031 5566/146/5031
f 5570/151/5032 5572/152/5033 5574/153/5033
f 5571/154/5034 5570/151/5035 5577/155/5036
f 5572/152/5037 5575/156/5037 5574/153/5037
f 5576/157/5038 5577/155/5039 5578/158/5040
f 5590/159/5041 5581/160/5041 5583/161/5041
f 5579/162/5042 5587/163/5043 5586/164/5044
f 5586/164/5045 5588/165/5046 5585/166/5047
f 5585/166/5048 5589/167/5048 5584/168/5048
f 5589/167/5049 5583/161/5049 5584/168/5049
f 5594/139/5050 5591/140/5050 5593/141/5050
f 5593/141/5051 5597/142/5051 5594/139/5051
f 5597/142/5052 5596/143/5053 5598/144/5054
f 5599/145/5055 5604/146/5055 5600/147/5055
f 5606/148/5056 5599/145/5057 5600/147/5058
f 5602/149/5059 5605/150/5060 5604/146/5059
f 5608/151/5061 5610/152/5061 5612/153/5061
f 5609/154/5062 5608/151/5063 5615/155/5064
f 5610/152/5065 5613/156/5065 5612/153/5065
f 5614/157/5066 5615/155/5067 5616/158/5068
f 5628/159/5069 5619/160/5069 5621/161/5069
f 5617/162/5070 5625/163/5071 5624/164/5072
f 5624/164/5073 5626/165/5074 5623/166/5075
f 5623/166/5076 5627/167/5076 5622/168/5076
f 5627/167/5077 5621/161/5077 5622/168/5077
f 5632/139/5078 5629/140/5078 5631/141/5078
f 5631/141/5079 5635/142/5079 5632/139/5079
f 5635/142/5080 5634/143/5081 5636/144/5082
f 5637/145/5083 5642/146/5084 5638/147/5083
f 5644/148/5085 5637/145/5086 5638/147/5087
f 5640/149/5088 5643/150/5088 5642/146/5088
f 5646/151/5089 5648/152/5089 5650/153/5089
f 5647/154/5090 5646/151/5091 5653/155/5092
f 5648/152/5093 5651/156/5093 5650/153/5093
f 5652/157/5094 5653/155/5095 5654/158/5096
f 5666/159/5097 5657/160/5097 5659/161/5097
f 5655/162/5098 5663/163/5099 5662/164/5100
f 5662/164/5101 5664/165/5102 5661/166/5103
f 5661/166/5104 5665/167/5105 5660/168/5105
f 5665/167/5106 5659/161/5107 5660/168/5106
f 5670/139/5108 5667/140/5108 5669/141/5108
f 5669/141/5109 5673/142/5110 5670/139/5109
f 5673/142/5111 5672/143/5112 5674/144/5113
f 5675/145/5114 5680/146/5114 5676/147/5114
f 5682/148/5115 5675/145/5116 5676/147/5116
f 5678/149/5117 5681/150/5118 5680/146/5117
f 5684/151/5119 5686/152/5119 5688/153/5119
f 5685/154/5120 5684/151/5121 5691/155/5122
f 5686/152/5123 5689/156/5123 5688/153/5123
f 5690/157/5124 5691/155/5125 5692/158/5126
f 5704/159/5127 5695/160/5127 5697/161/5127
f 5693/162/5128 5701/163/5129 5700/164/5130
f 5700/164/5131 5702/165/5132 5699/166/5133
f 5699/166/5134 5703/167/5134 5698/168/5134
f 5703/167/5135 5697/161/5135 5698/168/5135
f 5708/139/5136 5705/140/5136 5707/141/5136
f 5707/141/5137 5711/142/5138 5708/139/5137
f 5711/142/5139 5710/143/5140 5712/144/5141
f 5713/145/5142 5718/146/5142 5714/147/5142
f 5720/148/5143 5713/145/5144 5714/147/5145
f 5716/149/5146 5719/150/5146 5718/146/5146
f 5722/151/5147 5724/152/5147 5726/153/5147
f 5723/154/5148 5722/151/5149 5729/155/5150
f 5724/152/5151 5727/156/5152 5726/153/5151
f 5728/157/5153 5729/155/5154 5730/158/5155
f 5742/159/5156 5733/160/5157 5735/161/5156
f 5731/162/5158 5739/163/5159 5738/164/5160
f 5738/164/5161 5740/165/5162 5737/166/5163
f 5737/166/5164 5741/167/5164 5736/168/5164
f 5741/167/5165 5735/161/5165 5736/168/5165
f 5746/139/5166 5743/140/5166 5745/141/5166
f 5745/141/5167 5749/142/5167 5746/139/5167
f 5749/142/5168 5748/143/5169 5750/144/5170
f 5751/145/5171 5756/146/5171 5752/147/5171
f 5758/148/5172 5751/145/5173 5752/147/5174
f 5754/149/5175 5757/150/5176 5756/146/5175
f 5760/151/5177 5762/152/5177 5764/153/5177
f 5761/154/5178 5760/151/5179 5767/155/5180
f 5762/152/5181 5765/156/5181 5764/153/5181
f 5766/157/5182 5767/155/5183 5768/158/5184
f 5780/159/5185 5771/160/5185 5773/161/5185
f 5769/162/5186 5777/163/5187 5776/164/5188
f 5776/164/5189 5778/165/5190 5775/166/5191
f 5775/166/5192 5779/167/5192 5774/168/5192
f 5779/167/5193 5773/161/5193 5774/168/5193
f 5784/139/5194 5781/140/5194 5783/141/5195
f 5783/141/5196 5787/142/5196 5784/139/5196
f 5787/142/5197 5786/143/5198 5788/144/5199
f 5789/145/5200 5794/146/5200 5790/147/5200
f 5796/148/5201 5789/145/5202 5790/147/5203
f 5792/149/5204 5795/150/5205 5794/146/5204
f 5798/151/5206 5800/152/5206 5802/153/5206
f 5799/154/5207 5798/151/5208 5805/155/5209
f 5800/152/5210 5803/156/5211 5802/153/5210
f 5804/157/5212 5805/155/5213 5806/158/5214
f 5818/159/5215 5809/160/5215 5811/161/5215
f 5807/162/5216 5815/163/5217 5814/164/5218
f 5814/164/5219 5816/165/5220 5813/166/5221
f 5813/166/5222 5817/167/5222 5812/168/5222
f 5817/167/5223 5811/161/5223 5812/168/5223
f 5822/139/5224 5819/140/5224 5821/141/5224
f 5821/141/5225 5825/142/5225 5822/139/5225
f 5825/142/5226 5824/143/5227 5826/144/5228
f 5827/145/5229 5832/146/5229 5828/147/5229
f 5834/148/5230 5827/145/5231 5828/147/5231
f 5830/149/5232 5833/150/5233 5832/146/5232
f 5836/151/5234 5838/152/5234 5840/153/5234
f 5837/154/5235 5836/151/5236 5843/155/5237
f 5838/152/5238 5841/156/5238 5840/153/5238
f 5842/157/5239 5843/155/5240 5844/158/5241
f 5856/159/5242 5847/160/5242 5849/161/5242
f 5845/162/5243 5853/163/5244 5852/164/5245
f 5852/164/5246 5854/165/5247 5851/166/5248
f 5851/166/5249 5855/167/5249 5850/168/5249
f 5855/167/5250 5849/161/5250 5850/168/5250
f 5860/139/5251 5857/140/5251 5859/141/5251
f 5859/141/5252 5863/142/5252 5860/139/5252
f 5863/142/5253 5862/143/5254 5864/144/5255
f 5865/145/5256 5870/146/5256 5866/147/5256
f 5872/148/5257 5865/145/5258 5866/147/5259
f 5868/149/5260 5871/150/5260 5870/146/5260
f 5874/151/5261 5876/152/5262 5878/153/5262
f 5875/154/5263 5874/151/5264 5881/155/5265
f 5876/152/5266 5879/156/5267 5878/153/5266
f 5880/157/5268 5881/155/5269 5882/158/5270
f 5894/159/5271 5885/160/5271 5887/161/5271
f 5883/162/5272 5891/163/5273 5890/164/5274
f 5890/164/5275 5892/165/5276 5889/166/5277
f 5889/166/5278 5893/167/5278 5888/168/5278
f 5893/167/5279 5887/161/5279 5888/168/5279
f 5898/139/5280 5895/140/5280 5897/141/5280
f 5897/141/5281 5901/142/5282 5898/139/5281
f 5901/142/5283 5900/143/5284 5902/144/5285
f 5903/145/5286 5908/146/5286 5904/147/5286
f 5910/148/5287 5903/145/5288 5904/147/5289
f 5906/149/5290 5909/150/5291 5908/146/5290
f 5912/151/5292 5914/152/5292 5916/153/5292
f 5913/154/5293 5912/151/5294 5919/155/5295
f 5914/152/5296 5917/156/5296 5916/153/5296
f 5918/157/5297 5919/155/5298 5920/158/5299
f 5932/159/5300 5923/160/5301 5925/161/5300
f 5921/162/5302 5929/163/5303 5928/164/5304
f 5928/164/5305 5930/165/5306 5927/166/5307
f 5927/166/5308 5931/167/5308 5926/168/5308
f 5931/167/5309 5925/161/5309 5926/168/5309
f 5936/139/5310 5933/140/5310 5935/141/5310
f 5935/141/5311 5939/142/5312 5936/139/5311
f 5939/142/5313 5938/143/5314 5940/144/5315
f 5941/145/5316 5946/146/5316 5942/147/5317
f 5948/148/5318 5941/145/5319 5942/147/5320
f 5944/149/5321 5947/150/5321 5946/146/5321
f 5950/151/5322 5952/152/5323 5954/153/5323
f 5951/154/5324 5950/151/5325 5957/155/5326
f 5952/152/5327 5955/156/5327 5954/153/5327
f 5956/157/5328 5957/155/5329 5958/158/5330
f 5970/159/5331 5961/160/5331 5963/161/5331
f 5959/162/5332 5967/163/5333 5966/164/5334
f 5966/164/5335 5968/165/5336 5965/166/5337
f 5965/166/5338 5969/167/5338 5964/168/5338
f 5969/167/5339 5963/161/5339 5964/168/5339
f 5974/139/5340 5971/140/5340 5973/141/5340
f 5973/141/5341 5977/142/5341 5974/139/5341
f 5977/142/5342 5976/143/5343 5978/144/5344
f 5979/145/5345 5984/146/5345 5980/147/5345
f 5986/148/5346 5979/145/5347 5980/147/5348
f 5982/149/5349 5985/150/5350 5984/146/5349
f 5988/151/5351 5990/152/5351 5992/153/5351
f 5989/154/5352 5988/151/5353 5995/155/5354
f 5990/152/5355 5993/156/5355 5992/153/5355
f 5994/157/5356 5995/155/5357 5996/158/5358
f 6008/159/5359 5999/160/5359 6001/161/5359
f 5997/162/5360 6005/163/5361 6004/164/5362
f 6004/164/5363 6006/165/5364 6003/166/5365
f 6003/166/5366 6007/167/5366 6002/168/5366
f 6007/167/5367 6001/161/5367 6002/168/5367
f 6012/139/5368 6009/140/5368 6011/141/5368
f 6011/141/5369 6015/142/5370 6012/139/5369
f 6015/142/5371 6014/143/5372 6016/144/5373
f 6017/145/5374 6022/146/5374 6018/147/5374
f 6024/148/5375 6017/145/5376 6018/147/5377
f 6020/149/5378 6023/150/5378 6022/146/5378
f 6026/151/5379 6028/152/5380 6030/153/5380
f 6027/154/5381 6026/151/5382 6033/155/5383
f 6028/152/5384 6031/156/5385 6030/153/5384
f 6032/157/5386 6033/155/5387 6034/158/5388
f 6046/159/5389 6037/160/5389 6039/161/5389
f 6035/162/5390 6043/163/5391 6042/164/5392
f 6042/164/5393 6044/165/5394 6041/166/5395
f 6041/166/5396 6045/167/5396 6040/168/5396
f 6045/167/5397 6039/161/5397 6040/168/5397
f 6050/139/5398 6047/140/5398 6049/141/5398
f 6049/141/5399 6053/142/5400 6050/139/5399
f 6053/142/5401 6052/143/5402 6054/144/5403
f 6055/145/5404 6060/146/5404 6056/147/5404
f 6062/148/5405 6055/145/5406 6056/147/5407
f 6058/149/5408 6061/150/5408 6060/146/5409
f 6064/151/5410 6066/152/5410 6068/153/5410
f 6065/154/5411 6064/151/5412 6071/155/5413
f 6066/152/5414 6069/156/5414 6068/153/5414
f 6070/157/5415 6071/155/5416 6072/158/5417
f 6084/159/5418 6075/160/5418 6077/161/5418
f 6073/162/5419 6081/163/5420 6080/164/5421
f 6080/164/5422 6082/165/5423 6079/166/5424
f 6079/166/5425 6083/167/5426 6078/168/5426
f 6083/167/5427 6077/161/5427 6078/168/5428
f 6088/139/5429 6085/140/5429 6087/141/5429
f 6087/141/5430 6091/142/5430 6088/139/5430
f 6091/142/5431 6090/143/5432 6092/144/5433
f 6093/145/5434 6098/146/5434 6094/147/5435
f 6100/148/5436 6093/145/5437 6094/147/5438
f 6096/149/5439 6099/150/5439 6098/146/5439
f 6102/151/5440 6104/152/5440 6106/153/5440
f 6103/154/5441 6102/151/5442 6109/155/5443
f 6104/152/5444 6107/156/5445 6106/153/5444
f 6108/157/5446 6109/155/5447 6110/158/5448
f 6122/159/5449 6113/160/5449 6115/161/5449
f 6111/162/5450 6119/163/5451 6118/164/5452
f 6118/164/5453 6120/165/5454 6117/166/5455
f 6117/166/5456 6121/167/5456 6116/168/5456
f 6121/167/5457 6115/161/5457 6116/168/5457
f 6123/145/5458 6128/146/5459 6124/147/5458
f 6130/148/5460 6123/145/5461 6124/147/5462
f 6126/149/5463 6129/150/5463 6128/146/5463
f 6132/151/5464 6134/152/5464 6136/153/5464
f 6133/154/5465 6132/151/5466 6139/155/5467
f 6134/152/5468 6137/156/5468 6136/153/5468
f 6138/157/5469 6139/155/5470 6140/158/5471
f 6152/159/5472 6143/160/5472 6145/161/5472
f 6141/162/5473 6149/163/5474 6148/164/5475
f 6148/164/5476 6150/165/5477 6147/166/5478
f 6147/166/5479 6151/167/5479 6146/168/5479
f 6151/167/5480 6145/161/5480 6146/168/5480
f 1/1/1 3/169/5481 4/2/2
f 4/2/2 5/5/5 6/4/4
f 5/5/5 7/170/5482 9/6/6
f 9/6/6 7/170/5482 8/7/7
f 12/11/11 11/9/9 9/6/6
f 9/6/6 10/8/8 14/10/10
f 14/10/10 15/13/13 13/12/12
f 10/8/8 8/7/7 19/15/15
f 19/15/15 21/22/22 18/17/17
f 23/19/19 22/21/21 19/15/15
f 21/22/22 25/171/5483 26/23/23
f 26/23/23 25/171/5483 27/24/24
f 33/26/26 31/24/5484 32/25/27
f 30/23/29 29/171/5485 35/28/30
f 36/29/31 35/28/30 34/30/32
f 34/30/32 33/26/26 38/27/28
f 40/32/34 42/172/5486 46/33/35
f 39/35/37 50/40/42 68/36/38
f 45/34/36 46/33/35 44/38/40
f 39/35/37 41/37/39 52/48/50
f 59/49/51 52/48/50 53/50/52
f 53/50/52 54/53/55 57/52/54
f 54/53/55 55/46/48 56/45/47
f 48/54/56 39/35/37 64/55/57
f 63/56/58 64/55/57 65/57/59
f 62/58/60 65/57/59 66/59/61
f 61/60/62 66/59/61 67/43/45
f 51/41/43 50/40/42 39/35/37
f 50/40/42 43/39/41 44/38/40
f 70/32/63 72/172/5487 76/33/64
f 69/35/66 80/40/71 98/36/67
f 75/34/65 76/33/64 74/38/69
f 69/35/66 71/37/68 82/48/79
f 89/49/80 82/48/79 83/50/81
f 83/50/81 84/53/84 87/52/83
f 84/53/84 85/46/77 86/45/76
f 78/54/85 69/35/66 94/55/86
f 93/56/87 94/55/86 95/57/88
f 92/58/89 95/57/88 96/59/90
f 91/60/91 96/59/90 97/43/74
f 81/41/72 80/40/71 69/35/66
f 80/40/71 73/39/70 74/38/69
f 99/61/92 101/173/5488 102/62/93
f 100/63/94 102/62/93 103/64/95
f 105/65/96 103/64/95 104/66/97
f 106/67/98 104/66/97 109/68/99
f 107/69/100 109/68/99 110/70/101
f 108/71/102 110/70/101 111/72/103
f 112/73/104 111/72/103 113/74/105
f 115/75/106 113/74/105 114/76/107
f 118/61/110 120/173/5489 121/62/111
f 119/63/112 121/62/111 122/64/113
f 124/65/114 122/64/113 123/66/115
f 125/67/116 123/66/115 128/68/117
f 126/69/118 128/68/117 129/70/119
f 127/71/120 129/70/119 130/72/121
f 131/73/122 130/72/121 132/74/123
f 134/75/124 132/74/123 133/76/125
f 137/61/128 139/173/5490 140/62/129
f 138/63/130 140/62/129 141/64/131
f 143/65/132 141/64/131 142/66/133
f 144/67/134 142/66/133 147/68/135
f 145/69/136 147/68/135 148/70/137
f 146/71/138 148/70/137 149/72/139
f 150/73/140 149/72/139 151/74/141
f 153/75/142 151/74/141 152/76/143
f 156/61/146 158/173/5491 159/62/147
f 157/63/148 159/62/147 160/64/149
f 162/65/150 160/64/149 161/66/151
f 163/67/152 161/66/151 166/68/153
f 164/69/154 166/68/153 167/70/155
f 165/71/156 167/70/155 168/72/157
f 169/73/158 168/72/157 170/74/159
f 172/75/160 170/74/159 171/76/161
f 175/61/164 177/173/5492 178/62/165
f 176/63/166 178/62/165 179/64/167
f 181/65/168 179/64/167 180/66/169
f 182/67/170 180/66/169 185/68/171
f 183/69/172 185/68/171 186/70/173
f 184/71/174 186/70/173 187/72/175
f 188/73/176 187/72/175 189/74/177
f 191/75/178 189/74/177 190/76/179
f 194/61/182 196/173/5493 197/62/183
f 195/63/184 197/62/183 198/64/185
f 200/65/186 198/64/185 199/66/187
f 201/67/188 199/66/187 204/68/189
f 202/69/190 204/68/189 205/70/191
f 203/71/192 205/70/191 206/72/193
f 207/73/194 206/72/193 208/74/195
f 210/75/196 208/74/195 209/76/197
f 213/61/200 215/173/5494 216/62/201
f 214/63/202 216/62/201 217/64/203
f 219/65/204 217/64/203 218/66/205
f 220/67/206 218/66/205 223/68/207
f 221/69/208 223/68/207 224/70/209
f 222/71/210 224/70/209 225/72/211
f 226/73/212 225/72/211 227/74/213
f 229/75/214 227/74/213 228/76/215
f 232/61/218 234/173/5495 235/62/219
f 233/63/220 235/62/219 236/64/221
f 238/65/222 236/64/221 237/66/223
f 239/67/224 237/66/223 242/68/225
f 240/69/226 242/68/225 243/70/227
f 241/71/228 243/70/227 244/72/229
f 245/73/230 244/72/229 246/74/231
f 248/75/232 246/74/231 247/76/233
f 251/61/236 253/173/5496 254/62/237
f 252/63/238 254/62/237 255/64/239
f 257/65/240 255/64/239 256/66/241
f 258/67/242 256/66/241 261/68/243
f 259/69/244 261/68/243 262/70/245
f 260/71/246 262/70/245 263/72/247
f 264/73/248 263/72/247 265/74/249
f 267/75/250 265/74/249 266/76/251
f 270/61/254 272/173/5497 273/62/255
f 271/63/256 273/62/255 274/64/257
f 276/65/258 274/64/257 275/66/259
f 277/67/260 275/66/259 280/68/261
f 278/69/262 280/68/261 281/70/263
f 279/71/264 281/70/263 282/72/265
f 283/73/266 282/72/265 284/74/267
f 286/75/268 284/74/267 285/76/269
f 289/79/272 291/174/5498 292/80/273
f 290/81/274 292/80/273 293/82/275
f 295/83/276 293/82/275 294/84/277
f 294/84/277 299/89/282 297/86/279
f 299/89/282 302/175/5499 298/87/280
f 298/87/280 302/175/5499 303/91/284
f 304/92/285 303/91/284 305/93/286
f 308/92/287 307/91/287 309/93/287
f 311/1/288 313/169/5500 314/2/289
f 314/2/289 315/5/292 316/4/291
f 315/5/292 317/170/5501 319/6/293
f 319/6/293 317/170/5501 318/7/294
f 322/11/298 321/9/296 319/6/293
f 319/6/293 320/8/295 324/10/297
f 324/10/297 325/13/300 323/12/299
f 320/8/295 318/7/294 329/15/302
f 329/15/302 331/22/309 328/17/304
f 333/19/306 332/21/308 329/15/302
f 331/22/309 335/171/5502 336/23/310
f 336/23/310 335/171/5502 337/24/311
f 343/26/313 341/24/5503 342/25/314
f 340/23/316 339/171/5504 345/28/317
f 346/29/318 345/28/317 344/30/319
f 344/30/319 343/26/313 348/27/315
f 350/95/321 372/176/5505 351/96/322
f 349/97/323 351/96/322 354/98/324
f 352/99/325 354/98/324 355/100/326
f 353/101/327 355/100/326 356/102/328
f 357/103/329 356/102/328 358/104/330
f 360/105/331 358/104/330 359/106/332
f 357/103/329 363/177/5506 365/109/335
f 365/109/335 363/177/5506 364/110/336
f 364/110/336 369/178/5507 367/112/338
f 367/112/338 369/178/5507 370/113/339
f 374/95/342 396/176/5508 375/96/343
f 373/97/344 375/96/343 378/98/345
f 376/99/346 378/98/345 379/100/347
f 377/101/348 379/100/347 380/102/349
f 381/103/350 380/102/349 382/104/351
f 384/105/352 382/104/351 383/106/353
f 381/103/350 387/177/5509 389/109/356
f 389/109/356 387/177/5509 388/110/357
f 388/110/357 393/178/5510 391/112/359
f 391/112/359 393/178/5510 394/113/360
f 398/95/363 420/176/5511 399/96/364
f 397/97/365 399/96/364 402/98/366
f 400/99/367 402/98/366 403/100/368
f 401/101/369 403/100/368 404/102/370
f 405/103/371 404/102/370 406/104/372
f 408/105/373 406/104/372 407/106/374
f 405/103/371 411/177/5512 413/109/377
f 413/109/377 411/177/5512 412/110/378
f 412/110/378 417/178/5513 415/112/380
f 415/112/380 417/178/5513 418/113/381
f 422/95/384 444/176/5514 423/96/385
f 421/97/386 423/96/385 426/98/387
f 424/99/388 426/98/387 427/100/389
f 425/101/390 427/100/389 428/102/391
f 429/103/392 428/102/391 430/104/393
f 432/105/394 430/104/393 431/106/395
f 429/103/392 435/177/5515 437/109/398
f 437/109/398 435/177/5515 436/110/399
f 436/110/399 441/178/5516 439/112/401
f 439/112/401 441/178/5516 442/113/402
f 446/95/405 468/176/5517 447/96/406
f 445/97/407 447/96/406 450/98/408
f 448/99/409 450/98/408 451/100/410
f 449/101/411 451/100/410 452/102/412
f 453/103/413 452/102/412 454/104/414
f 456/105/415 454/104/414 455/106/416
f 453/103/413 459/177/5518 461/109/419
f 461/109/419 459/177/5518 460/110/420
f 460/110/420 465/178/5519 463/112/422
f 463/112/422 465/178/5519 466/113/423
f 470/95/426 492/176/5520 471/96/427
f 469/97/428 471/96/427 474/98/429
f 472/99/430 474/98/429 475/100/431
f 473/101/432 475/100/431 476/102/433
f 477/103/434 476/102/433 478/104/435
f 480/105/436 478/104/435 479/106/437
f 477/103/434 483/177/5521 485/109/440
f 485/109/440 483/177/5521 484/110/441
f 484/110/441 489/178/5522 487/112/443
f 487/112/443 489/178/5522 490/113/444
f 494/95/447 516/176/5523 495/96/448
f 493/97/449 495/96/448 498/98/450
f 496/99/451 498/98/450 499/100/452
f 497/101/453 499/100/452 500/102/454
f 501/103/455 500/102/454 502/104/456
f 504/105/457 502/104/456 503/106/458
f 501/103/455 507/177/5524 509/109/461
f 509/109/461 507/177/5524 508/110/462
f 508/110/462 513/178/5525 511/112/464
f 511/112/464 513/178/5525 514/113/465
f 518/95/468 540/176/5526 519/96/469
f 517/97/470 519/96/469 522/98/471
f 520/99/472 522/98/471 523/100/473
f 521/101/474 523/100/473 524/102/475
f 525/103/476 524/102/475 526/104/477
f 528/105/478 526/104/477 527/106/479
f 525/103/476 531/177/5527 533/109/482
f 533/109/482 531/177/5527 532/110/483
f 532/110/483 537/178/5528 535/112/485
f 535/112/485 537/178/5528 538/113/486
f 542/95/489 564/176/5529 543/96/490
f 541/97/491 543/96/490 546/98/492
f 544/99/493 546/98/492 547/100/494
f 545/101/495 547/100/494 548/102/496
f 549/103/497 548/102/496 550/104/498
f 552/105/499 550/104/498 551/106/500
f 549/103/497 555/177/5530 557/109/503
f 557/109/503 555/177/5530 556/110/504
f 556/110/504 561/178/5531 559/112/506
f 559/112/506 561/178/5531 562/113/507
f 566/95/510 588/176/5532 567/96/511
f 565/97/512 567/96/511 570/98/513
f 568/99/514 570/98/513 571/100/515
f 569/101/516 571/100/515 572/102/517
f 573/103/518 572/102/517 574/104/519
f 576/105/520 574/104/519 575/106/521
f 573/103/518 579/177/5533 581/109/524
f 581/109/524 579/177/5533 580/110/525
f 580/110/525 585/178/5534 583/112/527
f 583/112/527 585/178/5534 586/113/528
f 590/116/531 607/179/5535 591/117/532
f 589/118/533 591/117/532 594/119/534
f 592/120/535 594/119/534 595/121/536
f 593/122/537 595/121/536 596/123/538
f 596/123/538 597/129/544 599/125/540
f 598/124/539 600/127/542 601/126/541
f 597/129/544 604/180/5536 603/130/545
f 603/130/545 604/180/5536 606/131/546
f 614/133/548 615/138/556 611/131/549
f 608/130/551 609/180/5537 617/134/552
f 612/135/553 617/134/552 616/136/554
f 613/137/555 616/136/554 615/138/556
f 619/32/557 621/172/5538 625/33/558
f 618/35/560 629/40/565 647/36/561
f 624/34/559 625/33/558 623/38/563
f 618/35/560 620/37/562 631/48/573
f 638/49/574 631/48/573 632/50/575
f 632/50/575 633/53/578 636/52/577
f 633/53/578 634/46/571 635/45/570
f 627/54/579 618/35/560 643/55/580
f 642/56/581 643/55/580 644/57/582
f 641/58/583 644/57/582 645/59/584
f 640/60/585 645/59/584 646/43/568
f 630/41/566 629/40/565 618/35/560
f 629/40/565 622/39/564 623/38/563
f 649/32/586 651/172/5539 655/33/587
f 648/35/589 659/40/594 677/36/590
f 654/34/588 655/33/587 653/38/592
f 648/35/589 650/37/591 661/48/602
f 668/49/603 661/48/602 662/50/604
f 662/50/604 663/53/607 666/52/606
f 663/53/607 664/46/600 665/45/599
f 657/54/608 648/35/589 673/55/609
f 672/56/610 673/55/609 674/57/611
f 671/58/612 674/57/611 675/59/613
f 670/60/614 675/59/613 676/43/597
f 660/41/595 659/40/594 648/35/589
f 659/40/594 652/39/593 653/38/592
f 679/32/615 681/172/5540 685/33/616
f 678/35/618 689/40/623 707/36/619
f 684/34/617 685/33/616 683/38/621
f 678/35/618 680/37/620 691/48/631
f 698/49/632 691/48/631 692/50/633
f 692/50/633 693/53/636 696/52/635
f 693/53/636 694/46/629 695/45/628
f 687/54/637 678/35/618 703/55/638
f 702/56/639 703/55/638 704/57/640
f 701/58/641 704/57/640 705/59/642
f 700/60/643 705/59/642 706/43/626
f 690/41/624 689/40/623 678/35/618
f 689/40/623 682/39/622 683/38/621
f 709/32/644 711/172/5541 715/33/645
f 708/35/647 719/40/652 737/36/648
f 714/34/646 715/33/645 713/38/650
f 708/35/647 710/37/649 721/48/660
f 728/49/661 721/48/660 722/50/662
f 722/50/662 723/53/665 726/52/664
f 723/53/665 724/46/658 725/45/657
f 717/54/666 708/35/647 733/55/667
f 732/56/668 733/55/667 734/57/669
f 731/58/670 734/57/669 735/59/671
f 730/60/672 735/59/671 736/43/655
f 720/41/653 719/40/652 708/35/647
f 719/40/652 712/39/651 713/38/650
f 739/32/673 741/172/5542 745/33/674
f 738/35/676 749/40/681 767/36/677
f 744/34/675 745/33/674 743/38/679
f 738/35/676 740/37/678 751/48/689
f 758/49/690 751/48/689 752/50/691
f 752/50/691 753/53/694 756/52/693
f 753/53/694 754/46/687 755/45/686
f 747/54/695 738/35/676 763/55/696
f 762/56/697 763/55/696 764/57/698
f 761/58/699 764/57/698 765/59/700
f 760/60/701 765/59/700 766/43/684
f 750/41/682 749/40/681 738/35/676
f 749/40/681 742/39/680 743/38/679
f 769/32/702 771/172/5543 775/33/703
f 768/35/705 779/40/710 797/36/706
f 774/34/704 775/33/703 773/38/708
f 768/35/705 770/37/707 781/48/718
f 788/49/719 781/48/718 782/50/720
f 782/50/720 783/53/723 786/52/722
f 783/53/723 784/46/716 785/45/715
f 777/54/724 768/35/705 793/55/725
f 792/56/726 793/55/725 794/57/727
f 791/58/728 794/57/727 795/59/729
f 790/60/730 795/59/729 796/43/713
f 780/41/711 779/40/710 768/35/705
f 779/40/710 772/39/709 773/38/708
f 799/32/731 801/172/5544 805/33/732
f 798/35/734 809/40/739 827/36/735
f 804/34/733 805/33/732 803/38/737
f 798/35/734 800/37/736 811/48/747
f 818/49/748 811/48/747 812/50/749
f 812/50/749 813/53/752 816/52/751
f 813/53/752 814/46/745 815/45/744
f 807/54/753 798/35/734 823/55/754
f 822/56/755 823/55/754 824/57/756
f 821/58/757 824/57/756 825/59/758
f 820/60/759 825/59/758 826/43/742
f 810/41/740 809/40/739 798/35/734
f 809/40/739 802/39/738 803/38/737
f 829/32/760 831/172/5545 835/33/761
f 828/35/763 839/40/768 857/36/764
f 834/34/762 835/33/761 833/38/766
f 828/35/763 830/37/765 841/48/776
f 848/49/777 841/48/776 842/50/778
f 842/50/778 843/53/781 846/52/780
f 843/53/781 844/46/774 845/45/773
f 837/54/782 828/35/763 853/55/783
f 852/56/784 853/55/783 854/57/785
f 851/58/786 854/57/785 855/59/787
f 850/60/788 855/59/787 856/43/771
f 840/41/769 839/40/768 828/35/763
f 839/40/768 832/39/767 833/38/766
f 859/32/789 861/172/5546 865/33/790
f 858/35/792 869/40/797 887/36/793
f 864/34/791 865/33/790 863/38/795
f 858/35/792 860/37/794 871/48/805
f 878/49/806 871/48/805 872/50/807
f 872/50/807 873/53/810 876/52/809
f 873/53/810 874/46/803 875/45/802
f 867/54/811 858/35/792 883/55/812
f 882/56/813 883/55/812 884/57/814
f 881/58/815 884/57/814 885/59/816
f 880/60/817 885/59/816 886/43/800
f 870/41/798 869/40/797 858/35/792
f 869/40/797 862/39/796 863/38/795
f 889/32/818 891/172/5547 895/33/819
f 888/35/821 899/40/826 917/36/822
f 894/34/820 895/33/819 893/38/824
f 888/35/821 890/37/823 901/48/834
f 908/49/835 901/48/834 902/50/836
f 902/50/836 903/53/839 906/52/838
f 903/53/839 904/46/832 905/45/831
f 897/54/840 888/35/821 913/55/841
f 912/56/842 913/55/841 914/57/843
f 911/58/844 914/57/843 915/59/845
f 910/60/846 915/59/845 916/43/829
f 900/41/827 899/40/826 888/35/821
f 899/40/826 892/39/825 893/38/824
f 918/61/847 920/173/5548 921/62/848
f 919/63/849 921/62/848 922/64/850
f 924/65/851 922/64/850 923/66/852
f 925/67/853 923/66/852 928/68/854
f 926/69/855 928/68/854 929/70/856
f 927/71/857 929/70/856 930/72/858
f 931/73/859 930/72/858 932/74/860
f 934/75/861 932/74/860 933/76/862
f 937/61/865 939/173/5549 940/62/866
f 938/63/867 940/62/866 941/64/868
f 943/65/869 941/64/868 942/66/870
f 944/67/871 942/66/870 947/68/872
f 945/69/873 947/68/872 948/70/874
f 946/71/875 948/70/874 949/72/876
f 950/73/877 949/72/876 951/74/878
f 953/75/879 951/74/878 952/76/880
f 956/61/883 958/173/5550 959/62/884
f 957/63/885 959/62/884 960/64/886
f 962/65/887 960/64/886 961/66/888
f 963/67/889 961/66/888 966/68/890
f 964/69/891 966/68/890 967/70/892
f 965/71/893 967/70/892 968/72/894
f 969/73/895 968/72/894 970/74/896
f 972/75/897 970/74/896 971/76/898
f 975/61/901 977/173/5551 978/62/902
f 976/63/903 978/62/902 979/64/904
f 981/65/905 979/64/904 980/66/906
f 982/67/907 980/66/906 985/68/908
f 983/69/909 985/68/908 986/70/910
f 984/71/911 986/70/910 987/72/912
f 988/73/913 987/72/912 989/74/914
f 991/75/915 989/74/914 990/76/916
f 994/61/919 996/173/5552 997/62/920
f 995/63/921 997/62/920 998/64/922
f 1000/65/923 998/64/922 999/66/924
f 1001/67/925 999/66/924 1004/68/926
f 1002/69/927 1004/68/926 1005/70/928
f 1003/71/929 1005/70/928 1006/72/930
f 1007/73/931 1006/72/930 1008/74/932
f 1010/75/933 1008/74/932 1009/76/934
f 1013/61/937 1015/173/5553 1016/62/938
f 1014/63/939 1016/62/938 1017/64/940
f 1019/65/941 1017/64/940 1018/66/942
f 1020/67/943 1018/66/942 1023/68/944
f 1021/69/945 1023/68/944 1024/70/946
f 1022/71/947 1024/70/946 1025/72/948
f 1026/73/949 1025/72/948 1027/74/950
f 1029/75/951 1027/74/950 1028/76/952
f 1032/61/955 1034/173/5554 1035/62/956
f 1033/63/957 1035/62/956 1036/64/958
f 1038/65/959 1036/64/958 1037/66/960
f 1039/67/961 1037/66/960 1042/68/962
f 1040/69/963 1042/68/962 1043/70/964
f 1041/71/965 1043/70/964 1044/72/966
f 1045/73/967 1044/72/966 1046/74/968
f 1048/75/969 1046/74/968 1047/76/970
f 1051/61/973 1053/173/5555 1054/62/974
f 1052/63/975 1054/62/974 1055/64/976
f 1057/65/977 1055/64/976 1056/66/978
f 1058/67/979 1056/66/978 1061/68/980
f 1059/69/981 1061/68/980 1062/70/982
f 1060/71/983 1062/70/982 1063/72/984
f 1064/73/985 1063/72/984 1065/74/986
f 1067/75/987 1065/74/986 1066/76/988
f 1070/61/991 1072/173/5556 1073/62/992
f 1071/63/993 1073/62/992 1074/64/994
f 1076/65/995 1074/64/994 1075/66/996
f 1077/67/997 1075/66/996 1080/68/998
f 1078/69/999 1080/68/998 1081/70/1000
f 1079/71/1001 1081/70/1000 1082/72/1002
f 1083/73/1003 1082/72/1002 1084/74/1004
f 1086/75/1005 1084/74/1004 1085/76/1006
f 1089/61/1009 1091/173/5557 1092/62/1010
f 1090/63/1011 1092/62/1010 1093/64/1012
f 1095/65/1013 1093/64/1012 1094/66/1014
f 1096/67/1015 1094/66/1014 1099/68/1016
f 1097/69/1017 1099/68/1016 1100/70/1018
f 1098/71/1019 1100/70/1018 1101/72/1020
f 1102/73/1021 1101/72/1020 1103/74/1022
f 1105/75/1023 1103/74/1022 1104/76/1024
f 1108/79/1027 1110/174/5558 1111/80/1028
f 1109/81/1029 1111/80/1028 1112/82/1030
f 1114/83/1031 1112/82/1030 1113/84/1032
f 1113/84/1032 1118/89/1037 1116/86/1034
f 1118/89/1037 1121/175/5559 1117/87/1035
f 1117/87/1035 1121/175/5559 1122/91/1039
f 1123/92/1040 1122/91/1039 1124/93/1041
f 1127/92/1042 1126/91/1042 1128/93/1042
f 1130/1/1043 1132/169/5560 1133/2/1044
f 1133/2/1044 1134/5/1047 1135/4/1046
f 1134/5/1047 1136/170/5561 1138/6/1048
f 1138/6/1048 1136/170/5561 1137/7/1049
f 1141/11/1053 1140/9/1051 1138/6/1048
f 1138/6/1048 1139/8/1050 1143/10/1052
f 1143/10/1052 1144/13/1055 1142/12/1054
f 1139/8/1050 1137/7/1049 1148/15/1057
f 1148/15/1057 1150/22/1064 1147/17/1059
f 1152/19/1061 1151/21/1063 1148/15/1057
f 1150/22/1064 1154/171/5562 1155/23/1065
f 1155/23/1065 1154/171/5562 1156/24/1066
f 1162/26/1068 1160/24/5563 1161/25/1069
f 1159/23/1071 1158/171/5564 1164/28/1072
f 1165/29/1073 1164/28/1072 1163/30/1074
f 1163/30/1074 1162/26/1068 1167/27/1070
f 1169/95/1076 1191/176/5565 1170/96/1077
f 1168/97/1078 1170/96/1077 1173/98/1079
f 1171/99/1080 1173/98/1079 1174/100/1081
f 1172/101/1082 1174/100/1081 1175/102/1083
f 1176/103/1084 1175/102/1083 1177/104/1085
f 1179/105/1086 1177/104/1085 1178/106/1087
f 1176/103/1084 1182/177/5566 1184/109/1090
f 1184/109/1090 1182/177/5566 1183/110/1091
f 1183/110/1091 1188/178/5567 1186/112/1093
f 1186/112/1093 1188/178/5567 1189/113/1094
f 1193/95/1097 1215/176/5568 1194/96/1098
f 1192/97/1099 1194/96/1098 1197/98/1100
f 1195/99/1101 1197/98/1100 1198/100/1102
f 1196/101/1103 1198/100/1102 1199/102/1104
f 1200/103/1105 1199/102/1104 1201/104/1106
f 1203/105/1107 1201/104/1106 1202/106/1108
f 1200/103/1105 1206/177/5569 1208/109/1111
f 1208/109/1111 1206/177/5569 1207/110/1112
f 1207/110/1112 1212/178/5570 1210/112/1114
f 1210/112/1114 1212/178/5570 1213/113/1115
f 1217/95/1118 1239/176/5571 1218/96/1119
f 1216/97/1120 1218/96/1119 1221/98/1121
f 1219/99/1122 1221/98/1121 1222/100/1123
f 1220/101/1124 1222/100/1123 1223/102/1125
f 1224/103/1126 1223/102/1125 1225/104/1127
f 1227/105/1128 1225/104/1127 1226/106/1129
f 1224/103/1126 1230/177/5572 1232/109/1132
f 1232/109/1132 1230/177/5572 1231/110/1133
f 1231/110/1133 1236/178/5573 1234/112/1135
f 1234/112/1135 1236/178/5573 1237/113/1136
f 1241/95/1139 1263/176/5574 1242/96/1140
f 1240/97/1141 1242/96/1140 1245/98/1142
f 1243/99/1143 1245/98/1142 1246/100/1144
f 1244/101/1145 1246/100/1144 1247/102/1146
f 1248/103/1147 1247/102/1146 1249/104/1148
f 1251/105/1149 1249/104/1148 1250/106/1150
f 1248/103/1147 1254/177/5575 1256/109/1153
f 1256/109/1153 1254/177/5575 1255/110/1154
f 1255/110/1154 1260/178/5576 1258/112/1156
f 1258/112/1156 1260/178/5576 1261/113/1157
f 1265/95/1160 1287/176/5577 1266/96/1161
f 1264/97/1162 1266/96/1161 1269/98/1163
f 1267/99/1164 1269/98/1163 1270/100/1165
f 1268/101/1166 1270/100/1165 1271/102/1167
f 1272/103/1168 1271/102/1167 1273/104/1169
f 1275/105/1170 1273/104/1169 1274/106/1171
f 1272/103/1168 1278/177/5578 1280/109/1174
f 1280/109/1174 1278/177/5578 1279/110/1175
f 1279/110/1175 1284/178/5579 1282/112/1177
f 1282/112/1177 1284/178/5579 1285/113/1178
f 1289/95/1181 1311/176/5580 1290/96/1182
f 1288/97/1183 1290/96/1182 1293/98/1184
f 1291/99/1185 1293/98/1184 1294/100/1186
f 1292/101/1187 1294/100/1186 1295/102/1188
f 1296/103/1189 1295/102/1188 1297/104/1190
f 1299/105/1191 1297/104/1190 1298/106/1192
f 1296/103/1189 1302/177/5581 1304/109/1195
f 1304/109/1195 1302/177/5581 1303/110/1196
f 1303/110/1196 1308/178/5582 1306/112/1198
f 1306/112/1198 1308/178/5582 1309/113/1199
f 1313/95/1202 1335/176/5583 1314/96/1203
f 1312/97/1204 1314/96/1203 1317/98/1205
f 1315/99/1206 1317/98/1205 1318/100/1207
f 1316/101/1208 1318/100/1207 1319/102/1209
f 1320/103/1210 1319/102/1209 1321/104/1211
f 1323/105/1212 1321/104/1211 1322/106/1213
f 1320/103/1210 1326/177/5584 1328/109/1216
f 1328/109/1216 1326/177/5584 1327/110/1217
f 1327/110/1217 1332/178/5585 1330/112/1219
f 1330/112/1219 1332/178/5585 1333/113/1220
f 1337/95/1223 1359/176/5586 1338/96/1224
f 1336/97/1225 1338/96/1224 1341/98/1226
f 1339/99/1227 1341/98/1226 1342/100/1228
f 1340/101/1229 1342/100/1228 1343/102/1230
f 1344/103/1231 1343/102/1230 1345/104/1232
f 1347/105/1233 1345/104/1232 1346/106/1234
f 1344/103/1231 1350/177/5587 1352/109/1237
f 1352/109/1237 1350/177/5587 1351/110/1238
f 1351/110/1238 1356/178/5588 1354/112/1240
f 1354/112/1240 1356/178/5588 1357/113/1241
f 1361/95/1244 1383/176/5589 1362/96/1245
f 1360/97/1246 1362/96/1245 1365/98/1247
f 1363/99/1248 1365/98/1247 1366/100/1249
f 1364/101/1250 1366/100/1249 1367/102/1251
f 1368/103/1252 1367/102/1251 1369/104/1253
f 1371/105/1254 1369/104/1253 1370/106/1255
f 1368/103/1252 1374/177/5590 1376/109/1258
f 1376/109/1258 1374/177/5590 1375/110/1259
f 1375/110/1259 1380/178/5591 1378/112/1261
f 1378/112/1261 1380/178/5591 1381/113/1262
f 1385/95/1265 1407/176/5592 1386/96/1266
f 1384/97/1267 1386/96/1266 1389/98/1268
f 1387/99/1269 1389/98/1268 1390/100/1270
f 1388/101/1271 1390/100/1270 1391/102/1272
f 1392/103/1273 1391/102/1272 1393/104/1274
f 1395/105/1275 1393/104/1274 1394/106/1276
f 1392/103/1273 1398/177/5593 1400/109/1279
f 1400/109/1279 1398/177/5593 1399/110/1280
f 1399/110/1280 1404/178/5594 1402/112/1282
f 1402/112/1282 1404/178/5594 1405/113/1283
f 1409/116/1286 1426/179/5595 1410/117/1287
f 1408/118/1288 1410/117/1287 1413/119/1289
f 1411/120/1290 1413/119/1289 1414/121/1291
f 1412/122/1292 1414/121/1291 1415/123/1293
f 1415/123/1293 1416/129/1299 1418/125/1295
f 1417/124/1294 1419/127/1297 1420/126/1296
f 1416/129/1299 1423/180/5596 1422/130/1300
f 1422/130/1300 1423/180/5596 1425/131/1301
f 1433/133/1303 1434/138/1311 1430/131/1304
f 1427/130/1306 1428/180/5597 1436/134/1307
f 1431/135/1308 1436/134/1307 1435/136/1309
f 1432/137/1310 1435/136/1309 1434/138/1311
f 1438/32/1312 1440/172/5598 1444/33/1313
f 1437/35/1315 1448/40/1320 1466/36/1316
f 1443/34/1314 1444/33/1313 1442/38/1318
f 1437/35/1315 1439/37/1317 1450/48/1328
f 1457/49/1329 1450/48/1328 1451/50/1330
f 1451/50/1330 1452/53/1333 1455/52/1332
f 1452/53/1333 1453/46/1326 1454/45/1325
f 1446/54/1334 1437/35/1315 1462/55/1335
f 1461/56/1336 1462/55/1335 1463/57/1337
f 1460/58/1338 1463/57/1337 1464/59/1339
f 1459/60/1340 1464/59/1339 1465/43/1323
f 1449/41/1321 1448/40/1320 1437/35/1315
f 1448/40/1320 1441/39/1319 1442/38/1318
f 1468/32/1341 1470/172/5599 1474/33/1342
f 1467/35/1344 1478/40/1349 1496/36/1345
f 1473/34/1343 1474/33/1342 1472/38/1347
f 1467/35/1344 1469/37/1346 1480/48/1357
f 1487/49/1358 1480/48/1357 1481/50/1359
f 1481/50/1359 1482/53/1362 1485/52/1361
f 1482/53/1362 1483/46/1355 1484/45/1354
f 1476/54/1363 1467/35/1344 1492/55/1364
f 1491/56/1365 1492/55/1364 1493/57/1366
f 1490/58/1367 1493/57/1366 1494/59/1368
f 1489/60/1369 1494/59/1368 1495/43/1352
f 1479/41/1350 1478/40/1349 1467/35/1344
f 1478/40/1349 1471/39/1348 1472/38/1347
f 1498/32/1370 1500/172/5600 1504/33/1371
f 1497/35/1373 1508/40/1378 1526/36/1374
f 1503/34/1372 1504/33/1371 1502/38/1376
f 1497/35/1373 1499/37/1375 1510/48/1386
f 1517/49/1387 1510/48/1386 1511/50/1388
f 1511/50/1388 1512/53/1391 1515/52/1390
f 1512/53/1391 1513/46/1384 1514/45/1383
f 1506/54/1392 1497/35/1373 1522/55/1393
f 1521/56/1394 1522/55/1393 1523/57/1395
f 1520/58/1396 1523/57/1395 1524/59/1397
f 1519/60/1398 1524/59/1397 1525/43/1381
f 1509/41/1379 1508/40/1378 1497/35/1373
f 1508/40/1378 1501/39/1377 1502/38/1376
f 1528/32/1399 1530/172/5601 1534/33/1400
f 1527/35/1402 1538/40/1407 1556/36/1403
f 1533/34/1401 1534/33/1400 1532/38/1405
f 1527/35/1402 1529/37/1404 1540/48/1415
f 1547/49/1416 1540/48/1415 1541/50/1417
f 1541/50/1417 1542/53/1420 1545/52/1419
f 1542/53/1420 1543/46/1413 1544/45/1412
f 1536/54/1421 1527/35/1402 1552/55/1422
f 1551/56/1423 1552/55/1422 1553/57/1424
f 1550/58/1425 1553/57/1424 1554/59/1426
f 1549/60/1427 1554/59/1426 1555/43/1410
f 1539/41/1408 1538/40/1407 1527/35/1402
f 1538/40/1407 1531/39/1406 1532/38/1405
f 1558/32/1428 1560/172/5602 1564/33/1429
f 1557/35/1431 1568/40/1436 1586/36/1432
f 1563/34/1430 1564/33/1429 1562/38/1434
f 1557/35/1431 1559/37/1433 1570/48/1444
f 1577/49/1445 1570/48/1444 1571/50/1446
f 1571/50/1446 1572/53/1449 1575/52/1448
f 1572/53/1449 1573/46/1442 1574/45/1441
f 1566/54/1450 1557/35/1431 1582/55/1451
f 1581/56/1452 1582/55/1451 1583/57/1453
f 1580/58/1454 1583/57/1453 1584/59/1455
f 1579/60/1456 1584/59/1455 1585/43/1439
f 1569/41/1437 1568/40/1436 1557/35/1431
f 1568/40/1436 1561/39/1435 1562/38/1434
f 1588/32/1457 1590/172/5603 1594/33/1458
f 1587/35/1460 1598/40/1465 1616/36/1461
f 1593/34/1459 1594/33/1458 1592/38/1463
f 1587/35/1460 1589/37/1462 1600/48/1473
f 1607/49/1474 1600/48/1473 1601/50/1475
f 1601/50/1475 1602/53/1478 1605/52/1477
f 1602/53/1478 1603/46/1471 1604/45/1470
f 1596/54/1479 1587/35/1460 1612/55/1480
f 1611/56/1481 1612/55/1480 1613/57/1482
f 1610/58/1483 1613/57/1482 1614/59/1484
f 1609/60/1485 1614/59/1484 1615/43/1468
f 1599/41/1466 1598/40/1465 1587/35/1460
f 1598/40/1465 1591/39/1464 1592/38/1463
f 1618/32/1486 1620/172/5604 1624/33/1487
f 1617/35/1489 1628/40/1494 1646/36/1490
f 1623/34/1488 1624/33/1487 1622/38/1492
f 1617/35/1489 1619/37/1491 1630/48/1502
f 1637/49/1503 1630/48/1502 1631/50/1504
f 1631/50/1504 1632/53/1507 1635/52/1506
f 1632/53/1507 1633/46/1500 1634/45/1499
f 1626/54/1508 1617/35/1489 1642/55/1509
f 1641/56/1510 1642/55/1509 1643/57/1511
f 1640/58/1512 1643/57/1511 1644/59/1513
f 1639/60/1514 1644/59/1513 1645/43/1497
f 1629/41/1495 1628/40/1494 1617/35/1489
f 1628/40/1494 1621/39/1493 1622/38/1492
f 1648/32/1515 1650/172/5605 1654/33/1516
f 1647/35/1518 1658/40/1523 1676/36/1519
f 1653/34/1517 1654/33/1516 1652/38/1521
f 1647/35/1518 1649/37/1520 1660/48/1531
f 1667/49/1532 1660/48/1531 1661/50/1533
f 1661/50/1533 1662/53/1536 1665/52/1535
f 1662/53/1536 1663/46/1529 1664/45/1528
f 1656/54/1537 1647/35/1518 1672/55/1538
f 1671/56/1539 1672/55/1538 1673/57/1540
f 1670/58/1541 1673/57/1540 1674/59/1542
f 1669/60/1543 1674/59/1542 1675/43/1526
f 1659/41/1524 1658/40/1523 1647/35/1518
f 1658/40/1523 1651/39/1522 1652/38/1521
f 1678/32/1544 1680/172/5606 1684/33/1545
f 1677/35/1547 1688/40/1552 1706/36/1548
f 1683/34/1546 1684/33/1545 1682/38/1550
f 1677/35/1547 1679/37/1549 1690/48/1560
f 1697/49/1561 1690/48/1560 1691/50/1562
f 1691/50/1562 1692/53/1565 1695/52/1564
f 1692/53/1565 1693/46/1558 1694/45/1557
f 1686/54/1566 1677/35/1547 1702/55/1567
f 1701/56/1568 1702/55/1567 1703/57/1569
f 1700/58/1570 1703/57/1569 1704/59/1571
f 1699/60/1572 1704/59/1571 1705/43/1555
f 1689/41/1553 1688/40/1552 1677/35/1547
f 1688/40/1552 1681/39/1551 1682/38/1550
f 1708/32/1573 1710/172/5607 1714/33/1574
f 1707/35/1576 1718/40/1581 1736/36/1577
f 1713/34/1575 1714/33/1574 1712/38/1579
f 1707/35/1576 1709/37/1578 1720/48/1589
f 1727/49/1590 1720/48/1589 1721/50/1591
f 1721/50/1591 1722/53/1594 1725/52/1593
f 1722/53/1594 1723/46/1587 1724/45/1586
f 1716/54/1595 1707/35/1576 1732/55/1596
f 1731/56/1597 1732/55/1596 1733/57/1598
f 1730/58/1599 1733/57/1598 1734/59/1600
f 1729/60/1601 1734/59/1600 1735/43/1584
f 1719/41/1582 1718/40/1581 1707/35/1576
f 1718/40/1581 1711/39/1580 1712/38/1579
f 1737/61/1602 1739/173/5608 1740/62/1603
f 1738/63/1604 1740/62/1603 1741/64/1605
f 1743/65/1606 1741/64/1605 1742/66/1607
f 1744/67/1608 1742/66/1607 1747/68/1609
f 1745/69/1610 1747/68/1609 1748/70/1611
f 1746/71/1612 1748/70/1611 1749/72/1613
f 1750/73/1614 1749/72/1613 1751/74/1615
f 1753/75/1616 1751/74/1615 1752/76/1617
f 1756/61/1620 1758/173/5609 1759/62/1621
f 1757/63/1622 1759/62/1621 1760/64/1623
f 1762/65/1624 1760/64/1623 1761/66/1625
f 1763/67/1626 1761/66/1625 1766/68/1627
f 1764/69/1628 1766/68/1627 1767/70/1629
f 1765/71/1630 1767/70/1629 1768/72/1631
f 1769/73/1632 1768/72/1631 1770/74/1633
f 1772/75/1634 1770/74/1633 1771/76/1635
f 1775/61/1638 1777/173/5610 1778/62/1639
f 1776/63/1640 1778/62/1639 1779/64/1641
f 1781/65/1642 1779/64/1641 1780/66/1643
f 1782/67/1644 1780/66/1643 1785/68/1645
f 1783/69/1646 1785/68/1645 1786/70/1647
f 1784/71/1648 1786/70/1647 1787/72/1649
f 1788/73/1650 1787/72/1649 1789/74/1651
f 1791/75/1652 1789/74/1651 1790/76/1653
f 1794/61/1656 1796/173/5611 1797/62/1657
f 1795/63/1658 1797/62/1657 1798/64/1659
f 1800/65/1660 1798/64/1659 1799/66/1661
f 1801/67/1662 1799/66/1661 1804/68/1663
f 1802/69/1664 1804/68/1663 1805/70/1665
f 1803/71/1666 1805/70/1665 1806/72/1667
f 1807/73/1668 1806/72/1667 1808/74/1669
f 1810/75/1670 1808/74/1669 1809/76/1671
f 1813/61/1674 1815/173/5612 1816/62/1675
f 1814/63/1676 1816/62/1675 1817/64/1677
f 1819/65/1678 1817/64/1677 1818/66/1679
f 1820/67/1680 1818/66/1679 1823/68/1681
f 1821/69/1682 1823/68/1681 1824/70/1683
f 1822/71/1684 1824/70/1683 1825/72/1685
f 1826/73/1686 1825/72/1685 1827/74/1687
f 1829/75/1688 1827/74/1687 1828/76/1689
f 1832/61/1692 1834/173/5613 1835/62/1693
f 1833/63/1694 1835/62/1693 1836/64/1695
f 1838/65/1696 1836/64/1695 1837/66/1697
f 1839/67/1698 1837/66/1697 1842/68/1699
f 1840/69/1700 1842/68/1699 1843/70/1701
f 1841/71/1702 1843/70/1701 1844/72/1703
f 1845/73/1704 1844/72/1703 1846/74/1705
f 1848/75/1706 1846/74/1705 1847/76/1707
f 1851/61/1710 1853/173/5614 1854/62/1711
f 1852/63/1712 1854/62/1711 1855/64/1713
f 1857/65/1714 1855/64/1713 1856/66/1715
f 1858/67/1716 1856/66/1715 1861/68/1717
f 1859/69/1718 1861/68/1717 1862/70/1719
f 1860/71/1720 1862/70/1719 1863/72/1721
f 1864/73/1722 1863/72/1721 1865/74/1723
f 1867/75/1724 1865/74/1723 1866/76/1725
f 1870/61/1728 1872/173/5615 1873/62/1729
f 1871/63/1730 1873/62/1729 1874/64/1731
f 1876/65/1732 1874/64/1731 1875/66/1733
f 1877/67/1734 1875/66/1733 1880/68/1735
f 1878/69/1736 1880/68/1735 1881/70/1737
f 1879/71/1738 1881/70/1737 1882/72/1739
f 1883/73/1740 1882/72/1739 1884/74/1741
f 1886/75/1742 1884/74/1741 1885/76/1743
f 1889/61/1746 1891/173/5616 1892/62/1747
f 1890/63/1748 1892/62/1747 1893/64/1749
f 1895/65/1750 1893/64/1749 1894/66/1751
f 1896/67/1752 1894/66/1751 1899/68/1753
f 1897/69/1754 1899/68/1753 1900/70/1755
f 1898/71/1756 1900/70/1755 1901/72/1757
f 1902/73/1758 1901/72/1757 1903/74/1759
f 1905/75/1760 1903/74/1759 1904/76/1761
f 1908/61/1764 1910/173/5617 1911/62/1765
f 1909/63/1766 1911/62/1765 1912/64/1767
f 1914/65/1768 1912/64/1767 1913/66/1769
f 1915/67/1770 1913/66/1769 1918/68/1771
f 1916/69/1772 1918/68/1771 1919/70/1773
f 1917/71/1774 1919/70/1773 1920/72/1775
f 1921/73/1776 1920/72/1775 1922/74/1777
f 1924/75/1778 1922/74/1777 1923/76/1779
f 1927/79/1782 1929/174/5618 1930/80/1783
f 1928/81/1784 1930/80/1783 1931/82/1785
f 1933/83/1786 1931/82/1785 1932/84/1787
f 1932/84/1787 1937/89/1792 1935/86/1789
f 1937/89/1792 1940/175/5619 1936/87/1790
f 1936/87/1790 1940/175/5619 1941/91/1794
f 1942/92/1795 1941/91/1794 1943/93/1796
f 1946/92/1797 1945/91/1797 1947/93/1797
f 1949/1/1798 1951/169/5620 1952/2/1799
f 1952/2/1799 1953/5/1801 1954/4/1800
f 1953/5/1801 1955/170/5621 1957/6/1802
f 1957/6/1802 1955/170/5621 1956/7/1803
f 1960/11/1807 1959/9/1805 1957/6/1802
f 1957/6/1802 1958/8/1804 1962/10/1806
f 1962/10/1806 1963/13/1809 1961/12/1808
f 1958/8/1804 1956/7/1803 1967/15/1811
f 1967/15/1811 1969/22/1818 1966/17/1813
f 1971/19/1815 1970/21/1817 1967/15/1811
f 1969/22/1818 1973/171/5622 1974/23/1819
f 1974/23/1819 1973/171/5622 1975/24/1820
f 1981/26/1822 1979/24/5623 1980/25/1823
f 1978/23/1825 1977/171/5624 1983/28/1826
f 1984/29/1827 1983/28/1826 1982/30/1828
f 1982/30/1828 1981/26/1822 1986/27/1824
f 1988/95/1830 2010/176/5625 1989/96/1831
f 1987/97/1832 1989/96/1831 1992/98/1833
f 1990/99/1834 1992/98/1833 1993/100/1835
f 1991/101/1836 1993/100/1835 1994/102/1837
f 1995/103/1838 1994/102/1837 1996/104/1839
f 1998/105/1840 1996/104/1839 1997/106/1841
f 1995/103/1838 2001/177/5626 2003/109/1844
f 2003/109/1844 2001/177/5626 2002/110/1845
f 2002/110/1845 2007/178/5627 2005/112/1847
f 2005/112/1847 2007/178/5627 2008/113/1848
f 2012/95/1851 2034/176/5628 2013/96/1852
f 2011/97/1853 2013/96/1852 2016/98/1854
f 2014/99/1855 2016/98/1854 2017/100/1856
f 2015/101/1857 2017/100/1856 2018/102/1858
f 2019/103/1859 2018/102/1858 2020/104/1860
f 2022/105/1861 2020/104/1860 2021/106/1862
f 2019/103/1859 2025/177/5629 2027/109/1865
f 2027/109/1865 2025/177/5629 2026/110/1866
f 2026/110/1866 2031/178/5630 2029/112/1868
f 2029/112/1868 2031/178/5630 2032/113/1869
f 2036/95/1872 2058/176/5631 2037/96/1873
f 2035/97/1874 2037/96/1873 2040/98/1875
f 2038/99/1876 2040/98/1875 2041/100/1877
f 2039/101/1878 2041/100/1877 2042/102/1879
f 2043/103/1880 2042/102/1879 2044/104/1881
f 2046/105/1882 2044/104/1881 2045/106/1883
f 2043/103/1880 2049/177/5632 2051/109/1886
f 2051/109/1886 2049/177/5632 2050/110/1887
f 2050/110/1887 2055/178/5633 2053/112/1889
f 2053/112/1889 2055/178/5633 2056/113/1890
f 2060/95/1893 2082/176/5634 2061/96/1894
f 2059/97/1895 2061/96/1894 2064/98/1896
f 2062/99/1897 2064/98/1896 2065/100/1898
f 2063/101/1899 2065/100/1898 2066/102/1900
f 2067/103/1901 2066/102/1900 2068/104/1902
f 2070/105/1903 2068/104/1902 2069/106/1904
f 2067/103/1901 2073/177/5635 2075/109/1907
f 2075/109/1907 2073/177/5635 2074/110/1908
f 2074/110/1908 2079/178/5636 2077/112/1910
f 2077/112/1910 2079/178/5636 2080/113/1911
f 2084/95/1914 2106/176/5637 2085/96/1915
f 2083/97/1916 2085/96/1915 2088/98/1917
f 2086/99/1918 2088/98/1917 2089/100/1919
f 2087/101/1920 2089/100/1919 2090/102/1921
f 2091/103/1922 2090/102/1921 2092/104/1923
f 2094/105/1924 2092/104/1923 2093/106/1925
f 2091/103/1922 2097/177/5638 2099/109/1928
f 2099/109/1928 2097/177/5638 2098/110/1929
f 2098/110/1929 2103/178/5639 2101/112/1931
f 2101/112/1931 2103/178/5639 2104/113/1932
f 2108/95/1935 2130/176/5640 2109/96/1936
f 2107/97/1937 2109/96/1936 2112/98/1938
f 2110/99/1939 2112/98/1938 2113/100/1940
f 2111/101/1941 2113/100/1940 2114/102/1942
f 2115/103/1943 2114/102/1942 2116/104/1944
f 2118/105/1945 2116/104/1944 2117/106/1946
f 2115/103/1943 2121/177/5641 2123/109/1949
f 2123/109/1949 2121/177/5641 2122/110/1950
f 2122/110/1950 2127/178/5642 2125/112/1952
f 2125/112/1952 2127/178/5642 2128/113/1953
f 2132/95/1956 2154/176/5643 2133/96/1957
f 2131/97/1958 2133/96/1957 2136/98/1959
f 2134/99/1960 2136/98/1959 2137/100/1961
f 2135/101/1962 2137/100/1961 2138/102/1963
f 2139/103/1964 2138/102/1963 2140/104/1965
f 2142/105/1966 2140/104/1965 2141/106/1967
f 2139/103/1964 2145/177/5644 2147/109/1970
f 2147/109/1970 2145/177/5644 2146/110/1971
f 2146/110/1971 2151/178/5645 2149/112/1973
f 2149/112/1973 2151/178/5645 2152/113/1974
f 2156/95/1977 2178/176/5646 2157/96/1978
f 2155/97/1979 2157/96/1978 2160/98/1980
f 2158/99/1981 2160/98/1980 2161/100/1982
f 2159/101/1983 2161/100/1982 2162/102/1984
f 2163/103/1985 2162/102/1984 2164/104/1986
f 2166/105/1987 2164/104/1986 2165/106/1988
f 2163/103/1985 2169/177/5647 2171/109/1991
f 2171/109/1991 2169/177/5647 2170/110/1992
f 2170/110/1992 2175/178/5648 2173/112/1994
f 2173/112/1994 2175/178/5648 2176/113/1995
f 2180/95/1998 2202/176/5649 2181/96/1999
f 2179/97/2000 2181/96/1999 2184/98/2001
f 2182/99/2002 2184/98/2001 2185/100/2003
f 2183/101/2004 2185/100/2003 2186/102/2005
f 2187/103/2006 2186/102/2005 2188/104/2007
f 2190/105/2008 2188/104/2007 2189/106/2009
f 2187/103/2006 2193/177/5650 2195/109/2012
f 2195/109/2012 2193/177/5650 2194/110/2013
f 2194/110/2013 2199/178/5651 2197/112/2015
f 2197/112/2015 2199/178/5651 2200/113/2016
f 2204/95/2019 2226/176/5652 2205/96/2020
f 2203/97/2021 2205/96/2020 2208/98/2022
f 2206/99/2023 2208/98/2022 2209/100/2024
f 2207/101/2025 2209/100/2024 2210/102/2026
f 2211/103/2027 2210/102/2026 2212/104/2028
f 2214/105/2029 2212/104/2028 2213/106/2030
f 2211/103/2027 2217/177/5653 2219/109/2033
f 2219/109/2033 2217/177/5653 2218/110/2034
f 2218/110/2034 2223/178/5654 2221/112/2036
f 2221/112/2036 2223/178/5654 2224/113/2037
f 2228/116/2040 2245/179/5655 2229/117/2041
f 2227/118/2042 2229/117/2041 2232/119/2043
f 2230/120/2044 2232/119/2043 2233/121/2045
f 2231/122/2046 2233/121/2045 2234/123/2047
f 2234/123/2047 2235/129/2053 2237/125/2049
f 2236/124/2048 2238/127/2051 2239/126/2050
f 2235/129/2053 2242/180/5656 2241/130/2054
f 2241/130/2054 2242/180/5656 2244/131/2055
f 2252/133/2057 2253/138/2065 2249/131/2058
f 2246/130/2060 2247/180/5657 2255/134/2061
f 2250/135/2062 2255/134/2061 2254/136/2063
f 2251/137/2064 2254/136/2063 2253/138/2065
f 2257/32/2066 2259/172/5658 2263/33/2067
f 2256/35/2069 2267/40/2074 2285/36/2070
f 2262/34/2068 2263/33/2067 2261/38/2072
f 2256/35/2069 2258/37/2071 2269/48/2082
f 2276/49/2083 2269/48/2082 2270/50/2084
f 2270/50/2084 2271/53/2087 2274/52/2086
f 2271/53/2087 2272/46/2080 2273/45/2079
f 2265/54/2088 2256/35/2069 2281/55/2089
f 2280/56/2090 2281/55/2089 2282/57/2091
f 2279/58/2092 2282/57/2091 2283/59/2093
f 2278/60/2094 2283/59/2093 2284/43/2077
f 2268/41/2075 2267/40/2074 2256/35/2069
f 2267/40/2074 2260/39/2073 2261/38/2072
f 2287/32/2095 2289/172/5659 2293/33/2096
f 2286/35/2098 2297/40/2103 2315/36/2099
f 2292/34/2097 2293/33/2096 2291/38/2101
f 2286/35/2098 2288/37/2100 2299/48/2111
f 2306/49/2112 2299/48/2111 2300/50/2113
f 2300/50/2113 2301/53/2116 2304/52/2115
f 2301/53/2116 2302/46/2109 2303/45/2108
f 2295/54/2117 2286/35/2098 2311/55/2118
f 2310/56/2119 2311/55/2118 2312/57/2120
f 2309/58/2121 2312/57/2120 2313/59/2122
f 2308/60/2123 2313/59/2122 2314/43/2106
f 2298/41/2104 2297/40/2103 2286/35/2098
f 2297/40/2103 2290/39/2102 2291/38/2101
f 2317/32/2124 2319/172/5660 2323/33/2125
f 2316/35/2127 2327/40/2132 2345/36/2128
f 2322/34/2126 2323/33/2125 2321/38/2130
f 2316/35/2127 2318/37/2129 2329/48/2140
f 2336/49/2141 2329/48/2140 2330/50/2142
f 2330/50/2142 2331/53/2145 2334/52/2144
f 2331/53/2145 2332/46/2138 2333/45/2137
f 2325/54/2146 2316/35/2127 2341/55/2147
f 2340/56/2148 2341/55/2147 2342/57/2149
f 2339/58/2150 2342/57/2149 2343/59/2151
f 2338/60/2152 2343/59/2151 2344/43/2135
f 2328/41/2133 2327/40/2132 2316/35/2127
f 2327/40/2132 2320/39/2131 2321/38/2130
f 2347/32/2153 2349/172/5661 2353/33/2154
f 2346/35/2156 2357/40/2161 2375/36/2157
f 2352/34/2155 2353/33/2154 2351/38/2159
f 2346/35/2156 2348/37/2158 2359/48/2169
f 2366/49/2170 2359/48/2169 2360/50/2171
f 2360/50/2171 2361/53/2174 2364/52/2173
f 2361/53/2174 2362/46/2167 2363/45/2166
f 2355/54/2175 2346/35/2156 2371/55/2176
f 2370/56/2177 2371/55/2176 2372/57/2178
f 2369/58/2179 2372/57/2178 2373/59/2180
f 2368/60/2181 2373/59/2180 2374/43/2164
f 2358/41/2162 2357/40/2161 2346/35/2156
f 2357/40/2161 2350/39/2160 2351/38/2159
f 2377/32/2182 2379/172/5662 2383/33/2183
f 2376/35/2185 2387/40/2190 2405/36/2186
f 2382/34/2184 2383/33/2183 2381/38/2188
f 2376/35/2185 2378/37/2187 2389/48/2198
f 2396/49/2199 2389/48/2198 2390/50/2200
f 2390/50/2200 2391/53/2203 2394/52/2202
f 2391/53/2203 2392/46/2196 2393/45/2195
f 2385/54/2204 2376/35/2185 2401/55/2205
f 2400/56/2206 2401/55/2205 2402/57/2207
f 2399/58/2208 2402/57/2207 2403/59/2209
f 2398/60/2210 2403/59/2209 2404/43/2193
f 2388/41/2191 2387/40/2190 2376/35/2185
f 2387/40/2190 2380/39/2189 2381/38/2188
f 2407/32/2211 2409/172/5663 2413/33/2212
f 2406/35/2214 2417/40/2219 2435/36/2215
f 2412/34/2213 2413/33/2212 2411/38/2217
f 2406/35/2214 2408/37/2216 2419/48/2227
f 2426/49/2228 2419/48/2227 2420/50/2229
f 2420/50/2229 2421/53/2232 2424/52/2231
f 2421/53/2232 2422/46/2225 2423/45/2224
f 2415/54/2233 2406/35/2214 2431/55/2234
f 2430/56/2235 2431/55/2234 2432/57/2236
f 2429/58/2237 2432/57/2236 2433/59/2238
f 2428/60/2239 2433/59/2238 2434/43/2222
f 2418/41/2220 2417/40/2219 2406/35/2214
f 2417/40/2219 2410/39/2218 2411/38/2217
f 2437/32/2240 2439/172/5664 2443/33/2241
f 2436/35/2243 2447/40/2248 2465/36/2244
f 2442/34/2242 2443/33/2241 2441/38/2246
f 2436/35/2243 2438/37/2245 2449/48/2256
f 2456/49/2257 2449/48/2256 2450/50/2258
f 2450/50/2258 2451/53/2261 2454/52/2260
f 2451/53/2261 2452/46/2254 2453/45/2253
f 2445/54/2262 2436/35/2243 2461/55/2263
f 2460/56/2264 2461/55/2263 2462/57/2265
f 2459/58/2266 2462/57/2265 2463/59/2267
f 2458/60/2268 2463/59/2267 2464/43/2251
f 2448/41/2249 2447/40/2248 2436/35/2243
f 2447/40/2248 2440/39/2247 2441/38/2246
f 2467/32/2269 2469/172/5665 2473/33/2270
f 2466/35/2272 2477/40/2277 2495/36/2273
f 2472/34/2271 2473/33/2270 2471/38/2275
f 2466/35/2272 2468/37/2274 2479/48/2285
f 2486/49/2286 2479/48/2285 2480/50/2287
f 2480/50/2287 2481/53/2290 2484/52/2289
f 2481/53/2290 2482/46/2283 2483/45/2282
f 2475/54/2291 2466/35/2272 2491/55/2292
f 2490/56/2293 2491/55/2292 2492/57/2294
f 2489/58/2295 2492/57/2294 2493/59/2296
f 2488/60/2297 2493/59/2296 2494/43/2280
f 2478/41/2278 2477/40/2277 2466/35/2272
f 2477/40/2277 2470/39/2276 2471/38/2275
f 2497/32/2298 2499/172/5666 2503/33/2299
f 2496/35/2301 2507/40/2306 2525/36/2302
f 2502/34/2300 2503/33/2299 2501/38/2304
f 2496/35/2301 2498/37/2303 2509/48/2314
f 2516/49/2315 2509/48/2314 2510/50/2316
f 2510/50/2316 2511/53/2319 2514/52/2318
f 2511/53/2319 2512/46/2312 2513/45/2311
f 2505/54/2320 2496/35/2301 2521/55/2321
f 2520/56/2322 2521/55/2321 2522/57/2323
f 2519/58/2324 2522/57/2323 2523/59/2325
f 2518/60/2326 2523/59/2325 2524/43/2309
f 2508/41/2307 2507/40/2306 2496/35/2301
f 2507/40/2306 2500/39/2305 2501/38/2304
f 2527/32/2327 2529/172/5667 2533/33/2328
f 2526/35/2330 2537/40/2335 2555/36/2331
f 2532/34/2329 2533/33/2328 2531/38/2333
f 2526/35/2330 2528/37/2332 2539/48/2343
f 2546/49/2344 2539/48/2343 2540/50/2345
f 2540/50/2345 2541/53/2348 2544/52/2347
f 2541/53/2348 2542/46/2341 2543/45/2340
f 2535/54/2349 2526/35/2330 2551/55/2350
f 2550/56/2351 2551/55/2350 2552/57/2352
f 2549/58/2353 2552/57/2352 2553/59/2354
f 2548/60/2355 2553/59/2354 2554/43/2338
f 2538/41/2336 2537/40/2335 2526/35/2330
f 2537/40/2335 2530/39/2334 2531/38/2333
f 2556/61/2356 2558/173/5668 2559/62/2357
f 2557/63/2358 2559/62/2357 2560/64/2359
f 2562/65/2360 2560/64/2359 2561/66/2361
f 2563/67/2362 2561/66/2361 2566/68/2363
f 2564/69/2364 2566/68/2363 2567/70/2365
f 2565/71/2366 2567/70/2365 2568/72/2367
f 2569/73/2368 2568/72/2367 2570/74/2369
f 2572/75/2370 2570/74/2369 2571/76/2371
f 2575/61/2374 2577/173/5669 2578/62/2375
f 2576/63/2376 2578/62/2375 2579/64/2377
f 2581/65/2378 2579/64/2377 2580/66/2379
f 2582/67/2380 2580/66/2379 2585/68/2381
f 2583/69/2382 2585/68/2381 2586/70/2383
f 2584/71/2384 2586/70/2383 2587/72/2385
f 2588/73/2386 2587/72/2385 2589/74/2387
f 2591/75/2388 2589/74/2387 2590/76/2389
f 2594/61/2392 2596/173/5670 2597/62/2393
f 2595/63/2394 2597/62/2393 2598/64/2395
f 2600/65/2396 2598/64/2395 2599/66/2397
f 2601/67/2398 2599/66/2397 2604/68/2399
f 2602/69/2400 2604/68/2399 2605/70/2401
f 2603/71/2402 2605/70/2401 2606/72/2403
f 2607/73/2404 2606/72/2403 2608/74/2405
f 2610/75/2406 2608/74/2405 2609/76/2407
f 2613/61/2410 2615/173/5671 2616/62/2411
f 2614/63/2412 2616/62/2411 2617/64/2413
f 2619/65/2414 2617/64/2413 2618/66/2415
f 2620/67/2416 2618/66/2415 2623/68/2417
f 2621/69/2418 2623/68/2417 2624/70/2419
f 2622/71/2420 2624/70/2419 2625/72/2421
f 2626/73/2422 2625/72/2421 2627/74/2423
f 2629/75/2424 2627/74/2423 2628/76/2425
f 2632/61/2428 2634/173/5672 2635/62/2429
f 2633/63/2430 2635/62/2429 2636/64/2431
f 2638/65/2432 2636/64/2431 2637/66/2433
f 2639/67/2434 2637/66/2433 2642/68/2435
f 2640/69/2436 2642/68/2435 2643/70/2437
f 2641/71/2438 2643/70/2437 2644/72/2439
f 2645/73/2440 2644/72/2439 2646/74/2441
f 2648/75/2442 2646/74/2441 2647/76/2443
f 2651/61/2446 2653/173/5673 2654/62/2447
f 2652/63/2448 2654/62/2447 2655/64/2449
f 2657/65/2450 2655/64/2449 2656/66/2451
f 2658/67/2452 2656/66/2451 2661/68/2453
f 2659/69/2454 2661/68/2453 2662/70/2455
f 2660/71/2456 2662/70/2455 2663/72/2457
f 2664/73/2458 2663/72/2457 2665/74/2459
f 2667/75/2460 2665/74/2459 2666/76/2461
f 2670/61/2464 2672/173/5674 2673/62/2465
f 2671/63/2466 2673/62/2465 2674/64/2467
f 2676/65/2468 2674/64/2467 2675/66/2469
f 2677/67/2470 2675/66/2469 2680/68/2471
f 2678/69/2472 2680/68/2471 2681/70/2473
f 2679/71/2474 2681/70/2473 2682/72/2475
f 2683/73/2476 2682/72/2475 2684/74/2477
f 2686/75/2478 2684/74/2477 2685/76/2479
f 2689/61/2482 2691/173/5675 2692/62/2483
f 2690/63/2484 2692/62/2483 2693/64/2485
f 2695/65/2486 2693/64/2485 2694/66/2487
f 2696/67/2488 2694/66/2487 2699/68/2489
f 2697/69/2490 2699/68/2489 2700/70/2491
f 2698/71/2492 2700/70/2491 2701/72/2493
f 2702/73/2494 2701/72/2493 2703/74/2495
f 2705/75/2496 2703/74/2495 2704/76/2497
f 2708/61/2500 2710/173/5676 2711/62/2501
f 2709/63/2502 2711/62/2501 2712/64/2503
f 2714/65/2504 2712/64/2503 2713/66/2505
f 2715/67/2506 2713/66/2505 2718/68/2507
f 2716/69/2508 2718/68/2507 2719/70/2509
f 2717/71/2510 2719/70/2509 2720/72/2511
f 2721/73/2512 2720/72/2511 2722/74/2513
f 2724/75/2514 2722/74/2513 2723/76/2515
f 2727/61/2518 2729/173/5677 2730/62/2519
f 2728/63/2520 2730/62/2519 2731/64/2521
f 2733/65/2522 2731/64/2521 2732/66/2523
f 2734/67/2524 2732/66/2523 2737/68/2525
f 2735/69/2526 2737/68/2525 2738/70/2527
f 2736/71/2528 2738/70/2527 2739/72/2529
f 2740/73/2530 2739/72/2529 2741/74/2531
f 2743/75/2532 2741/74/2531 2742/76/2533
f 2746/79/2536 2748/174/5678 2749/80/2537
f 2747/81/2538 2749/80/2537 2750/82/2539
f 2752/83/2540 2750/82/2539 2751/84/2541
f 2751/84/2541 2756/89/2546 2754/86/2543
f 2756/89/2546 2759/175/5679 2755/87/2544
f 2755/87/2544 2759/175/5679 2760/91/2548
f 2761/92/2549 2760/91/2548 2762/93/2550
f 2765/92/2551 2764/91/2551 2766/93/2551
f 2768/1/2552 2770/169/5680 2771/2/2553
f 2771/2/2553 2772/5/2556 2773/4/2555
f 2772/5/2556 2774/170/5681 2776/6/2557
f 2776/6/2557 2774/170/5681 2775/7/2558
f 2779/11/2562 2778/9/2560 2776/6/2557
f 2776/6/2557 2777/8/2559 2781/10/2561
f 2781/10/2561 2782/13/2564 2780/12/2563
f 2777/8/2559 2775/7/2558 2786/15/2566
f 2786/15/2566 2788/22/2573 2785/17/2568
f 2790/19/2570 2789/21/2572 2786/15/2566
f 2788/22/2573 2792/171/5682 2793/23/2574
f 2793/23/2574 2792/171/5682 2794/24/2575
f 2800/26/2577 2798/24/5683 2799/25/2578
f 2797/23/2580 2796/171/5684 2802/28/2581
f 2803/29/2582 2802/28/2581 2801/30/2583
f 2801/30/2583 2800/26/2577 2805/27/2579
f 2807/95/2585 2829/176/5685 2808/96/2586
f 2806/97/2587 2808/96/2586 2811/98/2588
f 2809/99/2589 2811/98/2588 2812/100/2590
f 2810/101/2591 2812/100/2590 2813/102/2592
f 2814/103/2593 2813/102/2592 2815/104/2594
f 2817/105/2595 2815/104/2594 2816/106/2596
f 2814/103/2593 2820/177/5686 2822/109/2599
f 2822/109/2599 2820/177/5686 2821/110/2600
f 2821/110/2600 2826/178/5687 2824/112/2602
f 2824/112/2602 2826/178/5687 2827/113/2603
f 2831/95/2606 2853/176/5688 2832/96/2607
f 2830/97/2608 2832/96/2607 2835/98/2609
f 2833/99/2610 2835/98/2609 2836/100/2611
f 2834/101/2612 2836/100/2611 2837/102/2613
f 2838/103/2614 2837/102/2613 2839/104/2615
f 2841/105/2616 2839/104/2615 2840/106/2617
f 2838/103/2614 2844/177/5689 2846/109/2620
f 2846/109/2620 2844/177/5689 2845/110/2621
f 2845/110/2621 2850/178/5690 2848/112/2623
f 2848/112/2623 2850/178/5690 2851/113/2624
f 2855/95/2627 2877/176/5691 2856/96/2628
f 2854/97/2629 2856/96/2628 2859/98/2630
f 2857/99/2631 2859/98/2630 2860/100/2632
f 2858/101/2633 2860/100/2632 2861/102/2634
f 2862/103/2635 2861/102/2634 2863/104/2636
f 2865/105/2637 2863/104/2636 2864/106/2638
f 2862/103/2635 2868/177/5692 2870/109/2641
f 2870/109/2641 2868/177/5692 2869/110/2642
f 2869/110/2642 2874/178/5693 2872/112/2644
f 2872/112/2644 2874/178/5693 2875/113/2645
f 2879/95/2648 2901/176/5694 2880/96/2649
f 2878/97/2650 2880/96/2649 2883/98/2651
f 2881/99/2652 2883/98/2651 2884/100/2653
f 2882/101/2654 2884/100/2653 2885/102/2655
f 2886/103/2656 2885/102/2655 2887/104/2657
f 2889/105/2658 2887/104/2657 2888/106/2659
f 2886/103/2656 2892/177/5695 2894/109/2662
f 2894/109/2662 2892/177/5695 2893/110/2663
f 2893/110/2663 2898/178/5696 2896/112/2665
f 2896/112/2665 2898/178/5696 2899/113/2666
f 2903/95/2669 2925/176/5697 2904/96/2670
f 2902/97/2671 2904/96/2670 2907/98/2672
f 2905/99/2673 2907/98/2672 2908/100/2674
f 2906/101/2675 2908/100/2674 2909/102/2676
f 2910/103/2677 2909/102/2676 2911/104/2678
f 2913/105/2679 2911/104/2678 2912/106/2680
f 2910/103/2677 2916/177/5698 2918/109/2683
f 2918/109/2683 2916/177/5698 2917/110/2684
f 2917/110/2684 2922/178/5699 2920/112/2686
f 2920/112/2686 2922/178/5699 2923/113/2687
f 2927/95/2690 2949/176/5700 2928/96/2691
f 2926/97/2692 2928/96/2691 2931/98/2693
f 2929/99/2694 2931/98/2693 2932/100/2695
f 2930/101/2696 2932/100/2695 2933/102/2697
f 2934/103/2698 2933/102/2697 2935/104/2699
f 2937/105/2700 2935/104/2699 2936/106/2701
f 2934/103/2698 2940/177/5701 2942/109/2704
f 2942/109/2704 2940/177/5701 2941/110/2705
f 2941/110/2705 2946/178/5702 2944/112/2707
f 2944/112/2707 2946/178/5702 2947/113/2708
f 2951/95/2711 2973/176/5703 2952/96/2712
f 2950/97/2713 2952/96/2712 2955/98/2714
f 2953/99/2715 2955/98/2714 2956/100/2716
f 2954/101/2717 2956/100/2716 2957/102/2718
f 2958/103/2719 2957/102/2718 2959/104/2720
f 2961/105/2721 2959/104/2720 2960/106/2722
f 2958/103/2719 2964/177/5704 2966/109/2725
f 2966/109/2725 2964/177/5704 2965/110/2726
f 2965/110/2726 2970/178/5705 2968/112/2728
f 2968/112/2728 2970/178/5705 2971/113/2729
f 2975/95/2732 2997/176/5706 2976/96/2733
f 2974/97/2734 2976/96/2733 2979/98/2735
f 2977/99/2736 2979/98/2735 2980/100/2737
f 2978/101/2738 2980/100/2737 2981/102/2739
f 2982/103/2740 2981/102/2739 2983/104/2741
f 2985/105/2742 2983/104/2741 2984/106/2743
f 2982/103/2740 2988/177/5707 2990/109/2746
f 2990/109/2746 2988/177/5707 2989/110/2747
f 2989/110/2747 2994/178/5708 2992/112/2749
f 2992/112/2749 2994/178/5708 2995/113/2750
f 2999/95/2753 3021/176/5709 3000/96/2754
f 2998/97/2755 3000/96/2754 3003/98/2756
f 3001/99/2757 3003/98/2756 3004/100/2758
f 3002/101/2759 3004/100/2758 3005/102/2760
f 3006/103/2761 3005/102/2760 3007/104/2762
f 3009/105/2763 3007/104/2762 3008/106/2764
f 3006/103/2761 3012/177/5710 3014/109/2767
f 3014/109/2767 3012/177/5710 3013/110/2768
f 3013/110/2768 3018/178/5711 3016/112/2770
f 3016/112/2770 3018/178/5711 3019/113/2771
f 3023/95/2774 3045/176/5712 3024/96/2775
f 3022/97/2776 3024/96/2775 3027/98/2777
f 3025/99/2778 3027/98/2777 3028/100/2779
f 3026/101/2780 3028/100/2779 3029/102/2781
f 3030/103/2782 3029/102/2781 3031/104/2783
f 3033/105/2784 3031/104/2783 3032/106/2785
f 3030/103/2782 3036/177/5713 3038/109/2788
f 3038/109/2788 3036/177/5713 3037/110/2789
f 3037/110/2789 3042/178/5714 3040/112/2791
f 3040/112/2791 3042/178/5714 3043/113/2792
f 3047/116/2795 3064/179/5715 3048/117/2796
f 3046/118/2797 3048/117/2796 3051/119/2798
f 3049/120/2799 3051/119/2798 3052/121/2800
f 3050/122/2801 3052/121/2800 3053/123/2802
f 3053/123/2802 3054/129/2808 3056/125/2804
f 3055/124/2803 3057/127/2806 3058/126/2805
f 3054/129/2808 3061/180/5716 3060/130/2809
f 3060/130/2809 3061/180/5716 3063/131/2810
f 3071/133/2812 3072/138/2820 3068/131/2813
f 3065/130/2815 3066/180/5717 3074/134/2816
f 3069/135/2817 3074/134/2816 3073/136/2818
f 3070/137/2819 3073/136/2818 3072/138/2820
f 3076/32/2821 3078/172/5718 3082/33/2822
f 3075/35/2824 3086/40/2829 3104/36/2825
f 3081/34/2823 3082/33/2822 3080/38/2827
f 3075/35/2824 3077/37/2826 3088/48/2837
f 3095/49/2838 3088/48/2837 3089/50/2839
f 3089/50/2839 3090/53/2842 3093/52/2841
f 3090/53/2842 3091/46/2835 3092/45/2834
f 3084/54/2843 3075/35/2824 3100/55/2844
f 3099/56/2845 3100/55/2844 3101/57/2846
f 3098/58/2847 3101/57/2846 3102/59/2848
f 3097/60/2849 3102/59/2848 3103/43/2832
f 3087/41/2830 3086/40/2829 3075/35/2824
f 3086/40/2829 3079/39/2828 3080/38/2827
f 3106/32/2850 3108/172/5719 3112/33/2851
f 3105/35/2853 3116/40/2858 3134/36/2854
f 3111/34/2852 3112/33/2851 3110/38/2856
f 3105/35/2853 3107/37/2855 3118/48/2866
f 3125/49/2867 3118/48/2866 3119/50/2868
f 3119/50/2868 3120/53/2871 3123/52/2870
f 3120/53/2871 3121/46/2864 3122/45/2863
f 3114/54/2872 3105/35/2853 3130/55/2873
f 3129/56/2874 3130/55/2873 3131/57/2875
f 3128/58/2876 3131/57/2875 3132/59/2877
f 3127/60/2878 3132/59/2877 3133/43/2861
f 3117/41/2859 3116/40/2858 3105/35/2853
f 3116/40/2858 3109/39/2857 3110/38/2856
f 3136/32/2879 3138/172/5720 3142/33/2880
f 3135/35/2882 3146/40/2887 3164/36/2883
f 3141/34/2881 3142/33/2880 3140/38/2885
f 3135/35/2882 3137/37/2884 3148/48/2895
f 3155/49/2896 3148/48/2895 3149/50/2897
f 3149/50/2897 3150/53/2900 3153/52/2899
f 3150/53/2900 3151/46/2893 3152/45/2892
f 3144/54/2901 3135/35/2882 3160/55/2902
f 3159/56/2903 3160/55/2902 3161/57/2904
f 3158/58/2905 3161/57/2904 3162/59/2906
f 3157/60/2907 3162/59/2906 3163/43/2890
f 3147/41/2888 3146/40/2887 3135/35/2882
f 3146/40/2887 3139/39/2886 3140/38/2885
f 3166/32/2908 3168/172/5721 3172/33/2909
f 3165/35/2911 3176/40/2916 3194/36/2912
f 3171/34/2910 3172/33/2909 3170/38/2914
f 3165/35/2911 3167/37/2913 3178/48/2924
f 3185/49/2925 3178/48/2924 3179/50/2926
f 3179/50/2926 3180/53/2929 3183/52/2928
f 3180/53/2929 3181/46/2922 3182/45/2921
f 3174/54/2930 3165/35/2911 3190/55/2931
f 3189/56/2932 3190/55/2931 3191/57/2933
f 3188/58/2934 3191/57/2933 3192/59/2935
f 3187/60/2936 3192/59/2935 3193/43/2919
f 3177/41/2917 3176/40/2916 3165/35/2911
f 3176/40/2916 3169/39/2915 3170/38/2914
f 3196/32/2937 3198/172/5722 3202/33/2938
f 3195/35/2940 3206/40/2945 3224/36/2941
f 3201/34/2939 3202/33/2938 3200/38/2943
f 3195/35/2940 3197/37/2942 3208/48/2953
f 3215/49/2954 3208/48/2953 3209/50/2955
f 3209/50/2955 3210/53/2958 3213/52/2957
f 3210/53/2958 3211/46/2951 3212/45/2950
f 3204/54/2959 3195/35/2940 3220/55/2960
f 3219/56/2961 3220/55/2960 3221/57/2962
f 3218/58/2963 3221/57/2962 3222/59/2964
f 3217/60/2965 3222/59/2964 3223/43/2948
f 3207/41/2946 3206/40/2945 3195/35/2940
f 3206/40/2945 3199/39/2944 3200/38/2943
f 3226/32/2966 3228/172/5723 3232/33/2967
f 3225/35/2969 3236/40/2974 3254/36/2970
f 3231/34/2968 3232/33/2967 3230/38/2972
f 3225/35/2969 3227/37/2971 3238/48/2982
f 3245/49/2983 3238/48/2982 3239/50/2984
f 3239/50/2984 3240/53/2987 3243/52/2986
f 3240/53/2987 3241/46/2980 3242/45/2979
f 3234/54/2988 3225/35/2969 3250/55/2989
f 3249/56/2990 3250/55/2989 3251/57/2991
f 3248/58/2992 3251/57/2991 3252/59/2993
f 3247/60/2994 3252/59/2993 3253/43/2977
f 3237/41/2975 3236/40/2974 3225/35/2969
f 3236/40/2974 3229/39/2973 3230/38/2972
f 3256/32/2995 3258/172/5724 3262/33/2996
f 3255/35/2998 3266/40/3003 3284/36/2999
f 3261/34/2997 3262/33/2996 3260/38/3001
f 3255/35/2998 3257/37/3000 3268/48/3011
f 3275/49/3012 3268/48/3011 3269/50/3013
f 3269/50/3013 3270/53/3016 3273/52/3015
f 3270/53/3016 3271/46/3009 3272/45/3008
f 3264/54/3017 3255/35/2998 3280/55/3018
f 3279/56/3019 3280/55/3018 3281/57/3020
f 3278/58/3021 3281/57/3020 3282/59/3022
f 3277/60/3023 3282/59/3022 3283/43/3006
f 3267/41/3004 3266/40/3003 3255/35/2998
f 3266/40/3003 3259/39/3002 3260/38/3001
f 3286/32/3024 3288/172/5725 3292/33/3025
f 3285/35/3027 3296/40/3032 3314/36/3028
f 3291/34/3026 3292/33/3025 3290/38/3030
f 3285/35/3027 3287/37/3029 3298/48/3040
f 3305/49/3041 3298/48/3040 3299/50/3042
f 3299/50/3042 3300/53/3045 3303/52/3044
f 3300/53/3045 3301/46/3038 3302/45/3037
f 3294/54/3046 3285/35/3027 3310/55/3047
f 3309/56/3048 3310/55/3047 3311/57/3049
f 3308/58/3050 3311/57/3049 3312/59/3051
f 3307/60/3052 3312/59/3051 3313/43/3035
f 3297/41/3033 3296/40/3032 3285/35/3027
f 3296/40/3032 3289/39/3031 3290/38/3030
f 3316/32/3053 3318/172/5726 3322/33/3054
f 3315/35/3056 3326/40/3061 3344/36/3057
f 3321/34/3055 3322/33/3054 3320/38/3059
f 3315/35/3056 3317/37/3058 3328/48/3069
f 3335/49/3070 3328/48/3069 3329/50/3071
f 3329/50/3071 3330/53/3074 3333/52/3073
f 3330/53/3074 3331/46/3067 3332/45/3066
f 3324/54/3075 3315/35/3056 3340/55/3076
f 3339/56/3077 3340/55/3076 3341/57/3078
f 3338/58/3079 3341/57/3078 3342/59/3080
f 3337/60/3081 3342/59/3080 3343/43/3064
f 3327/41/3062 3326/40/3061 3315/35/3056
f 3326/40/3061 3319/39/3060 3320/38/3059
f 3346/32/3082 3348/172/5727 3352/33/3083
f 3345/35/3085 3356/40/3090 3374/36/3086
f 3351/34/3084 3352/33/3083 3350/38/3088
f 3345/35/3085 3347/37/3087 3358/48/3098
f 3365/49/3099 3358/48/3098 3359/50/3100
f 3359/50/3100 3360/53/3103 3363/52/3102
f 3360/53/3103 3361/46/3096 3362/45/3095
f 3354/54/3104 3345/35/3085 3370/55/3105
f 3369/56/3106 3370/55/3105 3371/57/3107
f 3368/58/3108 3371/57/3107 3372/59/3109
f 3367/60/3110 3372/59/3109 3373/43/3093
f 3357/41/3091 3356/40/3090 3345/35/3085
f 3356/40/3090 3349/39/3089 3350/38/3088
f 3375/61/3111 3377/173/5728 3378/62/3112
f 3376/63/3113 3378/62/3112 3379/64/3114
f 3381/65/3115 3379/64/3114 3380/66/3116
f 3382/67/3117 3380/66/3116 3385/68/3118
f 3383/69/3119 3385/68/3118 3386/70/3120
f 3384/71/3121 3386/70/3120 3387/72/3122
f 3388/73/3123 3387/72/3122 3389/74/3124
f 3391/75/3125 3389/74/3124 3390/76/3126
f 3394/61/3129 3396/173/5729 3397/62/3130
f 3395/63/3131 3397/62/3130 3398/64/3132
f 3400/65/3133 3398/64/3132 3399/66/3134
f 3401/67/3135 3399/66/3134 3404/68/3136
f 3402/69/3137 3404/68/3136 3405/70/3138
f 3403/71/3139 3405/70/3138 3406/72/3140
f 3407/73/3141 3406/72/3140 3408/74/3142
f 3410/75/3143 3408/74/3142 3409/76/3144
f 3413/61/3147 3415/173/5730 3416/62/3148
f 3414/63/3149 3416/62/3148 3417/64/3150
f 3419/65/3151 3417/64/3150 3418/66/3152
f 3420/67/3153 3418/66/3152 3423/68/3154
f 3421/69/3155 3423/68/3154 3424/70/3156
f 3422/71/3157 3424/70/3156 3425/72/3158
f 3426/73/3159 3425/72/3158 3427/74/3160
f 3429/75/3161 3427/74/3160 3428/76/3162
f 3432/61/3165 3434/173/5731 3435/62/3166
f 3433/63/3167 3435/62/3166 3436/64/3168
f 3438/65/3169 3436/64/3168 3437/66/3170
f 3439/67/3171 3437/66/3170 3442/68/3172
f 3440/69/3173 3442/68/3172 3443/70/3174
f 3441/71/3175 3443/70/3174 3444/72/3176
f 3445/73/3177 3444/72/3176 3446/74/3178
f 3448/75/3179 3446/74/3178 3447/76/3180
f 3451/61/3183 3453/173/5732 3454/62/3184
f 3452/63/3185 3454/62/3184 3455/64/3186
f 3457/65/3187 3455/64/3186 3456/66/3188
f 3458/67/3189 3456/66/3188 3461/68/3190
f 3459/69/3191 3461/68/3190 3462/70/3192
f 3460/71/3193 3462/70/3192 3463/72/3194
f 3464/73/3195 3463/72/3194 3465/74/3196
f 3467/75/3197 3465/74/3196 3466/76/3198
f 3470/61/3201 3472/173/5733 3473/62/3202
f 3471/63/3203 3473/62/3202 3474/64/3204
f 3476/65/3205 3474/64/3204 3475/66/3206
f 3477/67/3207 3475/66/3206 3480/68/3208
f 3478/69/3209 3480/68/3208 3481/70/3210
f 3479/71/3211 3481/70/3210 3482/72/3212
f 3483/73/3213 3482/72/3212 3484/74/3214
f 3486/75/3215 3484/74/3214 3485/76/3216
f 3489/61/3219 3491/173/5734 3492/62/3220
f 3490/63/3221 3492/62/3220 3493/64/3222
f 3495/65/3223 3493/64/3222 3494/66/3224
f 3496/67/3225 3494/66/3224 3499/68/3226
f 3497/69/3227 3499/68/3226 3500/70/3228
f 3498/71/3229 3500/70/3228 3501/72/3230
f 3502/73/3231 3501/72/3230 3503/74/3232
f 3505/75/3233 3503/74/3232 3504/76/3234
f 3508/61/3237 3510/173/5735 3511/62/3238
f 3509/63/3239 3511/62/3238 3512/64/3240
f 3514/65/3241 3512/64/3240 3513/66/3242
f 3515/67/3243 3513/66/3242 3518/68/3244
f 3516/69/3245 3518/68/3244 3519/70/3246
f 3517/71/3247 3519/70/3246 3520/72/3248
f 3521/73/3249 3520/72/3248 3522/74/3250
f 3524/75/3251 3522/74/3250 3523/76/3252
f 3527/61/3255 3529/173/5736 3530/62/3256
f 3528/63/3257 3530/62/3256 3531/64/3258
f 3533/65/3259 3531/64/3258 3532/66/3260
f 3534/67/3261 3532/66/3260 3537/68/3262
f 3535/69/3263 3537/68/3262 3538/70/3264
f 3536/71/3265 3538/70/3264 3539/72/3266
f 3540/73/3267 3539/72/3266 3541/74/3268
f 3543/75/3269 3541/74/3268 3542/76/3270
f 3546/61/3273 3548/173/5737 3549/62/3274
f 3547/63/3275 3549/62/3274 3550/64/3276
f 3552/65/3277 3550/64/3276 3551/66/3278
f 3553/67/3279 3551/66/3278 3556/68/3280
f 3554/69/3281 3556/68/3280 3557/70/3282
f 3555/71/3283 3557/70/3282 3558/72/3284
f 3559/73/3285 3558/72/3284 3560/74/3286
f 3562/75/3287 3560/74/3286 3561/76/3288
f 3565/79/3291 3567/174/5738 3568/80/3292
f 3566/81/3293 3568/80/3292 3569/82/3294
f 3571/83/3295 3569/82/3294 3570/84/3296
f 3570/84/3296 3575/89/3301 3573/86/3298
f 3575/89/3301 3578/175/5739 3574/87/3299
f 3574/87/3299 3578/175/5739 3579/91/3303
f 3580/92/3304 3579/91/3303 3581/93/3305
f 3584/92/3306 3583/91/3306 3585/93/3306
f 3588/95/3307 3610/176/5740 3589/96/3308
f 3587/97/3309 3589/96/3308 3592/98/3310
f 3590/99/3311 3592/98/3310 3593/100/3312
f 3591/101/3313 3593/100/3312 3594/102/3314
f 3595/103/3315 3594/102/3314 3596/104/3316
f 3598/105/3317 3596/104/3316 3597/106/3318
f 3595/103/3315 3601/177/5741 3603/109/3321
f 3603/109/3321 3601/177/5741 3602/110/3322
f 3602/110/3322 3607/178/5742 3605/112/3324
f 3605/112/3324 3607/178/5742 3608/113/3325
f 3612/95/3328 3634/176/5743 3613/96/3329
f 3611/97/3330 3613/96/3329 3616/98/3331
f 3614/99/3332 3616/98/3331 3617/100/3333
f 3615/101/3334 3617/100/3333 3618/102/3335
f 3619/103/3336 3618/102/3335 3620/104/3337
f 3622/105/3338 3620/104/3337 3621/106/3339
f 3619/103/3336 3625/177/5744 3627/109/3342
f 3627/109/3342 3625/177/5744 3626/110/3343
f 3626/110/3343 3631/178/5745 3629/112/3345
f 3629/112/3345 3631/178/5745 3632/113/3346
f 3636/95/3349 3658/176/5746 3637/96/3350
f 3635/97/3351 3637/96/3350 3640/98/3352
f 3638/99/3353 3640/98/3352 3641/100/3354
f 3639/101/3355 3641/100/3354 3642/102/3356
f 3643/103/3357 3642/102/3356 3644/104/3358
f 3646/105/3359 3644/104/3358 3645/106/3360
f 3643/103/3357 3649/177/5747 3651/109/3363
f 3651/109/3363 3649/177/5747 3650/110/3364
f 3650/110/3364 3655/178/5748 3653/112/3366
f 3653/112/3366 3655/178/5748 3656/113/3367
f 3660/95/3370 3682/176/5749 3661/96/3371
f 3659/97/3372 3661/96/3371 3664/98/3373
f 3662/99/3374 3664/98/3373 3665/100/3375
f 3663/101/3376 3665/100/3375 3666/102/3377
f 3667/103/3378 3666/102/3377 3668/104/3379
f 3670/105/3380 3668/104/3379 3669/106/3381
f 3667/103/3378 3673/177/5750 3675/109/3384
f 3675/109/3384 3673/177/5750 3674/110/3385
f 3674/110/3385 3679/178/5751 3677/112/3387
f 3677/112/3387 3679/178/5751 3680/113/3388
f 3684/95/3391 3706/176/5752 3685/96/3392
f 3683/97/3393 3685/96/3392 3688/98/3394
f 3686/99/3395 3688/98/3394 3689/100/3396
f 3687/101/3397 3689/100/3396 3690/102/3398
f 3691/103/3399 3690/102/3398 3692/104/3400
f 3694/105/3401 3692/104/3400 3693/106/3402
f 3691/103/3399 3697/177/5753 3699/109/3405
f 3699/109/3405 3697/177/5753 3698/110/3406
f 3698/110/3406 3703/178/5754 3701/112/3408
f 3701/112/3408 3703/178/5754 3704/113/3409
f 3708/95/3412 3730/176/5755 3709/96/3413
f 3707/97/3414 3709/96/3413 3712/98/3415
f 3710/99/3416 3712/98/3415 3713/100/3417
f 3711/101/3418 3713/100/3417 3714/102/3419
f 3715/103/3420 3714/102/3419 3716/104/3421
f 3718/105/3422 3716/104/3421 3717/106/3423
f 3715/103/3420 3721/177/5756 3723/109/3426
f 3723/109/3426 3721/177/5756 3722/110/3427
f 3722/110/3427 3727/178/5757 3725/112/3429
f 3725/112/3429 3727/178/5757 3728/113/3430
f 3732/95/3433 3754/176/5758 3733/96/3434
f 3731/97/3435 3733/96/3434 3736/98/3436
f 3734/99/3437 3736/98/3436 3737/100/3438
f 3735/101/3439 3737/100/3438 3738/102/3440
f 3739/103/3441 3738/102/3440 3740/104/3442
f 3742/105/3443 3740/104/3442 3741/106/3444
f 3739/103/3441 3745/177/5759 3747/109/3447
f 3747/109/3447 3745/177/5759 3746/110/3448
f 3746/110/3448 3751/178/5760 3749/112/3450
f 3749/112/3450 3751/178/5760 3752/113/3451
f 3756/95/3454 3778/176/5761 3757/96/3455
f 3755/97/3456 3757/96/3455 3760/98/3457
f 3758/99/3458 3760/98/3457 3761/100/3459
f 3759/101/3460 3761/100/3459 3762/102/3461
f 3763/103/3462 3762/102/3461 3764/104/3463
f 3766/105/3464 3764/104/3463 3765/106/3465
f 3763/103/3462 3769/177/5762 3771/109/3468
f 3771/109/3468 3769/177/5762 3770/110/3469
f 3770/110/3469 3775/178/5763 3773/112/3471
f 3773/112/3471 3775/178/5763 3776/113/3472
f 3780/95/3475 3802/176/5764 3781/96/3476
f 3779/97/3477 3781/96/3476 3784/98/3478
f 3782/99/3479 3784/98/3478 3785/100/3480
f 3783/101/3481 3785/100/3480 3786/102/3482
f 3787/103/3483 3786/102/3482 3788/104/3484
f 3790/105/3485 3788/104/3484 3789/106/3486
f 3787/103/3483 3793/177/5765 3795/109/3489
f 3795/109/3489 3793/177/5765 3794/110/3490
f 3794/110/3490 3799/178/5766 3797/112/3492
f 3797/112/3492 3799/178/5766 3800/113/3493
f 3804/95/3496 3826/176/5767 3805/96/3497
f 3803/97/3498 3805/96/3497 3808/98/3499
f 3806/99/3500 3808/98/3499 3809/100/3501
f 3807/101/3502 3809/100/3501 3810/102/3503
f 3811/103/3504 3810/102/3503 3812/104/3505
f 3814/105/3506 3812/104/3505 3813/106/3507
f 3811/103/3504 3817/177/5768 3819/109/3510
f 3819/109/3510 3817/177/5768 3818/110/3511
f 3818/110/3511 3823/178/5769 3821/112/3513
f 3821/112/3513 3823/178/5769 3824/113/3514
f 3828/116/3517 3845/179/5770 3829/117/3518
f 3827/118/3519 3829/117/3518 3832/119/3520
f 3830/120/3521 3832/119/3520 3833/121/3522
f 3831/122/3523 3833/121/3522 3834/123/3524
f 3834/123/3524 3835/129/3530 3837/125/3526
f 3836/124/3525 3838/127/3528 3839/126/3527
f 3835/129/3530 3842/180/5771 3841/130/3531
f 3841/130/3531 3842/180/5771 3844/131/3532
f 3852/133/3534 3853/138/3542 3849/131/3535
f 3846/130/3537 3847/180/5772 3855/134/3538
f 3850/135/3539 3855/134/3538 3854/136/3540
f 3851/137/3541 3854/136/3540 3853/138/3542
f 3857/32/3543 3859/172/5773 3863/33/3544
f 3856/35/3546 3867/40/3551 3885/36/3547
f 3862/34/3545 3863/33/3544 3861/38/3549
f 3856/35/3546 3858/37/3548 3869/48/3559
f 3876/49/3560 3869/48/3559 3870/50/3561
f 3870/50/3561 3871/53/3564 3874/52/3563
f 3871/53/3564 3872/46/3557 3873/45/3556
f 3865/54/3565 3856/35/3546 3881/55/3566
f 3880/56/3567 3881/55/3566 3882/57/3568
f 3879/58/3569 3882/57/3568 3883/59/3570
f 3878/60/3571 3883/59/3570 3884/43/3554
f 3868/41/3552 3867/40/3551 3856/35/3546
f 3867/40/3551 3860/39/3550 3861/38/3549
f 3887/32/3572 3889/172/5774 3893/33/3573
f 3886/35/3575 3897/40/3580 3915/36/3576
f 3892/34/3574 3893/33/3573 3891/38/3578
f 3886/35/3575 3888/37/3577 3899/48/3588
f 3906/49/3589 3899/48/3588 3900/50/3590
f 3900/50/3590 3901/53/3593 3904/52/3592
f 3901/53/3593 3902/46/3586 3903/45/3585
f 3895/54/3594 3886/35/3575 3911/55/3595
f 3910/56/3596 3911/55/3595 3912/57/3597
f 3909/58/3598 3912/57/3597 3913/59/3599
f 3908/60/3600 3913/59/3599 3914/43/3583
f 3898/41/3581 3897/40/3580 3886/35/3575
f 3897/40/3580 3890/39/3579 3891/38/3578
f 3917/32/3601 3919/172/5775 3923/33/3602
f 3916/35/3604 3927/40/3609 3945/36/3605
f 3922/34/3603 3923/33/3602 3921/38/3607
f 3916/35/3604 3918/37/3606 3929/48/3617
f 3936/49/3618 3929/48/3617 3930/50/3619
f 3930/50/3619 3931/53/3622 3934/52/3621
f 3931/53/3622 3932/46/3615 3933/45/3614
f 3925/54/3623 3916/35/3604 3941/55/3624
f 3940/56/3625 3941/55/3624 3942/57/3626
f 3939/58/3627 3942/57/3626 3943/59/3628
f 3938/60/3629 3943/59/3628 3944/43/3612
f 3928/41/3610 3927/40/3609 3916/35/3604
f 3927/40/3609 3920/39/3608 3921/38/3607
f 3947/32/3630 3949/172/5776 3953/33/3631
f 3946/35/3633 3957/40/3638 3975/36/3634
f 3952/34/3632 3953/33/3631 3951/38/3636
f 3946/35/3633 3948/37/3635 3959/48/3646
f 3966/49/3647 3959/48/3646 3960/50/3648
f 3960/50/3648 3961/53/3651 3964/52/3650
f 3961/53/3651 3962/46/3644 3963/45/3643
f 3955/54/3652 3946/35/3633 3971/55/3653
f 3970/56/3654 3971/55/3653 3972/57/3655
f 3969/58/3656 3972/57/3655 3973/59/3657
f 3968/60/3658 3973/59/3657 3974/43/3641
f 3958/41/3639 3957/40/3638 3946/35/3633
f 3957/40/3638 3950/39/3637 3951/38/3636
f 3977/32/3659 3979/172/5777 3983/33/3660
f 3976/35/3662 3987/40/3667 4005/36/3663
f 3982/34/3661 3983/33/3660 3981/38/3665
f 3976/35/3662 3978/37/3664 3989/48/3675
f 3996/49/3676 3989/48/3675 3990/50/3677
f 3990/50/3677 3991/53/3680 3994/52/3679
f 3991/53/3680 3992/46/3673 3993/45/3672
f 3985/54/3681 3976/35/3662 4001/55/3682
f 4000/56/3683 4001/55/3682 4002/57/3684
f 3999/58/3685 4002/57/3684 4003/59/3686
f 3998/60/3687 4003/59/3686 4004/43/3670
f 3988/41/3668 3987/40/3667 3976/35/3662
f 3987/40/3667 3980/39/3666 3981/38/3665
f 4007/32/3688 4009/172/5778 4013/33/3689
f 4006/35/3691 4017/40/3696 4035/36/3692
f 4012/34/3690 4013/33/3689 4011/38/3694
f 4006/35/3691 4008/37/3693 4019/48/3704
f 4019/48/3704 4020/50/3707 4025/51/3706
f 4020/50/3707 4021/53/5779 4024/52/3708
f 4024/52/3708 4021/53/5779 4022/46/3702
f 4015/54/3709 4006/35/3691 4031/55/3710
f 4030/56/3711 4031/55/3710 4032/57/3712
f 4029/58/3713 4032/57/3712 4033/59/3714
f 4028/60/3715 4033/59/3714 4034/43/3699
f 4018/41/3697 4017/40/3696 4006/35/3691
f 4017/40/3696 4010/39/3695 4011/38/3694
f 4037/32/3716 4039/172/5780 4043/33/3717
f 4036/35/3719 4047/40/3724 4065/36/3720
f 4042/34/3718 4043/33/3717 4041/38/3722
f 4036/35/3719 4038/37/3721 4049/48/3732
f 4056/49/3733 4049/48/3732 4050/50/3734
f 4050/50/3734 4051/53/3737 4054/52/3736
f 4051/53/3737 4052/46/3730 4053/45/3729
f 4045/54/3738 4036/35/3719 4061/55/3739
f 4060/56/3740 4061/55/3739 4062/57/3741
f 4059/58/3742 4062/57/3741 4063/59/3743
f 4058/60/3744 4063/59/3743 4064/43/3727
f 4048/41/3725 4047/40/3724 4036/35/3719
f 4047/40/3724 4040/39/3723 4041/38/3722
f 4067/32/3745 4069/172/5781 4073/33/3746
f 4066/35/3748 4077/40/3753 4095/36/3749
f 4072/34/3747 4073/33/3746 4071/38/3751
f 4066/35/3748 4068/37/3750 4079/48/3761
f 4086/49/3762 4079/48/3761 4080/50/3763
f 4080/50/3763 4081/53/3766 4084/52/3765
f 4081/53/3766 4082/46/3759 4083/45/3758
f 4075/54/3767 4066/35/3748 4091/55/3768
f 4090/56/3769 4091/55/3768 4092/57/3770
f 4089/58/3771 4092/57/3770 4093/59/3772
f 4088/60/3773 4093/59/3772 4094/43/3756
f 4078/41/3754 4077/40/3753 4066/35/3748
f 4077/40/3753 4070/39/3752 4071/38/3751
f 4097/32/3774 4099/172/5782 4103/33/3775
f 4096/35/3777 4107/40/3782 4125/36/3778
f 4102/34/3776 4103/33/3775 4101/38/3780
f 4096/35/3777 4098/37/3779 4109/48/3790
f 4116/49/3791 4109/48/3790 4110/50/3792
f 4110/50/3792 4111/53/3795 4114/52/3794
f 4111/53/3795 4112/46/3788 4113/45/3787
f 4105/54/3796 4096/35/3777 4121/55/3797
f 4120/56/3798 4121/55/3797 4122/57/3799
f 4119/58/3800 4122/57/3799 4123/59/3801
f 4118/60/3802 4123/59/3801 4124/43/3785
f 4108/41/3783 4107/40/3782 4096/35/3777
f 4107/40/3782 4100/39/3781 4101/38/3780
f 4127/32/3803 4129/172/5783 4133/33/3804
f 4126/35/3806 4137/40/3811 4155/36/3807
f 4132/34/3805 4133/33/3804 4131/38/3809
f 4126/35/3806 4128/37/3808 4139/48/3819
f 4146/49/3820 4139/48/3819 4140/50/3821
f 4140/50/3821 4141/53/3824 4144/52/3823
f 4141/53/3824 4142/46/3817 4143/45/3816
f 4135/54/3825 4126/35/3806 4151/55/3826
f 4150/56/3827 4151/55/3826 4152/57/3828
f 4149/58/3829 4152/57/3828 4153/59/3830
f 4148/60/3831 4153/59/3830 4154/43/3814
f 4138/41/3812 4137/40/3811 4126/35/3806
f 4137/40/3811 4130/39/3810 4131/38/3809
f 4156/61/3832 4158/173/5784 4159/62/3833
f 4157/63/3834 4159/62/3833 4160/64/3835
f 4162/65/3836 4160/64/3835 4161/66/3837
f 4163/67/3838 4161/66/3837 4166/68/3839
f 4164/69/3840 4166/68/3839 4167/70/3841
f 4165/71/3842 4167/70/3841 4168/72/3843
f 4169/73/3844 4168/72/3843 4170/74/3845
f 4172/75/3846 4170/74/3845 4171/76/3847
f 4175/61/3850 4177/173/5785 4178/62/3851
f 4176/63/3852 4178/62/3851 4179/64/3853
f 4181/65/3854 4179/64/3853 4180/66/3855
f 4182/67/3856 4180/66/3855 4185/68/3857
f 4183/69/3858 4185/68/3857 4186/70/3859
f 4184/71/3860 4186/70/3859 4187/72/3861
f 4188/73/3862 4187/72/3861 4189/74/3863
f 4191/75/3864 4189/74/3863 4190/76/3865
f 4194/61/3868 4196/173/5786 4197/62/3869
f 4195/63/3870 4197/62/3869 4198/64/3871
f 4200/65/3872 4198/64/3871 4199/66/3873
f 4201/67/3874 4199/66/3873 4204/68/3875
f 4202/69/3876 4204/68/3875 4205/70/3877
f 4203/71/3878 4205/70/3877 4206/72/3879
f 4207/73/3880 4206/72/3879 4208/74/3881
f 4210/75/3882 4208/74/3881 4209/76/3883
f 4213/61/3886 4215/173/5787 4216/62/3887
f 4214/63/3888 4216/62/3887 4217/64/3889
f 4219/65/3890 4217/64/3889 4218/66/3891
f 4220/67/3892 4218/66/3891 4223/68/3893
f 4221/69/3894 4223/68/3893 4224/70/3895
f 4222/71/3896 4224/70/3895 4225/72/3897
f 4226/73/3898 4225/72/3897 4227/74/3899
f 4229/75/3900 4227/74/3899 4228/76/3901
f 4232/61/3904 4234/173/5788 4235/62/3905
f 4233/63/3906 4235/62/3905 4236/64/3907
f 4238/65/3908 4236/64/3907 4237/66/3909
f 4239/67/3910 4237/66/3909 4242/68/3911
f 4240/69/3912 4242/68/3911 4243/70/3913
f 4241/71/3914 4243/70/3913 4244/72/3915
f 4245/73/3916 4244/72/3915 4246/74/3917
f 4248/75/3918 4246/74/3917 4247/76/3919
f 4251/61/3922 4253/173/5789 4254/62/3923
f 4252/63/3924 4254/62/3923 4255/64/3925
f 4257/65/3926 4255/64/3925 4256/66/3927
f 4258/67/3928 4256/66/3927 4261/68/3929
f 4259/69/3930 4261/68/3929 4262/70/3931
f 4260/71/3932 4262/70/3931 4263/72/3933
f 4264/73/3934 4263/72/3933 4265/74/3935
f 4267/75/3936 4265/74/3935 4266/76/3937
f 4270/61/3940 4272/173/5790 4273/62/3941
f 4271/63/3942 4273/62/3941 4274/64/3943
f 4276/65/3944 4274/64/3943 4275/66/3945
f 4277/67/3946 4275/66/3945 4280/68/3947
f 4278/69/3948 4280/68/3947 4281/70/3949
f 4279/71/3950 4281/70/3949 4282/72/3951
f 4283/73/3952 4282/72/3951 4284/74/3953
f 4286/75/3954 4284/74/3953 4285/76/3955
f 4289/61/3958 4291/173/5791 4292/62/3959
f 4290/63/3960 4292/62/3959 4293/64/3961
f 4295/65/3962 4293/64/3961 4294/66/3963
f 4296/67/3964 4294/66/3963 4299/68/3965
f 4297/69/3966 4299/68/3965 4300/70/3967
f 4298/71/3968 4300/70/3967 4301/72/3969
f 4302/73/3970 4301/72/3969 4303/74/3971
f 4305/75/3972 4303/74/3971 4304/76/3973
f 4308/61/3976 4310/173/5792 4311/62/3977
f 4309/63/3978 4311/62/3977 4312/64/3979
f 4314/65/3980 4312/64/3979 4313/66/3981
f 4315/67/3982 4313/66/3981 4318/68/3983
f 4316/69/3984 4318/68/3983 4319/70/3985
f 4317/71/3986 4319/70/3985 4320/72/3987
f 4321/73/3988 4320/72/3987 4322/74/3989
f 4324/75/3990 4322/74/3989 4323/76/3991
f 4327/61/3994 4329/173/5793 4330/62/3995
f 4328/63/3996 4330/62/3995 4331/64/3997
f 4333/65/3998 4331/64/3997 4332/66/3999
f 4334/67/4000 4332/66/3999 4337/68/4001
f 4335/69/4002 4337/68/4001 4338/70/4003
f 4336/71/4004 4338/70/4003 4339/72/4005
f 4340/73/4006 4339/72/4005 4341/74/4007
f 4343/75/4008 4341/74/4007 4342/76/4009
f 4346/79/4012 4348/174/5794 4349/80/4013
f 4347/81/4014 4349/80/4013 4350/82/4015
f 4352/83/4016 4350/82/4015 4351/84/4017
f 4351/84/4017 4356/89/4022 4354/86/4019
f 4356/89/4022 4359/175/5795 4355/87/4020
f 4355/87/4020 4359/175/5795 4360/91/4024
f 4361/92/4025 4360/91/4024 4362/93/4026
f 4365/92/4027 4364/91/4027 4366/93/4027
f 4368/1/4028 4370/169/5796 4371/2/4029
f 4371/2/4029 4372/5/4032 4373/4/4031
f 4372/5/4032 4374/170/5797 4376/6/4033
f 4376/6/4033 4374/170/5797 4375/7/4034
f 4379/11/4038 4378/9/4036 4376/6/4033
f 4376/6/4033 4377/8/4035 4381/10/4037
f 4381/10/4037 4382/13/4040 4380/12/4039
f 4377/8/4035 4375/7/4034 4386/15/4042
f 4386/15/4042 4388/22/4049 4385/17/4044
f 4390/19/4046 4389/21/4048 4386/15/4042
f 4388/22/4049 4392/171/5798 4393/23/4050
f 4393/23/4050 4392/171/5798 4394/24/4051
f 4400/26/4053 4398/24/5799 4399/25/4054
f 4397/23/4056 4396/171/5800 4402/28/4057
f 4403/29/4058 4402/28/4057 4401/30/4059
f 4401/30/4059 4400/26/4053 4405/27/4055
f 4407/95/4061 4429/176/5801 4408/96/4062
f 4406/97/4063 4408/96/4062 4411/98/4064
f 4409/99/4065 4411/98/4064 4412/100/4066
f 4410/101/4067 4412/100/4066 4413/102/4068
f 4414/103/4069 4413/102/4068 4415/104/4070
f 4417/105/4071 4415/104/4070 4416/106/4072
f 4414/103/4069 4420/177/5802 4422/109/4075
f 4422/109/4075 4420/177/5802 4421/110/4076
f 4421/110/4076 4426/178/5803 4424/112/4078
f 4424/112/4078 4426/178/5803 4427/113/4079
f 4431/95/4082 4453/176/5804 4432/96/4083
f 4430/97/4084 4432/96/4083 4435/98/4085
f 4433/99/4086 4435/98/4085 4436/100/4087
f 4434/101/4088 4436/100/4087 4437/102/4089
f 4438/103/4090 4437/102/4089 4439/104/4091
f 4441/105/4092 4439/104/4091 4440/106/4093
f 4438/103/4090 4444/177/5805 4446/109/4096
f 4446/109/4096 4444/177/5805 4445/110/4097
f 4445/110/4097 4450/178/5806 4448/112/4099
f 4448/112/4099 4450/178/5806 4451/113/4100
f 4455/95/4103 4477/176/5807 4456/96/4104
f 4454/97/4105 4456/96/4104 4459/98/4106
f 4457/99/4107 4459/98/4106 4460/100/4108
f 4458/101/4109 4460/100/4108 4461/102/4110
f 4462/103/4111 4461/102/4110 4463/104/4112
f 4465/105/4113 4463/104/4112 4464/106/4114
f 4462/103/4111 4468/177/5808 4470/109/4117
f 4470/109/4117 4468/177/5808 4469/110/4118
f 4469/110/4118 4474/178/5809 4472/112/4120
f 4472/112/4120 4474/178/5809 4475/113/4121
f 4479/95/4124 4501/176/5810 4480/96/4125
f 4478/97/4126 4480/96/4125 4483/98/4127
f 4481/99/4128 4483/98/4127 4484/100/4129
f 4482/101/4130 4484/100/4129 4485/102/4131
f 4486/103/4132 4485/102/4131 4487/104/4133
f 4489/105/4134 4487/104/4133 4488/106/4135
f 4486/103/4132 4492/177/5811 4494/109/4138
f 4494/109/4138 4492/177/5811 4493/110/4139
f 4493/110/4139 4498/178/5812 4496/112/4141
f 4496/112/4141 4498/178/5812 4499/113/4142
f 4503/95/4145 4525/176/5813 4504/96/4146
f 4502/97/4147 4504/96/4146 4507/98/4148
f 4505/99/4149 4507/98/4148 4508/100/4150
f 4506/101/4151 4508/100/4150 4509/102/4152
f 4510/103/4153 4509/102/4152 4511/104/4154
f 4513/105/4155 4511/104/4154 4512/106/4156
f 4510/103/4153 4516/177/5814 4518/109/4159
f 4518/109/4159 4516/177/5814 4517/110/4160
f 4517/110/4160 4522/178/5815 4520/112/4162
f 4520/112/4162 4522/178/5815 4523/113/4163
f 4527/95/4166 4549/176/5816 4528/96/4167
f 4526/97/4168 4528/96/4167 4531/98/4169
f 4529/99/4170 4531/98/4169 4532/100/4171
f 4530/101/4172 4532/100/4171 4533/102/4173
f 4534/103/4174 4533/102/4173 4535/104/4175
f 4537/105/4176 4535/104/4175 4536/106/4177
f 4534/103/4174 4540/177/5817 4542/109/4180
f 4542/109/4180 4540/177/5817 4541/110/4181
f 4541/110/4181 4546/178/5818 4544/112/4183
f 4544/112/4183 4546/178/5818 4547/113/4184
f 4551/95/4187 4573/176/5819 4552/96/4188
f 4550/97/4189 4552/96/4188 4555/98/4190
f 4553/99/4191 4555/98/4190 4556/100/4192
f 4554/101/4193 4556/100/4192 4557/102/4194
f 4558/103/4195 4557/102/4194 4559/104/4196
f 4561/105/4197 4559/104/4196 4560/106/4198
f 4558/103/4195 4564/177/5820 4566/109/4201
f 4566/109/4201 4564/177/5820 4565/110/4202
f 4565/110/4202 4570/178/5821 4568/112/4204
f 4568/112/4204 4570/178/5821 4571/113/4205
f 4575/95/4208 4597/176/5822 4576/96/4209
f 4574/97/4210 4576/96/4209 4579/98/4211
f 4577/99/4212 4579/98/4211 4580/100/4213
f 4578/101/4214 4580/100/4213 4581/102/4215
f 4582/103/4216 4581/102/4215 4583/104/4217
f 4585/105/4218 4583/104/4217 4584/106/4219
f 4582/103/4216 4588/177/5823 4590/109/4222
f 4590/109/4222 4588/177/5823 4589/110/4223
f 4589/110/4223 4594/178/5824 4592/112/4225
f 4592/112/4225 4594/178/5824 4595/113/4226
f 4599/95/4229 4621/176/5825 4600/96/4230
f 4598/97/4231 4600/96/4230 4603/98/4232
f 4601/99/4233 4603/98/4232 4604/100/4234
f 4602/101/4235 4604/100/4234 4605/102/4236
f 4606/103/4237 4605/102/4236 4607/104/4238
f 4609/105/4239 4607/104/4238 4608/106/4240
f 4606/103/4237 4612/177/5826 4614/109/4243
f 4614/109/4243 4612/177/5826 4613/110/4244
f 4613/110/4244 4618/178/5827 4616/112/4246
f 4616/112/4246 4618/178/5827 4619/113/4247
f 4623/95/4250 4645/176/5828 4624/96/4251
f 4622/97/4252 4624/96/4251 4627/98/4253
f 4625/99/4254 4627/98/4253 4628/100/4255
f 4626/101/4256 4628/100/4255 4629/102/4257
f 4630/103/4258 4629/102/4257 4631/104/4259
f 4633/105/4260 4631/104/4259 4632/106/4261
f 4630/103/4258 4636/177/5829 4638/109/4264
f 4638/109/4264 4636/177/5829 4637/110/4265
f 4637/110/4265 4642/178/5830 4640/112/4267
f 4640/112/4267 4642/178/5830 4643/113/4268
f 4647/116/4271 4664/179/5831 4648/117/4272
f 4646/118/4273 4648/117/4272 4651/119/4274
f 4649/120/4275 4651/119/4274 4652/121/4276
f 4650/122/4277 4652/121/4276 4653/123/4278
f 4653/123/4278 4654/129/4284 4656/125/4280
f 4655/124/4279 4657/127/4282 4658/126/4281
f 4654/129/4284 4661/180/5832 4660/130/4285
f 4660/130/4285 4661/180/5832 4663/131/4286
f 4671/133/4288 4672/138/4296 4668/131/4289
f 4665/130/4291 4666/180/5833 4674/134/4292
f 4669/135/4293 4674/134/4292 4673/136/4294
f 4670/137/4295 4673/136/4294 4672/138/4296
f 4676/32/4297 4678/172/5834 4682/33/4298
f 4675/35/4300 4686/40/4305 4704/36/4301
f 4681/34/4299 4682/33/4298 4680/38/4303
f 4675/35/4300 4677/37/4302 4688/48/4313
f 4695/49/4314 4688/48/4313 4689/50/4315
f 4689/50/4315 4690/53/4318 4693/52/4317
f 4690/53/4318 4691/46/4311 4692/45/4310
f 4684/54/4319 4675/35/4300 4700/55/4320
f 4699/56/4321 4700/55/4320 4701/57/4322
f 4698/58/4323 4701/57/4322 4702/59/4324
f 4697/60/4325 4702/59/4324 4703/43/4308
f 4687/41/4306 4686/40/4305 4675/35/4300
f 4686/40/4305 4679/39/4304 4680/38/4303
f 4706/32/4326 4708/172/5835 4712/33/4327
f 4705/35/4329 4716/40/4334 4734/36/4330
f 4711/34/4328 4712/33/4327 4710/38/4332
f 4705/35/4329 4707/37/4331 4718/48/4342
f 4725/49/4343 4718/48/4342 4719/50/4344
f 4719/50/4344 4720/53/4347 4723/52/4346
f 4720/53/4347 4721/46/4340 4722/45/4339
f 4714/54/4348 4705/35/4329 4730/55/4349
f 4729/56/4350 4730/55/4349 4731/57/4351
f 4728/58/4352 4731/57/4351 4732/59/4353
f 4727/60/4354 4732/59/4353 4733/43/4337
f 4717/41/4335 4716/40/4334 4705/35/4329
f 4716/40/4334 4709/39/4333 4710/38/4332
f 4736/32/4355 4738/172/5836 4742/33/4356
f 4735/35/4358 4746/40/4363 4764/36/4359
f 4741/34/4357 4742/33/4356 4740/38/4361
f 4735/35/4358 4737/37/4360 4748/48/4371
f 4755/49/4372 4748/48/4371 4749/50/4373
f 4749/50/4373 4750/53/4376 4753/52/4375
f 4750/53/4376 4751/46/4369 4752/45/4368
f 4744/54/4377 4735/35/4358 4760/55/4378
f 4759/56/4379 4760/55/4378 4761/57/4380
f 4758/58/4381 4761/57/4380 4762/59/4382
f 4757/60/4383 4762/59/4382 4763/43/4366
f 4747/41/4364 4746/40/4363 4735/35/4358
f 4746/40/4363 4739/39/4362 4740/38/4361
f 4766/32/4384 4768/172/5837 4772/33/4385
f 4765/35/4387 4776/40/4392 4794/36/4388
f 4771/34/4386 4772/33/4385 4770/38/4390
f 4765/35/4387 4767/37/4389 4778/48/4400
f 4785/49/4401 4778/48/4400 4779/50/4402
f 4779/50/4402 4780/53/4405 4783/52/4404
f 4780/53/4405 4781/46/4398 4782/45/4397
f 4774/54/4406 4765/35/4387 4790/55/4407
f 4789/56/4408 4790/55/4407 4791/57/4409
f 4788/58/4410 4791/57/4409 4792/59/4411
f 4787/60/4412 4792/59/4411 4793/43/4395
f 4777/41/4393 4776/40/4392 4765/35/4387
f 4776/40/4392 4769/39/4391 4770/38/4390
f 4796/32/4413 4798/172/5838 4802/33/4414
f 4795/35/4416 4806/40/4421 4824/36/4417
f 4801/34/4415 4802/33/4414 4800/38/4419
f 4795/35/4416 4797/37/4418 4808/48/4429
f 4815/49/4430 4808/48/4429 4809/50/4431
f 4809/50/4431 4810/53/4434 4813/52/4433
f 4810/53/4434 4811/46/4427 4812/45/4426
f 4804/54/4435 4795/35/4416 4820/55/2418
f 4819/56/4436 4820/55/2418 4821/57/4437
f 4818/58/4438 4821/57/4437 4822/59/4439
f 4817/60/4440 4822/59/4439 4823/43/4424
f 4807/41/4422 4806/40/4421 4795/35/4416
f 4806/40/4421 4799/39/4420 4800/38/4419
f 4826/32/4441 4828/172/5839 4832/33/4442
f 4825/35/4444 4836/40/4449 4854/36/4445
f 4831/34/4443 4832/33/4442 4830/38/4447
f 4825/35/4444 4827/37/4446 4838/48/4457
f 4845/49/4458 4838/48/4457 4839/50/4459
f 4839/50/4459 4840/53/4462 4843/52/4461
f 4840/53/4462 4841/46/4455 4842/45/4454
f 4834/54/4463 4825/35/4444 4850/55/4464
f 4849/56/4465 4850/55/4464 4851/57/4466
f 4848/58/4467 4851/57/4466 4852/59/4468
f 4847/60/4469 4852/59/4468 4853/43/4452
f 4837/41/4450 4836/40/4449 4825/35/4444
f 4836/40/4449 4829/39/4448 4830/38/4447
f 4856/32/4470 4858/172/5840 4862/33/4471
f 4855/35/4473 4866/40/4478 4884/36/4474
f 4861/34/4472 4862/33/4471 4860/38/4476
f 4855/35/4473 4857/37/4475 4868/48/4486
f 4875/49/4487 4868/48/4486 4869/50/4488
f 4869/50/4488 4870/53/4491 4873/52/4490
f 4870/53/4491 4871/46/4484 4872/45/4483
f 4864/54/4492 4855/35/4473 4880/55/4493
f 4879/56/4494 4880/55/4493 4881/57/4495
f 4878/58/4496 4881/57/4495 4882/59/4497
f 4877/60/4498 4882/59/4497 4883/43/4481
f 4867/41/4479 4866/40/4478 4855/35/4473
f 4866/40/4478 4859/39/4477 4860/38/4476
f 4886/32/4499 4888/172/5841 4892/33/4500
f 4885/35/4502 4896/40/4507 4914/36/4503
f 4891/34/4501 4892/33/4500 4890/38/4505
f 4885/35/4502 4887/37/4504 4898/48/4515
f 4905/49/4516 4898/48/4515 4899/50/4517
f 4899/50/4517 4900/53/4520 4903/52/4519
f 4900/53/4520 4901/46/4513 4902/45/4512
f 4894/54/4521 4885/35/4502 4910/55/4522
f 4909/56/4523 4910/55/4522 4911/57/4524
f 4908/58/4525 4911/57/4524 4912/59/4526
f 4907/60/4527 4912/59/4526 4913/43/4510
f 4897/41/4508 4896/40/4507 4885/35/4502
f 4896/40/4507 4889/39/4506 4890/38/4505
f 4916/32/4528 4918/172/5842 4922/33/4529
f 4915/35/4531 4926/40/4536 4944/36/4532
f 4921/34/4530 4922/33/4529 4920/38/4534
f 4915/35/4531 4917/37/4533 4928/48/4544
f 4935/49/4545 4928/48/4544 4929/50/4546
f 4929/50/4546 4930/53/4549 4933/52/4548
f 4930/53/4549 4931/46/4542 4932/45/4541
f 4924/54/4550 4915/35/4531 4940/55/4551
f 4939/56/4552 4940/55/4551 4941/57/4553
f 4938/58/4554 4941/57/4553 4942/59/4555
f 4937/60/4556 4942/59/4555 4943/43/4539
f 4927/41/4537 4926/40/4536 4915/35/4531
f 4926/40/4536 4919/39/4535 4920/38/4534
f 4948/139/4557 4946/181/4557 4945/140/4557
f 4947/141/4558 4949/182/4559 4951/142/4559
f 4951/142/4560 4949/182/5843 4950/143/4561
f 4953/145/4563 4956/149/4563 4958/146/4563
f 4960/148/4564 4955/183/5844 4953/145/4565
f 4956/149/4566 4957/184/4566 4959/150/4566
f 4962/151/4567 4961/185/5845 4964/152/4568
f 4963/154/4569 4961/185/5846 4962/151/4570
f 4964/152/4572 4965/186/4572 4967/156/4572
f 4968/157/4573 4963/154/5847 4969/155/4574
f 4982/159/4576 4974/187/4576 4973/160/4576
f 4971/162/4577 4972/188/5848 4979/163/4578
f 4978/164/4580 4979/163/5849 4980/165/4581
f 4977/166/4583 4980/165/4583 4981/167/4583
f 4981/167/4584 4982/159/4584 4975/161/4584
f 4986/139/4585 4984/181/4585 4983/140/4585
f 4985/141/4586 4987/182/4587 4989/142/4587
f 4989/142/4588 4987/182/5850 4988/143/4589
f 4991/145/4591 4994/149/4591 4996/146/4591
f 4998/148/4592 4993/183/5851 4991/145/4593
f 4994/149/4595 4995/184/4595 4997/150/4595
f 5000/151/4596 4999/185/4596 5002/152/4596
f 5001/154/4597 4999/185/5852 5000/151/4598
f 5002/152/4600 5003/186/4600 5005/156/4600
f 5006/157/4601 5001/154/5853 5007/155/4602
f 5020/159/4604 5012/187/4604 5011/160/4604
f 5009/162/4606 5010/188/5854 5017/163/4607
f 5016/164/4609 5017/163/5855 5018/165/4610
f 5015/166/4612 5018/165/4612 5019/167/4612
f 5019/167/4613 5020/159/4613 5013/161/4613
f 5024/139/4614 5022/181/5856 5021/140/4614
f 5023/141/4615 5025/182/4615 5027/142/4615
f 5027/142/4616 5025/182/5857 5026/143/4617
f 5029/145/4619 5032/149/4620 5034/146/4620
f 5036/148/4621 5031/183/4621 5029/145/4622
f 5032/149/4623 5033/184/4623 5035/150/4623
f 5038/151/4624 5037/185/4624 5040/152/4624
f 5039/154/4625 5037/185/5858 5038/151/4626
f 5040/152/4628 5041/186/4628 5043/156/4628
f 5044/157/4629 5039/154/5859 5045/155/4630
f 5058/159/4632 5050/187/4632 5049/160/4632
f 5047/162/4633 5048/188/5860 5055/163/4634
f 5054/164/4636 5055/163/5861 5056/165/4637
f 5053/166/4639 5056/165/4639 5057/167/4639
f 5057/167/4640 5058/159/4640 5051/161/4640
f 5062/139/4641 5060/181/4642 5059/140/4642
f 5061/141/4643 5063/182/4643 5065/142/4643
f 5065/142/4644 5063/182/5862 5064/143/4645
f 5067/145/4647 5070/149/4648 5072/146/4648
f 5074/148/4649 5069/183/4649 5067/145/4650
f 5070/149/4652 5071/184/4652 5073/150/4652
f 5076/151/4653 5075/185/4653 5078/152/4653
f 5077/154/4654 5075/185/5863 5076/151/4655
f 5078/152/4657 5079/186/4657 5081/156/4657
f 5082/157/4658 5077/154/5864 5083/155/4659
f 5096/159/4661 5088/187/4661 5087/160/4661
f 5085/162/4662 5086/188/5865 5093/163/4663
f 5092/164/4665 5093/163/5866 5094/165/4666
f 5091/166/4668 5094/165/4668 5095/167/4669
f 5095/167/4670 5096/159/4670 5089/161/4670
f 5100/139/4671 5098/181/4671 5097/140/4671
f 5099/141/4672 5101/182/4672 5103/142/4672
f 5103/142/4673 5101/182/5867 5102/143/4674
f 5105/145/4676 5108/149/4676 5110/146/4676
f 5112/148/4677 5107/183/4677 5105/145/4678
f 5108/149/4680 5109/184/4680 5111/150/4680
f 5114/151/4681 5113/185/4681 5116/152/4681
f 5115/154/4683 5113/185/5868 5114/151/4684
f 5116/152/4686 5117/186/4686 5119/156/4686
f 5120/157/4687 5115/154/5869 5121/155/4688
f 5134/159/4690 5126/187/4690 5125/160/4690
f 5123/162/4691 5124/188/5870 5131/163/4692
f 5130/164/4694 5131/163/5871 5132/165/4695
f 5129/166/4697 5132/165/4697 5133/167/4697
f 5133/167/4698 5134/159/4698 5127/161/4698
f 5138/139/4699 5136/181/4699 5135/140/4699
f 5137/141/4700 5139/182/4700 5141/142/4700
f 5141/142/4701 5139/182/5872 5140/143/4702
f 5143/145/4704 5146/149/4704 5148/146/4704
f 5150/148/4705 5145/183/5873 5143/145/4706
f 5146/149/4707 5147/184/4707 5149/150/4707
f 5152/151/4708 5151/185/4708 5154/152/4708
f 5153/154/4709 5151/185/5874 5152/151/4710
f 5154/152/4712 5155/186/4712 5157/156/4712
f 5158/157/4713 5153/154/5875 5159/155/4714
f 5172/159/4716 5164/187/4716 5163/160/4716
f 5161/162/4717 5162/188/5876 5169/163/4718
f 5168/164/4720 5169/163/5877 5170/165/4721
f 5167/166/4723 5170/165/4723 5171/167/4723
f 5171/167/4724 5172/159/4724 5165/161/4724
f 5176/139/4725 5174/181/4725 5173/140/4725
f 5175/141/4726 5177/182/4726 5179/142/4726
f 5179/142/4727 5177/182/5878 5178/143/4728
f 5181/145/4730 5184/149/4730 5186/146/4730
f 5188/148/4731 5183/183/5879 5181/145/4732
f 5184/149/4734 5185/184/4735 5187/150/4735
f 5190/151/4736 5189/185/4736 5192/152/4737
f 5191/154/4738 5189/185/5880 5190/151/4739
f 5192/152/4741 5193/186/4742 5195/156/4742
f 5196/157/4743 5191/154/5881 5197/155/4744
f 5210/159/4746 5202/187/4746 5201/160/4746
f 5199/162/4747 5200/188/5882 5207/163/4748
f 5206/164/4750 5207/163/5883 5208/165/4751
f 5205/166/4753 5208/165/4753 5209/167/4753
f 5209/167/4754 5210/159/4755 5203/161/4755
f 5214/139/4756 5212/181/4756 5211/140/4756
f 5213/141/4757 5215/182/4758 5217/142/4758
f 5217/142/4759 5215/182/5884 5216/143/4760
f 5219/145/4762 5222/149/5885 5224/146/4762
f 5226/148/4763 5221/183/4763 5219/145/4764
f 5222/149/4766 5223/184/4766 5225/150/4766
f 5228/151/4767 5227/185/4767 5230/152/4767
f 5229/154/4768 5227/185/5886 5228/151/4769
f 5230/152/4771 5231/186/4771 5233/156/4771
f 5234/157/4772 5229/154/5887 5235/155/4773
f 5248/159/4775 5240/187/4775 5239/160/4775
f 5237/162/4776 5238/188/5888 5245/163/4777
f 5244/164/4779 5245/163/5889 5246/165/4780
f 5243/166/4782 5246/165/4782 5247/167/4782
f 5247/167/4783 5248/159/5890 5241/161/4783
f 5252/139/4784 5250/181/4784 5249/140/4784
f 5251/141/4785 5253/182/4785 5255/142/4785
f 5255/142/4786 5253/182/5891 5254/143/4787
f 5257/145/4789 5260/149/4790 5262/146/4790
f 5264/148/4791 5259/183/5892 5257/145/4792
f 5260/149/4794 5261/184/4794 5263/150/4794
f 5266/151/4795 5265/185/4795 5268/152/4795
f 5267/154/4796 5265/185/5893 5266/151/4797
f 5268/152/4799 5269/186/4799 5271/156/4799
f 5272/157/4800 5267/154/5894 5273/155/4801
f 5286/159/4803 5278/187/4803 5277/160/4803
f 5275/162/4804 5276/188/5895 5283/163/4805
f 5282/164/4807 5283/163/5896 5284/165/4808
f 5281/166/4810 5284/165/4810 5285/167/4810
f 5285/167/4811 5286/159/4812 5279/161/4812
f 5290/139/4813 5288/181/4813 5287/140/4813
f 5289/141/4814 5291/182/4814 5293/142/4814
f 5293/142/4815 5291/182/5897 5292/143/4816
f 5295/145/4818 5298/149/4819 5300/146/4819
f 5302/148/4820 5297/183/5898 5295/145/4821
f 5298/149/4823 5299/184/4824 5301/150/4824
f 5304/151/4825 5303/185/4825 5306/152/4825
f 5305/154/4826 5303/185/5899 5304/151/4827
f 5306/152/4829 5307/186/4829 5309/156/4829
f 5310/157/4830 5305/154/5900 5311/155/4831
f 5324/159/4833 5316/187/4833 5315/160/4833
f 5313/162/4834 5314/188/5901 5321/163/4835
f 5320/164/4837 5321/163/5902 5322/165/4838
f 5319/166/4840 5322/165/4840 5323/167/4841
f 5323/167/4842 5324/159/5903 5317/161/4842
f 5328/139/4843 5326/181/4843 5325/140/4843
f 5327/141/4844 5329/182/4844 5331/142/4844
f 5331/142/4845 5329/182/5904 5330/143/4846
f 5333/145/4848 5336/149/4849 5338/146/4849
f 5340/148/4850 5335/183/5905 5333/145/4851
f 5336/149/4853 5337/184/4854 5339/150/4854
f 5342/151/4855 5341/185/4855 5344/152/4856
f 5343/154/4857 5341/185/5906 5342/151/4858
f 5344/152/4860 5345/186/4861 5347/156/4861
f 5348/157/4863 5343/154/5907 5349/155/4864
f 5362/159/4866 5354/187/4866 5353/160/4866
f 5351/162/4867 5352/188/5908 5359/163/4868
f 5358/164/4870 5359/163/5909 5360/165/4871
f 5357/166/4873 5360/165/4873 5361/167/4873
f 5361/167/4874 5362/159/4874 5355/161/4874
f 5366/139/4875 5364/181/4875 5363/140/4875
f 5365/141/4876 5367/182/4877 5369/142/4877
f 5369/142/4878 5367/182/5910 5368/143/4879
f 5371/145/4881 5374/149/4881 5376/146/4881
f 5378/148/4882 5373/183/5911 5371/145/4883
f 5374/149/4885 5375/184/4885 5377/150/4885
f 5380/151/4886 5379/185/4886 5382/152/4886
f 5381/154/4888 5379/185/5912 5380/151/4889
f 5382/152/4891 5383/186/4891 5385/156/4891
f 5386/157/4892 5381/154/5913 5387/155/4893
f 5400/159/4895 5392/187/4896 5391/160/4896
f 5389/162/4897 5390/188/5914 5397/163/4898
f 5396/164/4900 5397/163/5915 5398/165/4901
f 5395/166/4903 5398/165/5916 5399/167/4903
f 5399/167/4904 5400/159/4904 5393/161/4904
f 5404/139/4905 5402/181/4905 5401/140/4905
f 5403/141/4906 5405/182/4907 5407/142/4907
f 5407/142/4908 5405/182/5917 5406/143/4909
f 5409/145/4911 5412/149/4911 5414/146/4911
f 5416/148/4912 5411/183/5918 5409/145/4913
f 5412/149/4915 5413/184/4915 5415/150/4915
f 5418/151/4916 5417/185/4916 5420/152/4916
f 5419/154/4917 5417/185/5919 5418/151/4918
f 5420/152/4920 5421/186/4920 5423/156/4920
f 5424/157/4921 5419/154/5920 5425/155/4922
f 5438/159/4924 5430/187/4924 5429/160/4924
f 5427/162/4925 5428/188/5921 5435/163/4926
f 5434/164/4928 5435/163/5922 5436/165/4929
f 5433/166/4931 5436/165/4931 5437/167/4931
f 5437/167/4932 5438/159/4932 5431/161/4932
f 5442/139/4933 5440/181/4933 5439/140/4933
f 5441/141/4934 5443/182/4934 5445/142/4934
f 5445/142/4935 5443/182/5923 5444/143/4936
f 5447/145/4938 5450/149/4938 5452/146/4938
f 5454/148/4940 5449/183/4940 5447/145/4941
f 5450/149/4943 5451/184/4943 5453/150/4943
f 5456/151/4945 5455/185/4945 5458/152/4945
f 5457/154/4946 5455/185/5924 5456/151/4947
f 5458/152/4949 5459/186/4950 5461/156/4950
f 5462/157/4951 5457/154/5925 5463/155/4952
f 5476/159/4954 5468/187/4954 5467/160/4954
f 5465/162/4955 5466/188/5926 5473/163/4956
f 5472/164/4958 5473/163/5927 5474/165/4959
f 5471/166/4961 5474/165/4961 5475/167/4961
f 5475/167/4962 5476/159/4962 5469/161/4962
f 5480/139/4963 5478/181/4963 5477/140/4963
f 5479/141/4964 5481/182/4964 5483/142/4964
f 5483/142/4965 5481/182/5928 5482/143/4966
f 5485/145/4968 5488/149/4968 5490/146/4968
f 5492/148/4969 5487/183/5929 5485/145/4970
f 5488/149/4972 5489/184/4972 5491/150/4972
f 5494/151/4973 5493/185/4973 5496/152/4974
f 5495/154/4975 5493/185/5930 5494/151/4976
f 5496/152/4978 5497/186/4979 5499/156/4979
f 5500/157/4980 5495/154/5931 5501/155/4981
f 5514/159/4983 5506/187/4983 5505/160/4983
f 5503/162/4984 5504/188/5932 5511/163/4985
f 5510/164/4987 5511/163/5933 5512/165/4988
f 5509/166/4990 5512/165/4990 5513/167/4990
f 5513/167/4991 5514/159/4991 5507/161/4991
f 5518/139/4992 5516/181/4992 5515/140/4992
f 5517/141/4993 5519/182/4993 5521/142/4993
f 5521/142/4994 5519/182/5934 5520/143/4995
f 5523/145/4997 5526/149/4997 5528/146/4997
f 5530/148/4998 5525/183/5935 5523/145/4999
f 5526/149/5001 5527/184/5002 5529/150/5002
f 5532/151/5003 5531/185/5003 5534/152/5003
f 5533/154/5004 5531/185/5936 5532/151/5005
f 5534/152/5007 5535/186/5008 5537/156/5008
f 5538/157/5009 5533/154/5937 5539/155/5010
f 5552/159/5012 5544/187/5012 5543/160/5012
f 5541/162/5013 5542/188/5938 5549/163/5014
f 5548/164/5016 5549/163/5939 5550/165/5017
f 5547/166/5019 5550/165/5019 5551/167/5019
f 5551/167/5020 5552/159/5940 5545/161/5020
f 5556/139/5022 5554/181/5022 5553/140/5022
f 5555/141/5023 5557/182/5941 5559/142/5023
f 5559/142/5024 5557/182/5942 5558/143/5025
f 5561/145/5027 5564/149/5027 5566/146/5027
f 5568/148/5028 5563/183/5943 5561/145/5029
f 5564/149/5031 5565/184/5031 5567/150/5031
f 5570/151/5032 5569/185/5032 5572/152/5033
f 5571/154/5034 5569/185/5944 5570/151/5035
f 5572/152/5037 5573/186/5037 5575/156/5037
f 5576/157/5038 5571/154/5945 5577/155/5039
f 5590/159/5041 5582/187/5041 5581/160/5041
f 5579/162/5042 5580/188/5946 5587/163/5043
f 5586/164/5045 5587/163/5947 5588/165/5046
f 5585/166/5048 5588/165/5048 5589/167/5048
f 5589/167/5049 5590/159/5049 5583/161/5049
f 5594/139/5050 5592/181/5050 5591/140/5050
f 5593/141/5051 5595/182/5051 5597/142/5051
f 5597/142/5052 5595/182/5948 5596/143/5053
f 5599/145/5055 5602/149/5055 5604/146/5055
f 5606/148/5056 5601/183/5056 5599/145/5057
f 5602/149/5059 5603/184/5060 5605/150/5060
f 5608/151/5061 5607/185/5061 5610/152/5061
f 5609/154/5062 5607/185/5949 5608/151/5063
f 5610/152/5065 5611/186/5065 5613/156/5065
f 5614/157/5066 5609/154/5950 5615/155/5067
f 5628/159/5069 5620/187/5069 5619/160/5069
f 5617/162/5070 5618/188/5951 5625/163/5071
f 5624/164/5073 5625/163/5952 5626/165/5074
f 5623/166/5076 5626/165/5076 5627/167/5076
f 5627/167/5077 5628/159/5077 5621/161/5077
f 5632/139/5078 5630/181/5078 5629/140/5078
f 5631/141/5079 5633/182/5079 5635/142/5079
f 5635/142/5080 5633/182/5953 5634/143/5081
f 5637/145/5083 5640/149/5084 5642/146/5084
f 5644/148/5085 5639/183/5954 5637/145/5086
f 5640/149/5088 5641/184/5088 5643/150/5088
f 5646/151/5089 5645/185/5089 5648/152/5089
f 5647/154/5090 5645/185/5955 5646/151/5091
f 5648/152/5093 5649/186/5093 5651/156/5093
f 5652/157/5094 5647/154/5956 5653/155/5095
f 5666/159/5097 5658/187/5097 5657/160/5097
f 5655/162/5098 5656/188/5957 5663/163/5099
f 5662/164/5101 5663/163/5958 5664/165/5102
f 5661/166/5104 5664/165/5104 5665/167/5105
f 5665/167/5106 5666/159/5107 5659/161/5107
f 5670/139/5108 5668/181/5108 5667/140/5108
f 5669/141/5109 5671/182/5959 5673/142/5110
f 5673/142/5111 5671/182/5960 5672/143/5112
f 5675/145/5114 5678/149/5114 5680/146/5114
f 5682/148/5115 5677/183/5961 5675/145/5116
f 5678/149/5117 5679/184/5118 5681/150/5118
f 5684/151/5119 5683/185/5119 5686/152/5119
f 5685/154/5120 5683/185/5962 5684/151/5121
f 5686/152/5123 5687/186/5123 5689/156/5123
f 5690/157/5124 5685/154/5963 5691/155/5125
f 5704/159/5127 5696/187/5127 5695/160/5127
f 5693/162/5128 5694/188/5964 5701/163/5129
f 5700/164/5131 5701/163/5965 5702/165/5132
f 5699/166/5134 5702/165/5966 5703/167/5134
f 5703/167/5135 5704/159/5135 5697/161/5135
f 5708/139/5136 5706/181/5136 5705/140/5136
f 5707/141/5137 5709/182/5138 5711/142/5138
f 5711/142/5139 5709/182/5967 5710/143/5140
f 5713/145/5142 5716/149/5142 5718/146/5142
f 5720/148/5143 5715/183/5968 5713/145/5144
f 5716/149/5146 5717/184/5146 5719/150/5146
f 5722/151/5147 5721/185/5147 5724/152/5147
f 5723/154/5148 5721/185/5969 5722/151/5149
f 5724/152/5151 5725/186/5152 5727/156/5152
f 5728/157/5153 5723/154/5970 5729/155/5154
f 5742/159/5156 5734/187/5157 5733/160/5157
f 5731/162/5158 5732/188/5971 5739/163/5159
f 5738/164/5161 5739/163/5972 5740/165/5162
f 5737/166/5164 5740/165/5164 5741/167/5164
f 5741/167/5165 5742/159/5165 5735/161/5165
f 5746/139/5166 5744/181/5166 5743/140/5166
f 5745/141/5167 5747/182/5167 5749/142/5167
f 5749/142/5168 5747/182/5973 5748/143/5169
f 5751/145/5171 5754/149/5171 5756/146/5171
f 5758/148/5172 5753/183/5974 5751/145/5173
f 5754/149/5175 5755/184/5176 5757/150/5176
f 5760/151/5177 5759/185/5177 5762/152/5177
f 5761/154/5178 5759/185/5975 5760/151/5179
f 5762/152/5181 5763/186/5181 5765/156/5181
f 5766/157/5182 5761/154/5976 5767/155/5183
f 5780/159/5185 5772/187/5185 5771/160/5185
f 5769/162/5186 5770/188/5977 5777/163/5187
f 5776/164/5189 5777/163/5978 5778/165/5190
f 5775/166/5192 5778/165/5192 5779/167/5192
f 5779/167/5193 5780/159/5193 5773/161/5193
f 5784/139/5194 5782/181/5194 5781/140/5194
f 5783/141/5196 5785/182/5196 5787/142/5196
f 5787/142/5197 5785/182/5979 5786/143/5198
f 5789/145/5200 5792/149/5200 5794/146/5200
f 5796/148/5201 5791/183/5980 5789/145/5202
f 5792/149/5204 5793/184/5205 5795/150/5205
f 5798/151/5206 5797/185/5206 5800/152/5206
f 5799/154/5207 5797/185/5981 5798/151/5208
f 5800/152/5210 5801/186/5211 5803/156/5211
f 5804/157/5212 5799/154/5982 5805/155/5213
f 5818/159/5215 5810/187/5215 5809/160/5215
f 5807/162/5216 5808/188/5983 5815/163/5217
f 5814/164/5219 5815/163/5984 5816/165/5220
f 5813/166/5222 5816/165/5222 5817/167/5222
f 5817/167/5223 5818/159/5223 5811/161/5223
f 5822/139/5224 5820/181/5224 5819/140/5224
f 5821/141/5225 5823/182/5225 5825/142/5225
f 5825/142/5226 5823/182/5985 5824/143/5227
f 5827/145/5229 5830/149/5229 5832/146/5229
f 5834/148/5230 5829/183/5230 5827/145/5231
f 5830/149/5232 5831/184/5233 5833/150/5233
f 5836/151/5234 5835/185/5234 5838/152/5234
f 5837/154/5235 5835/185/5986 5836/151/5236
f 5838/152/5238 5839/186/5238 5841/156/5238
f 5842/157/5239 5837/154/5987 5843/155/5240
f 5856/159/5242 5848/187/5242 5847/160/5242
f 5845/162/5243 5846/188/5988 5853/163/5244
f 5852/164/5246 5853/163/5989 5854/165/5247
f 5851/166/5249 5854/165/5249 5855/167/5249
f 5855/167/5250 5856/159/5250 5849/161/5250
f 5860/139/5251 5858/181/5251 5857/140/5251
f 5859/141/5252 5861/182/5990 5863/142/5252
f 5863/142/5253 5861/182/5991 5862/143/5254
f 5865/145/5256 5868/149/5256 5870/146/5256
f 5872/148/5257 5867/183/5992 5865/145/5258
f 5868/149/5260 5869/184/5260 5871/150/5260
f 5874/151/5261 5873/185/5261 5876/152/5262
f 5875/154/5263 5873/185/5993 5874/151/5264
f 5876/152/5266 5877/186/5267 5879/156/5267
f 5880/157/5268 5875/154/5994 5881/155/5269
f 5894/159/5271 5886/187/5271 5885/160/5271
f 5883/162/5272 5884/188/5995 5891/163/5273
f 5890/164/5275 5891/163/5996 5892/165/5276
f 5889/166/5278 5892/165/5997 5893/167/5278
f 5893/167/5279 5894/159/5279 5887/161/5279
f 5898/139/5280 5896/181/5280 5895/140/5280
f 5897/141/5281 5899/182/5282 5901/142/5282
f 5901/142/5283 5899/182/5998 5900/143/5284
f 5903/145/5286 5906/149/5286 5908/146/5286
f 5910/148/5287 5905/183/5999 5903/145/5288
f 5906/149/5290 5907/184/5291 5909/150/5291
f 5912/151/5292 5911/185/5292 5914/152/5292
f 5913/154/5293 5911/185/6000 5912/151/5294
f 5914/152/5296 5915/186/5296 5917/156/5296
f 5918/157/5297 5913/154/6001 5919/155/5298
f 5932/159/5300 5924/187/5301 5923/160/5301
f 5921/162/5302 5922/188/6002 5929/163/5303
f 5928/164/5305 5929/163/6003 5930/165/5306
f 5927/166/5308 5930/165/5308 5931/167/5308
f 5931/167/5309 5932/159/5309 5925/161/5309
f 5936/139/5310 5934/181/5310 5933/140/5310
f 5935/141/5311 5937/182/5312 5939/142/5312
f 5939/142/5313 5937/182/6004 5938/143/5314
f 5941/145/5316 5944/149/5316 5946/146/5316
f 5948/148/5318 5943/183/6005 5941/145/5319
f 5944/149/5321 5945/184/5321 5947/150/5321
f 5950/151/5322 5949/185/5322 5952/152/5323
f 5951/154/5324 5949/185/6006 5950/151/5325
f 5952/152/5327 5953/186/5327 5955/156/5327
f 5956/157/5328 5951/154/6007 5957/155/5329
f 5970/159/5331 5962/187/5331 5961/160/5331
f 5959/162/5332 5960/188/6008 5967/163/5333
f 5966/164/5335 5967/163/6009 5968/165/5336
f 5965/166/5338 5968/165/5338 5969/167/5338
f 5969/167/5339 5970/159/5339 5963/161/5339
f 5974/139/5340 5972/181/5340 5971/140/5340
f 5973/141/5341 5975/182/5341 5977/142/5341
f 5977/142/5342 5975/182/6010 5976/143/5343
f 5979/145/5345 5982/149/5345 5984/146/5345
f 5986/148/5346 5981/183/6011 5979/145/5347
f 5982/149/5349 5983/184/6012 5985/150/5350
f 5988/151/5351 5987/185/5351 5990/152/5351
f 5989/154/5352 5987/185/6013 5988/151/5353
f 5990/152/5355 5991/186/5355 5993/156/5355
f 5994/157/5356 5989/154/6014 5995/155/5357
f 6008/159/5359 6000/187/6015 5999/160/5359
f 5997/162/5360 5998/188/6016 6005/163/5361
f 6004/164/5363 6005/163/6017 6006/165/5364
f 6003/166/5366 6006/165/5366 6007/167/5366
f 6007/167/5367 6008/159/5367 6001/161/5367
f 6012/139/5368 6010/181/5368 6009/140/5368
f 6011/141/5369 6013/182/5370 6015/142/5370
f 6015/142/5371 6013/182/6018 6014/143/5372
f 6017/145/5374 6020/149/5374 6022/146/5374
f 6024/148/5375 6019/183/6019 6017/145/5376
f 6020/149/5378 6021/184/5378 6023/150/5378
f 6026/151/5379 6025/185/5379 6028/152/5380
f 6027/154/5381 6025/185/6020 6026/151/5382
f 6028/152/5384 6029/186/5385 6031/156/5385
f 6032/157/5386 6027/154/6021 6033/155/5387
f 6046/159/5389 6038/187/5389 6037/160/5389
f 6035/162/5390 6036/188/6022 6043/163/5391
f 6042/164/5393 6043/163/6023 6044/165/5394
f 6041/166/5396 6044/165/5396 6045/167/5396
f 6045/167/5397 6046/159/5397 6039/161/5397
f 6050/139/5398 6048/181/5398 6047/140/5398
f 6049/141/5399 6051/182/6024 6053/142/5400
f 6053/142/5401 6051/182/6025 6052/143/5402
f 6055/145/5404 6058/149/5404 6060/146/5404
f 6062/148/5405 6057/183/5405 6055/145/5406
f 6058/149/5408 6059/184/5408 6061/150/5408
f 6064/151/5410 6063/185/5410 6066/152/5410
f 6065/154/5411 6063/185/6026 6064/151/5412
f 6066/152/5414 6067/186/5414 6069/156/5414
f 6070/157/5415 6065/154/6027 6071/155/5416
f 6084/159/5418 6076/187/5418 6075/160/5418
f 6073/162/5419 6074/188/6028 6081/163/5420
f 6080/164/5422 6081/163/6029 6082/165/5423
f 6079/166/5425 6082/165/5425 6083/167/5426
f 6083/167/5427 6084/159/5427 6077/161/5427
f 6088/139/5429 6086/181/5429 6085/140/5429
f 6087/141/5430 6089/182/6030 6091/142/5430
f 6091/142/5431 6089/182/6031 6090/143/5432
f 6093/145/5434 6096/149/5434 6098/146/5434
f 6100/148/5436 6095/183/6032 6093/145/5437
f 6096/149/5439 6097/184/5439 6099/150/5439
f 6102/151/5440 6101/185/5440 6104/152/5440
f 6103/154/5441 6101/185/6033 6102/151/5442
f 6104/152/5444 6105/186/5445 6107/156/5445
f 6108/157/5446 6103/154/6034 6109/155/5447
f 6122/159/5449 6114/187/5449 6113/160/5449
f 6111/162/5450 6112/188/6035 6119/163/5451
f 6118/164/5453 6119/163/6036 6120/165/5454
f 6117/166/5456 6120/165/5456 6121/167/5456
f 6121/167/5457 6122/159/5457 6115/161/5457
f 6123/145/5458 6126/149/5459 6128/146/5459
f 6130/148/5460 6125/183/6037 6123/145/5461
f 6126/149/5463 6127/184/5463 6129/150/5463
f 6132/151/5464 6131/185/5464 6134/152/5464
f 6133/154/5465 6131/185/6038 6132/151/5466
f 6134/152/5468 6135/186/5468 6137/156/5468
f 6138/157/5469 6133/154/6039 6139/155/5470
f 6152/159/5472 6144/187/5472 6143/160/5472
f 6141/162/5473 6142/188/6040 6149/163/5474
f 6148/164/5476 6149/163/6041 6150/165/5477
f 6147/166/5479 6150/165/5479 6151/167/5479
f 6151/167/5480 6152/159/5480 6145/161/5480
l 6153 6154
